00000000  FF 10 81 57 45 53 59 53 43 04 01 00 C4 CE 10 00  |...WESYSC.......|
00000010  78 DA EC 7D 0D 70 1B C7 95 E6 10 A0 FE 25 5B 8E  |x..}.p.......%[.|
00000020  2D E5 C7 4E 76 B2 52 6C C5 B2 1C 29 76 7E 7C 4E  |-..Nv.Rl...)v~|N|
00000030  72 1A 02 43 62 04 60 86 9A 01 28 53 E5 EC 25 29  |r..Cb.`...(S..%)|
00000040  F9 EC 5B 27 1B C7 9B 73 72 59 67 43 02 92 48 88  |..['...srYgC..H.|
00000050  A2 44 8A A4 28 91 14 49 F0 4F A2 48 89 90 48 99  |.D..(..I.O.H..H.|
00000060  12 45 FD C4 A0 1C EF 9E 8F 87 F3 A6 62 5F 6A 37  |.E..........b_j7|
00000070  71 16 1C 10 BC F3 5E F6 B6 EE AE 76 AB B6 6A AF  |q.....^....v..j.|
00000080  BB 67 40 82 0A E5 35 A7 1F 8A 1D 61 5A 45 61 4C  |.g@...5....aZEaL|
00000090  68 9E 5F BF 7E FD CD 37 AF 5F BF FE 4A 9D 93 C3  |h._.~..7._..J...|
000000A0  AD 80 5B 7C FB 24 F7 2F FF C2 0D E2 3B 9F 09 73  |..[|.$./....;..s|
000000B0  DC AA 8A 7D DC DF 15 72 5C F4 D0 BD E8 37 C9 50  |...}...r\....7.P|
000000C0  57 32 D4 93 0C 0F 24 C3 FD C9 F0 70 32 1C B1 F0  |W2....$....p2...|
000000D0  3F E0 24 D5 27 C8 6E 81 A3 6B 86 14 4A 21 DC E4  |?.$.'.n..k..J!..|
000000E0  C9 C9 E8 64 EB 64 FD E4 A9 C9 46 74 5D 6F 55 17  |...d.d....Ft]oU.|
000000F0  11 40 19 48 BB 88 94 52 26 62 20 CA 80 34 29 A7  |.@.H...R&b ..4).|
00000100  AA C0 F8 11 92 02 AA ED 74 F5 05 3D D6 A8 1F 88  |........t..=....|
00000110  DD F5 F6 5F 5C 4B 9C 48 74 26 5A 13 75 89 53 89  |..._\K.Ht&Z.u.S.|
00000120  46 74 3D 64 B1 47 22 C8 A0 83 DB 19 02 45 9E 36  |Ft=d.G"......E.6|
00000130  B1 DF 61 15 FB 5F C7 D8 BF 1F 61 FF 3A 84 FD 2F  |..a.._....a.:../|
00000140  2E E3 B8 6E 82 FD FA E1 66 00 F8 37 7D 89 77 8B  |...n....f..7}.w.|
00000150  3E 5E 56 D4 80 35 9C 42 77 BA E9 E7 ED E4 B1 C9  |>^V..5.Bw.......|
00000160  0E 84 FE 4D 18 F7 79 CB 0F 02 DC 0B 8F A8 CA 3C  |...M..y........<|
00000170  D5 F0 C1 D8 C5 C4 7E DE 1D C4 42 AC 1A C7 1B DC  |......~...B.....|
00000180  2B 96 F3 6C 3C 01 66 ED A2 50 98 25 C7 7E 24 4B  |+..l<.f..P.%.~$K|
00000190  2A A8 B6 68 A6 31 03 FF B7 F9 E5 92 42 66 22 9A  |*..h.1......Bf".|
000001A0  68 4A 1C 43 3F 9D 08 FD EB 12 43 BC A5 87 81 AC  |hJ.C?.....C.....|
000001B0  A0 6E 6C 63 ED 09 00 83 22 DF AE 36 B0 DF 69 15  |.nlc...."..6..i.|
000001C0  FB 13 18 FB 3B 11 F6 7F A2 62 DF CE CD 2B E6 78  |....;....b...+.x|
000001D0  FF 95 64 08 E1 7D 38 19 AE B6 8E FD A2 E6 52 5C  |..d..}8.......R\|
000001E0  12 2D A0 68 5E 25 10 A0 1E BB C9 EE C9 96 C9 FE  |.-.h^%..........|
000001F0  C9 1E EB 9C 9F E8 E2 52 E8 55 01 B2 4B 3C E2 52  |.......R.U..K<.R|
00000200  34 8D 9E F7 23 FB C6 AB CA 59 60 7B C8 2E F1 06  |4...#....Y`{....|
00000210  7A C3 DC 71 EC 3C 00 8E 84 86 0E 54 DB 74 CD D1  |z..q.<.....T.t..|
00000220  54 E7 38 1B BC 1F F5 6D AF C4 06 ED E7 12 67 12  |T.8....m......g.|
00000230  ED 89 2E 5A E6 4F C6 9C 39 E6 0F 83 22 DB 97 19  |...Z.O..9..."...|
00000240  8C BF D0 C2 BD EB 30 F6 FF 2D C6 FE 09 84 FD 9F  |......0..-......|
00000250  AA D8 57 B1 62 96 F7 27 43 7D C9 D0 E9 64 78 1C  |..W.b..'C}...dx.|
00000260  F3 FE D0 98 45 ED 4A 04 9F A8 51 5B 6A 0F 88 14  |....E.J...Q[j...|
00000270  C4 FA 7B 11 D1 6F A5 C3 7E 18 5D 60 EC 52 2A 94  |..{..o..~.]`.R*.|
00000280  6B 88 A2 F1 48 1A 85 38 72 B7 CA C6 9C 28 15 E2  |k...H..8r....(..|
00000290  B5 99 2E 01 18 28 27 63 87 A4 80 6A AB 9F A9 C4  |.....('c...j....|
000002A0  A4 BF 7B 80 01 FB D3 79 12 30 F6 77 27 CE 21 E4  |..{....y.0.w'.!.|
000002B0  1F 4C 44 97 7E CC D9 F4 C4 1F 1E 32 18 FF 32 AB  |.LD.~......2..2.|
000002C0  D8 7F 02 63 FF 76 84 FD DB 11 EF 4F 16 CE 61 7F  |...c.v.....O..a.|
000002D0  0F E6 FA A1 18 5D BC 5F 2E F1 09 01 51 55 A9 B8  |.....]._....QU..|
000002E0  84 88 A5 50 3F B9 11 EE 37 A0 3F 94 D8 0F A3 0B  |...P?...7.?.....|
000002F0  8C 5D 04 24 45 C4 52 A8 A8 FF 44 4C 2E 99 88 F9  |.].$E.R...DL....|
00000300  90 1C 71 C9 E7 04 8C 5D 72 3B 76 48 0A A8 B6 E9  |..q....]r;vH....|
00000310  9A 0B CC F0 7E D4 23 8F E4 CB D9 00 2C 0E FB 31  |....~.#.....,..1|
00000320  DF 6F 40 E8 6F 39 D6 6F 8E 96 C8 5E C0 1F C6 13  |.o@.o9.o...^....|
00000330  5F AB 32 B0 7F B9 D5 98 CF 9B 18 FB EB 10 F6 DF  |_.2.............|
00000340  57 B1 EF E6 CA E5 B3 D8 1F 3E 45 22 FD D5 C9 D0  |W........>E"....|
00000350  20 BA B0 CA E3 14 35 10 2C 99 25 4A 4B 2A 65 B2  | .....5.,.%JK*e.|
00000360  93 C4 FB 7B D0 DF 0D D6 F9 3F 4B 3D 82 93 22 7A  |...{.....?K=.."z|
00000370  27 62 7B 59 E0 FD 20 3D CA B9 BD 40 E5 A5 EB A3  |'b{Y.. =...@....|
00000380  E9 BA FD D3 91 93 8C D8 5F C1 E4 5F 61 80 F7 77  |........_.._a..w|
00000390  24 DA 13 9D 89 2E C4 FF 1B D0 73 C0 E2 33 20 B7  |$.........s..3 .|
000003A0  1E B5 B4 9E D8 5D 60 C4 7C 56 58 C5 FE 77 31 F6  |.....]`.|VX..w1.|
000003B0  C7 F0 5A EF CE 7D 15 7D 2B E6 78 FF 95 64 B8 C5  |..Z..}.}+.x..d..|
000003C0  60 FF 14 CF 37 0D BD 17 D7 53 C7 FB 4B 05 59 12  |`...7....S..K.Y.|
000003D0  65 5A DE 7F 72 B2 1B E1 3F 5E DE A5 60 FE 48 17  |eZ..r...?^..`.H.|
000003E0  49 A6 1E 7B 18 BB 60 29 25 32 40 BC 1F D9 97 89  |I..{..`)%2@.....|
000003F0  70 3F E9 91 EC C9 95 2A 30 7E 84 74 04 D5 36 DD  |p?.....*0~.t..6.|
00000400  7B 63 FA E8 39 36 B0 9F 38 14 2B F1 FE 13 89 28  |{c..96..8.+....(|
00000410  C2 7F CC FE 29 98 3F 1E A2 5D 22 C7 58 83 41 91  |....).?..]".X.A.|
00000420  C3 66 86 CF 4A AB D8 DF 89 B1 7F 27 C2 FE 8D 15  |.f..J......'....|
00000430  FB 2A 96 CD 61 7F B8 C9 8C F6 84 AE 58 D7 AE 58  |.*..a.......X..X|
00000440  15 64 FA A5 3B 2C C5 AB 4A 5E BA 21 34 D9 3E 65  |.d..;,..J^.!4.>e|
00000450  CC 87 F4 88 DA 97 E0 EC 02 A3 8B C6 C8 7C C7 BA  |.............|..|
00000460  C4 AB 84 1C 4A F7 AA A2 E4 F2 50 4A 01 D5 36 35  |....J.....PJ..65|
00000470  DC A4 B7 5E 63 C7 FE 2E 46 16 7B 13 3D 88 F5 63  |...^c...F.{.=..c|
00000480  E4 EF A3 C1 7E 13 3B 76 79 99 C2 7E 98 99 5B 60  |....~.;vy..~..[`|
00000490  62 FF 2A AB D8 7F 08 63 FF 03 46 7E 7F C5 C3 E8  |b.*....c..F~....|
000004A0  11 D2 65 62 FF 49 B2 CA 7B 3E 19 1E B7 AE 5D 51  |..eb.I..{>....]Q|
000004B0  3C E2 2B 91 5C 94 CE 54 24 22 21 F4 BC FF D8 64  |<.+.\..T$"!....d|
000004C0  13 42 FE 06 84 FD 1D 94 BA 04 FD 94 BA 00 DA 65  |.B.............e|
000004D0  77 50 A4 96 12 AF 9A 88 79 59 98 F1 30 76 C9 AD  |wP......yY..0v..|
000004E0  1F 21 29 A0 DA A6 86 1A F5 EA FE 54 F3 6B 2C D8  |.!)........T.k,.|
000004F0  1F 5B 88 81 78 0F C1 FE FA 44 13 59 EB 6D A0 C1  |.[..x....D.Y.m..|
00000500  7E D2 A3 78 0D 63 BC 1F 06 45 62 66 CC 67 B5 85  |~..x.c...Ebf.g..|
00000510  7B C9 5A EF 4D 8C FD 15 46 8E 67 45 55 56 9E CF  |{.Z.M...F.gEUV..|
00000520  D9 CC 2A 6F 85 75 ED 3C 0A 44 D2 38 92 02 B1 D6  |..*o.u.<.D.8....|
00000530  DB 41 58 3F E5 DE 2E 59 C4 89 B9 58 1D 9A 75 7A  |.AX?...Y...X..uz|
00000540  92 21 22 6A 7C 91 B0 4B D1 28 A4 94 6B DB 8A 04  |.!"j|..K.(..k...|
00000550  0D C4 BA 4C 90 3D 18 7F B9 E3 D8 49 A2 5B A4 DE  |...L.=.....I.[..|
00000560  0F 27 8B 6E 50 6D D3 B5 A3 6C 2C F4 A2 A6 B0 B3  |.'.nPm...l,.....|
00000570  B5 8B 23 B1 9E 46 92 DF 9F C9 F3 1C B0 34 5A 0C  |..#..F.......4Z.|
00000580  EE EE 82 41 91 FE 16 63 47 EF 1A AB BC FF AF F1  |...A...cG.......|
00000590  FD 97 8D 1C CF 9D 5D F3 E2 FD A1 1E AA 80 0F 6A  |......]........j|
000005A0  5A 50 DA 4B EF 4A 9A CB B3 47 94 68 D7 22 09 EB  |ZP.K.J...G.h."..|
000005B0  C7 DC 9F 2A C3 5F DB 23 05 F6 52 7B 13 90 5D 82  |...*._.#..R{..].|
000005C0  12 7D 7A 3F 8E F7 97 4D C4 E2 55 0C A4 F9 A0 1E  |.}z?...M..U.....|
000005D0  C5 6B 73 17 F3 81 F1 23 64 75 50 6D A7 EB DB D9  |.ks....#duPm....|
000005E0  48 F0 C4 3D 2A 93 F6 22 EF 66 02 FD 13 67 C8 CE  |H..=*..".f...g..|
000005F0  AE 93 89 3E 84 FC 9D 56 B9 FF 5E 34 5F 35 E6 D0  |...>...V..^4_5..|
00000600  1F 06 45 FE CC 8C F9 AC B5 70 EF 17 31 F6 9F C7  |..E......p..1...|
00000610  D8 FF AC 99 DF BF 6C 79 76 8E 67 E8 46 32 7C 36  |......lyv.g.F2|6|
00000620  19 EA B2 AE 9D 14 10 7C F4 E1 43 22 05 62 AD B7  |.......|..C".b..|
00000630  87 3E BF 1F EB 52 CE 81 F4 08 C8 2E F4 D8 8F BB  |.>...R..........|
00000640  C4 06 D9 93 02 F1 4A 5F CE E2 CD 30 7E 84 A4 80  |......J_...0~...|
00000650  6A 9B DA 7F 54 EF 39 AD 57 F7 33 61 7F C1 27 B1  |j...T.9.W.3a..'.|
00000660  B3 D6 DB 65 3D BF 67 5E 8F 98 8B F9 C0 A0 C8 45  |...e=.g^.......E|
00000670  33 BF 7F 9D 55 DE DF 88 B1 7F 8B 51 D3 A1 E2 91  |3...U......Q....|
00000680  AC B5 DE 4A BC B7 2B 34 4C A5 9D 2A 96 C6 5B 8A  |...J..+4L..*..[.|
00000690  7C 92 4B E0 5D 1E D1 6A 64 34 B0 4B 74 79 A9 27  ||.K.]..jd4.Kty.'|
000006A0  2D 42 FE 6E C4 FA 4F D3 61 BF 6B AF E8 F2 F0 A8  |-B.n..O.a.k.....|
000006B0  5F 41 DC AD A5 B5 8B 1A 8F 10 35 76 07 45 3E E0  |_A........5v.E>.|
000006C0  F2 C4 AB 2D C5 FE E3 55 A2 97 77 05 FD 9E A0 3A  |...-...U..w....:|
000006D0  11 2B 17 03 13 4B 18 7F 80 B1 CB 1D FD 48 C3 42  |.+...K.......H.B|
000006E0  3D 94 9E 84 3C E0 77 B5 0D 58 57 37 85 63 3E 8C  |=...<.w..XW7.c>.|
000006F0  80 13 F1 6B D3 FE A2 6B 69 1F 02 89 D3 88 F5 F7  |...k...ki.......|
00000700  D2 21 3F 1E F3 5D 78 C8 F1 C8 67 66 AD B8 F4 EB  |.!?..]x...gf....|
00000710  BE 30 28 72 C0 E4 FD F7 58 B8 F7 71 8C FD 3D 18  |.0(r....X..q..=.|
00000720  FB 3D 08 FB 1F 41 D8 AF CF ED ED 0A 47 48 82 E7  |.=...A......GH..|
00000730  7E AA 3E 0A 3E D1 2F C8 B4 4C 22 50 AE 79 E9 5F  |~.>.>./..L"P.y._|
00000740  DA 26 1B 10 F2 47 27 DB E8 B2 3C 4B 44 15 F5 88  |.&...G'...<KD...|
00000750  F6 99 0D 63 17 BC 09 D3 4F 9D E5 29 F8 FC AC A4  |...c....O..)....|
00000760  78 9A 76 C9 55 92 A7 5B 0C 62 F8 A7 74 A5 92 D9  |x.v.U..[.b..t...|
00000770  4D D0 30 DA EA D7 47 99 C9 F3 31 BC 9B 0D E6 9F  |M.0...G...1.....|
00000780  68 20 B1 FE 36 BA 2C 4F 77 50 0A 68 CC C5 FB 61  |h ..6.,OwP.h...a|
00000790  50 A4 DC C4 FE 7B 2D DC 7B 3F C6 FE E3 18 FB 1F  |P....{-.{?......|
000007A0  33 72 3C 6F CE 64 61 7F 15 59 E8 6D C7 65 1D 42  |3r<o.da..Y.m.e.B|
000007B0  56 1F BD 6E 49 16 FC 82 4A C9 20 DC 82 8C 84 D0  |V..nI...J. .....|
000007C0  3E AD 27 1B 69 73 FB 0D FC 80 D0 05 CC 2E 22 BD  |>.'.is........".|
000007D0  32 48 CA 44 0C 8B 61 60 C6 C3 D8 E5 8E D2 E3 FB  |2H.D..a`........|
000007E0  01 0C E6 9E 7D 6D 80 D1 76 EA F2 95 99 B1 3E 36  |....}m..v.....>6|
000007F0  30 09 F9 82 94 3B FB 2F 12 FB 1B 69 73 FB CD D1  |0....;./...is...|
00000800  22 43 2E CA 1C 43 0D 06 45 F6 9A D8 BF DE C2 BD  |"C...C..E.......|
00000810  0F 60 EC 9F C0 D8 5F 6D E6 F9 2C CF DA D7 7B 84  |.`...._m..,...{.|
00000820  E4 78 9A 55 7D 2C 6A 27 2B 6A 50 2C A1 F5 24 24  |.x.U},j'+jP,..$$|
00000830  A5 84 7E 21 12 E1 3E DE D7 7B 6C B2 99 E4 79 D6  |..~!..>..{l...y.|
00000840  5B D6 65 8F 40 1D AA 03 B3 4B 59 BC 9A D6 34 58  |[.e.@....KY...4X|
00000850  8A 18 AF 62 62 4E C0 D8 E5 83 C6 4E 2C A1 45 01  |...bbN.....N,.E.|
00000860  79 76 5F 2F 8C B6 A9 C3 67 F5 33 95 1C 2B F6 2F  |yv_/....g.3..+./|
00000870  13 4B 18 E1 FD A7 C8 BE 5E BC DE 4B 91 E5 89 EB  |.K......^..K....|
00000880  78 02 0C 7A 0E 3C 91 1E 45 C2 66 BC FF 3E 0B F7  |x..z.<..E.f..>..|
00000890  92 1C CF 5F 62 EC 1F 31 F2 FB 6F AE 5E 3E 2F CF  |..._b..1..o.^>/.|
000008A0  67 B6 9C 5B 95 C5 DD BD 5A 50 04 D8 2A A2 95 89  |g..[....ZP..*...|
000008B0  AA 44 8D FE 93 DD A4 9A 5B 33 4D 86 27 5E A1 17  |.D......[3M.'^..|
000008C0  DD F4 8E 04 64 97 60 BC DA 0D 92 E7 C3 0A F6 A3  |....d.`.........|
000008D0  1E 45 72 B7 B7 88 E4 F9 50 8F 1E F2 00 50 6D 71  |.Er.....P....Pmq|
000008E0  9E CF 81 CB 6C 60 12 F2 04 96 EA 78 62 DC EF A3  |....l`.....xb...|
000008F0  63 FE 7B 41 E6 2B B8 9D 41 B4 1A A8 35 B0 FF 23  |c.{A.+..A...5..#|
00000900  16 EE BD 17 63 7F 3B C6 FE AF 98 D8 1F 59 3E 5B  |....c.;......Y>[|
00000910  C3 39 DC 94 0C 75 93 B0 0F 45 2D B7 62 49 C6 B1  |.9...u...E-.bI..|
00000920  36 4A 77 32 A5 D0 62 7F 1F C2 FC 53 B4 19 FE 30  |6Jw2..b....S...0|
00000930  BA 80 DA 85 12 FD 8B 27 62 44 CC 44 6C E9 83 FE  |.......'bD.Dl...|
00000940  B8 47 F1 10 B5 61 EE 2C 1D 60 F0 8A 67 77 E3 C3  |.G...a.,.`..gw..|
00000950  68 9B 3E 34 C8 4C 7E 3F 8C 5F 02 61 7F 0F 42 FD  |h.>4.L~?._.a..B.|
00000960  53 89 D6 C4 10 4D 0D 67 98 F9 9A 23 3B 53 4A 39  |S....M.g...#;SJ9|
00000970  6F EE ED BA DF C2 BD 24 CF E7 0D 8C FD 87 CD B3  |o......$........|
00000980  5B DE 27 F1 FE 75 9C 59 CB 6D 9C 0A F8 39 5C B3  |[.'..u.Y.m...9\.|
00000990  C8 A7 D0 2F 1D 21 29 00 8F 6E 52 CB AD 75 B2 9F  |.../.!)..nR..u..|
000009A0  2E E6 5F AA 40 B8 12 98 5D 14 FA 7A 3E 44 17 46  |.._.@...]..z>D.F|
000009B0  D6 7A 91 2E F1 86 9C AD 35 C2 F8 11 92 92 A5 6D  |.z......5......m|
000009C0  23 B5 B6 A9 E1 2E 66 B0 1F C6 2F 81 B0 1F D7 72  |#.....f.../....r|
000009D0  C3 FB 7A CF 24 EA 96 7A CC 73 60 67 00 14 79 CA  |..z.$..z.s`g..y.|
000009E0  3C B7 EB 01 AB D8 FF 73 8C FD 67 16 C8 EF BF 92  |<......s..g.....|
000009F0  0C 9F 4B 86 EB 92 A1 73 D6 53 FC 45 CD A7 94 09  |..K....s.S.E....|
00000A00  BB 83 74 EE 44 84 50 27 79 4E 76 23 E4 EF 98 3C  |..t.D.P'yNv#...<|
00000A10  86 78 7F 8B 75 F4 37 75 A1 9C 1E 80 76 41 42 E8  |.x..u.7u....vAB.|
00000A20  D0 DF E8 11 2B B5 DC 90 32 F1 4A 5A C3 DC B9 A7  |....+...2.JZ....|
00000A30  7B 04 AF 28 D1 C6 45 BC A0 DA A6 8E 0F A5 46 5A  |{..(..E.......FZ|
00000A40  A7 C6 EB 18 C8 F4 24 BE E0 72 79 58 80 FF 44 14  |......$..ryX..D.|
00000A50  21 7F 7B E2 58 A2 2E D1 62 3D EE 63 8C B9 C4 58  |!.{.X...b=.c...X|
00000A60  39 37 18 14 F9 D3 C3 06 F6 6F B0 8A FD FB 31 F6  |97.......o....1.|
00000A70  AF 34 6B B9 AD 58 3E AF A6 C3 38 79 02 54 5B DF  |.4k..X>...8y.T[.|
00000A80  E1 25 04 B5 80 4A 7F 3E D5 71 0D 97 14 A7 2C E6  |.%...J.>.q....,.|
00000A90  86 30 BF 17 E1 7F CF 64 94 86 F7 C3 F4 08 4A 0A  |.0.....d......J.|
00000AA0  12 E2 F2 50 BA B5 50 86 94 09 AA 4C 80 7F BC 12  |...P..P....L....|
00000AB0  C4 30 1F EC 47 94 C5 DC 90 D5 41 B5 D5 7B 7B F5  |.0..G.....A..{{.|
00000AC0  B6 18 1B 7B BB 84 5C 9A 7F B1 D8 5F 87 70 3F 9A  |...{..\...._.p?.|
00000AD0  E8 B2 BE A7 17 37 45 41 63 2E B3 56 CC 0D C6 CE  |.....7EAc..V....|
00000AE0  D7 CD 78 FF 46 0B F7 92 78 FF 19 8C FD A5 59 E7  |..x.F...x.....Y.|
00000AF0  F5 66 6A B9 1D 25 45 3C 07 31 F0 5B CE F3 F1 04  |.fj..%E<.1.[....|
00000B00  E5 12 35 5E 4B D9 49 24 44 54 A9 5F DC C8 4A 6F  |..5^K.I$DT._..Jo|
00000B10  03 A9 E6 49 81 FE B8 47 82 4A BB 44 0F 63 17 8F  |...I...G.J.D.c..|
00000B20  82 A4 50 6F EC F5 0B 2E 41 9D 88 69 01 61 E9 DF  |..Po....A..i.a..|
00000B30  8D 89 5D 72 86 3D 64 E8 64 00 1D 41 B5 D5 0F 57  |..]r.=d.d..A...W|
00000B40  4F 47 4E B2 81 FD A8 43 1E 91 11 F0 27 2B BD F8  |OGN....C....'+..|
00000B50  F4 16 2A EC C7 73 44 50 59 E3 FD 30 28 F2 CF 26  |..*..sDPY..0(..&|
00000B60  F6 7F D4 2A EF FF 05 C6 FE C1 AC 3C 9F E8 BC 98  |...*.......<....|
00000B70  CF C9 64 B8 86 32 E6 23 D2 46 10 4D 21 50 31 9F  |..d..2.#.F.M!P1.|
00000B80  26 9A 88 3F 48 87 00 ED 12 8F C8 00 31 1F 51 66  |&..?H.......1.Qf|
00000B90  29 E6 13 C9 51 C8 19 BF FF D3 FB 91 56 26 CF D3  |)...Q.......V&..|
00000BA0  F6 10 A5 B6 46 CC 27 75 BC 4A 8F 8D 4F 8D B5 2C  |....F.'u.J..O..,|
00000BB0  79 2C 42 64 65 6F 57 26 E6 D3 44 93 E5 6F F6 88  |y,BdeoW&..D..o..|
00000BC0  B1 AA 0E 30 76 FE CF 66 7E FF C7 2C DC 7B 1F C6  |...0v..f~..,.{..|
00000BD0  FE 3A 8C FD BC 59 C3 F9 F4 8A 59 DE 1F 1A C2 D8  |.:...Y....Y.....|
00000BE0  1F EA 22 C5 1D AC 62 BF 4B 55 04 FA 2C 38 2F 92  |.."...b.KU..,8/.|
00000BF0  12 A0 AF E9 D0 82 F8 7E 07 62 FD 54 B5 DC 5C 44  |.......~.b.T..\D|
00000C00  17 DA 1E C1 D8 C5 D0 85 96 D1 78 24 B5 4C 08 B0  |..........x$.L..|
00000C10  41 FC 51 8F E2 95 39 4B F2 84 F1 23 A4 23 A8 B6  |A.Q...9K...#.#..|
00000C20  FA 81 9A E9 6B CD 7A 5B 6C A9 81 DF F4 28 56 92  |....k.z[l....(V.|
00000C30  3C 13 BD 66 7E 7F 5D A2 CB 3A F6 1B 63 CE 5A 41  |<..f~.]..:..c.ZA|
00000C40  1F 18 14 D9 70 D4 E0 FD 9F B0 CA FB FF 12 63 7F  |....p.........c.|
00000C50  23 C2 FE 4D 08 FB 9F 2F 9C 8B F9 0C 90 3C 9F 76  |#..M.../.....<.v|
00000C60  2A DE AF 06 FD 82 4C 1D DB 40 52 E2 FB E9 79 7F  |*.....L..@R...y.|
00000C70  94 44 7D 28 6B 3A A8 0A C4 A6 77 20 BB 28 58 0C  |.D}(k:....w .(X.|
00000C80  2D F8 93 1E 31 92 E7 83 74 C9 19 EB 87 F2 23 64  |-...1...t.....#d|
00000C90  F5 2C 6D 0F 51 6B 8B 80 7F A6 7F 90 01 D2 0F E6  |.,m.Qk..........|
00000CA0  DD 40 D8 DF 99 E8 4E B4 25 06 E8 F6 F6 AA 8A E8  |.@....N.%.......|
00000CB0  67 8F F7 C3 D8 79 87 99 E7 F3 A0 55 EC 3F 82 B1  |g....y.....U.?..|
00000CC0  FF 21 23 DE BF 73 D2 39 B7 AF F7 38 D9 D7 3B 48  |.!#..s.9...8..;H|
00000CD0  55 CA B3 28 E8 C3 D1 36 DA 33 4A 0C 29 B4 D8 7F  |U..(...6.3J.)...|
00000CE0  8C 60 7F 2B 5D C4 1F B4 47 40 76 81 90 C2 06 EF  |.`.+]...G@v.....|
00000CF0  C7 BA C4 2B 73 15 70 86 F1 23 24 05 54 DB A9 1B  |...+s.p..#$.T...|
00000D00  A7 F4 43 9D 7A 75 3F 03 D8 0F E3 97 40 D8 5F 4F  |..C.zu?.....@._O|
00000D10  72 3C 1B 68 2A 38 CF F6 88 B1 78 3F 8C 9D FF DA  |r<.h*8....x?....|
00000D20  DC D7 FB 90 55 EC EF C3 D8 EF CB 3A B3 31 13 EF  |....U......:.1..|
00000D30  3F 4F 50 7F 34 19 EE B6 AE 5D 89 0A B1 7F 15 49  |?OP.4....].....I|
00000D40  81 A8 E5 D6 64 9E DD D2 4D A9 8B 48 7F DA 1A 94  |....d...M..H....|
00000D50  5D E2 D5 F4 BA 94 07 65 5C D1 87 89 B5 5E D4 A3  |]......e\....^..|
00000D60  1C EE EB C5 0B E3 2E 8F 48 B9 AD A6 64 F6 A0 03  |........H...d...|
00000D70  18 6D F5 CB 87 D3 07 0E B1 81 49 30 7E 09 84 FD  |.m........I0~...|
00000D80  78 95 97 7A 5F 2F 1E 73 AF C8 DA FE 2E 18 14 79  |x..z_/.s.......y|
00000D90  31 E2 34 71 7C F1 8D E4 F9 BC 8A B1 FF 1F 43 46  |1.4q|.........CF|
00000DA0  CC 27 95 55 CB AD 9A F0 7E BA 1A CE 81 A0 BA 3B  |.'.U....~......;|
00000DB0  48 1D DB 40 52 BC 92 18 A0 B4 D4 64 0F E1 FD 51  |H..@R......d...Q|
00000DC0  9A EC 7E 43 17 91 BA 12 07 98 5D A8 B3 FB 91 94  |..~C......].....|
00000DD0  78 9B EA C5 D5 9B 19 98 13 46 8F 72 05 3E A4 A7  |x........F.r.>..|
00000DE0  B4 E9 FD 58 47 50 6D F5 B6 8E 74 C5 B0 7E E0 35  |...XGPm...t..~.5|
00000DF0  36 EC CF 46 72 3F C6 FE AE 44 37 42 7F 4A EC 27  |6..Fr?...D7B.J.'|
00000E00  D8 C1 DC 61 ED 30 28 72 C6 3C B7 EB 53 56 79 FF  |...a.0(r.<..SVy.|
00000E10  AF F0 FD E3 46 2D B7 9B E9 B9 78 3F 2E E6 33 84  |....F-....x?..3.|
00000E20  F7 F5 E2 4A CE 56 69 49 D0 A5 02 C4 B5 82 5E 55  |...J.ViI......^U|
00000E30  90 64 5A 29 04 F9 F1 7A 2F 55 BC DF D0 85 D6 97  |.dZ)...z/U......|
00000E40  20 ED 22 02 48 29 97 D9 98 EF C8 2E F1 50 CE 02  | .".H).......P..|
00000E50  CE 60 F6 02 D5 76 EA CA 61 FD 40 0D 1B 5B 7B B1  |.`...v..a.@..[{.|
00000E60  5F 4A 8C F8 02 42 FE 16 72 5A 3B AE EC 60 79 67  |_J...B..rZ;..`yg|
00000E70  AF 22 A2 41 8F 1F 95 D9 42 7F 18 4F AC 34 63 3E  |.".A....B..O.4c>|
00000E80  7F 60 95 F7 BF 85 B1 FF C4 BC 9A 0E 06 EF 3F 87  |.`............?.|
00000E90  03 3E 34 87 76 71 78 75 4D 03 98 C8 6A B9 06 50  |.>4.vqxuM...j..P|
00000EA0  82 1B A1 7E FF 64 37 6D 0D 67 D4 23 80 2E 01 D9  |...~.d7m.g.#....|
00000EB0  05 EB 22 02 48 61 64 A5 17 9F 46 D3 02 61 DE 0F  |..".Had...F..a..|
00000EC0  B0 17 BD 1F 21 29 A0 DA 4E DD D8 3F 7D AD 39 75  |....!)..N..?}.9u|
00000ED0  7C 88 05 FB 07 73 68 FE C5 62 7F 67 A2 3D 11 45  ||....sh..b.g.=.E|
00000EE0  7F A8 78 3F EA 11 83 F5 7C 60 EC 7C BC 6A 05 F9  |..x?....|`.|.j..|
00000EF0  E4 AD 62 FF 09 7C B5 BD 92 C4 FB B9 49 07 E6 FD  |..b..|......I...|
00000F00  6B 09 F6 77 91 FC FE 30 55 D8 C7 2F A8 6A 50 74  |k..w...0U../.jPt|
00000F10  29 74 C7 89 23 29 8A CB AB D0 F2 FE 36 B2 C6 DB  |)t..#)......6...|
00000F20  81 B8 7F 07 85 2E 0A D2 C5 45 AB 0B A0 5D A8 FD  |.........E...]..|
00000F30  B0 98 F6 B0 77 C0 86 ED A2 D0 9A E5 03 ED E5 F5  |....w...........|
00000F40  02 8C 1D A8 B6 A9 FA FE D4 48 AB DE D0 CB 86 FD  |.........H......|
00000F50  01 BC 1B 08 FB DB C8 2A 6F 3B 62 FF 2D 89 F6 A5  |.......*o;b.-...|
00000F60  1D 73 70 3B 83 A0 C8 03 47 0D EC FF B4 D5 98 0F  |.sp;....G.......|
00000F70  A9 1E FB 52 A5 91 DF FF F0 4A CC FB 0D EC AF 4C  |...R.....J.....L|
00000F80  86 7B 49 82 E7 65 EB EC 3F 10 6F 91 45 DA C3 B1  |.{I..e..?.o.E...|
00000F90  B9 40 50 96 34 88 33 1B 7B 27 4F 4D 36 D3 71 7F  |.@P.4.3.{'OM6.q.|
00000FA0  43 17 DA 47 36 A8 5D E8 A5 04 59 41 7F A4 4B BC  |C..G6.]...YA..K.|
00000FB0  36 67 CC 13 49 17 E9 FD 28 30 BB AF 17 46 DB E9  |6g..I...(0...F..|
00000FC0  B3 95 7A 6C 9C 0D DE 0F E3 DD 40 D8 8F E3 FD 38  |..zl......@....8|
00000FD0  BF 33 4A 3F E6 AC E5 F7 C3 D8 F9 0F 4D EC FF 43  |.3J?........M..C|
00000FE0  AB BC FF FB F8 2A 5D C1 71 F7 61 EC 27 79 3E 04  |.....*].q.a.'y>.|
00000FF0  FB 43 67 30 EA 87 9B 93 E1 6A EB DA 89 25 52 69  |.Cg0.....j...%Ri|
00001000  80 FA A1 2B 96 94 97 06 E8 CF 6A AF 47 98 DF 80  |...+......j.G...|
00001010  F0 BF 93 AC FA 76 53 E8 C2 D1 F7 08 C2 2E F1 08  |.....vS.........|
00001020  31 0C 2D 07 41 5E A8 32 32 27 60 EC 72 47 7B ED  |1.-.A^.22'`.rG{.|
00001030  87 70 24 E4 01 73 DA 02 28 AB 77 84 F5 A3 87 98  |.p$..s..(.w.....|
00001040  B1 7F 20 C0 08 49 36 CF 6C E9 40 9F 5D B4 D8 C1  |.. ..I6.l.@.]...|
00001050  18 ED 07 42 91 CF 55 1B D8 BF C9 2A F6 77 E2 AB  |...B..U....*.w..|
00001060  9D 88 F7 3F 56 B1 6F E7 54 E1 5C CC E7 10 5E E5  |...?V.o.T.\...^.|
00001070  C5 A4 FF B4 F5 14 7F 59 2A 01 28 0F 02 23 85 AC  |.......Y*.(..#..|
00001080  F0 36 20 DE 4F 55 CB 8D A5 1E 01 49 99 88 ED 12  |.6 .OU.....I....|
00001090  D9 28 E5 86 7B 14 8F E4 2C BF 1C C8 5E B3 27 75  |.(..{...,...^.'u|
000010A0  C1 68 8B 49 7F 73 2F 1B F9 FD 30 16 02 C2 7E CC  |.h.I.s/...0...~.|
000010B0  F9 8D 33 7B 29 22 FE 2C F5 08 5A AB 87 4C DE BF  |..3{)".,..Z..L..|
000010C0  D9 2A F6 EF C3 57 6F 1A BC FF E6 CA E5 B3 31 9F  |.*...Wo.......1.|
000010D0  D0 40 32 1C CD EC EE B5 1A F2 77 09 7E 51 8D B7  |.@2.......w.~Q..|
000010E0  50 32 2D 2F 96 12 A4 E6 FD 2D 88 F9 B7 91 F3 DA  |P2-/.....-......|
000010F0  71 C6 CF 29 8A 1E 29 0A 6D 5D 00 10 BB 18 BA 04  |q..)..).m]......|
00001100  99 B0 2E 4C 73 E1 F3 6F E3 4D 62 6E 62 50 30 3D  |...Ls..o.MbnbP0=|
00001110  75 F9 55 50 6D F5 E3 15 33 63 7D 33 2D 07 D9 B0  |u.UPm...3c}3-...|
00001120  3F 33 BE 90 68 49 D4 25 DA 08 F6 77 27 4E 51 8D  |?3..hI.%...w'NQ.|
00001130  B9 C2 5A 09 7F 18 14 F9 94 89 FD 9F B1 70 2F 89  |..Z..........p/.|
00001140  F7 9F C7 57 CF 22 DE 5F 88 78 FF 77 96 65 B0 5F  |...W."._.x.w.e._|
00001150  AF 6D 26 C5 7C 9A 08 E9 1F B0 A8 9D 16 74 C7 2B  |.m&.|........t.+|
00001160  8B 55 89 EE F0 67 AD DC 2D 20 21 94 87 89 93 F3  |.U...g..- !.....|
00001170  7A 49 2D 1F 1E 3D 04 FA 08 FD 6F 99 6C 5E AC 2E  |zI-..=....o.l^..|
00001180  4A 30 E0 E1 05 CA 3E C1 D8 05 6B B1 3B 28 F2 EE  |J0....>...k.;(..|
00001190  20 8F 04 5A 95 52 12 6F 93 C5 72 DC A5 89 D8 52  | ..Z.R.o..r....R|
000011A0  9F D7 6E 1A 85 77 2B A8 47 3E 68 E9 5A BC 0D C0  |..n..w+.G>h.Z...|
000011B0  91 F6 0A C5 A0 DA A2 99 36 73 AA 9D 0D 4C 42 6E  |........6s...LBn|
000011C0  24 50 BB 25 14 F6 9F 4F 1C C7 67 F6 6E 43 8F 80  |$P.%...O..g.nC..|
000011D0  1E 42 FE 5B C8 E1 ED 51 F2 39 C4 93 9D 5F D1 44  |.B.[...Q.9..._.D|
000011E0  C7 E3 1F 3C 5A 41 C9 BD 0D 00 3D 80 ED 0C 82 22  |...<ZA....=...."|
000011F0  A5 66 CC E7 61 AB BC BF 0F 5F F9 8C 3C 9F 8A 83  |.f..a...._..<...|
00001200  CB 67 63 3E A1 AB C9 70 2D A9 E9 30 40 D1 47 51  |.gc>...p-..0@.GQ|
00001210  16 4B 04 DA 49 0C 23 65 B2 9B 54 F0 6C 22 35 1D  |.K..I.#e..T.l"5.|
00001220  5A 17 0D FA 0C F6 48 8B 47 E4 78 84 56 0E 8C 2E  |Z.....H.G.x.V...|
00001230  40 73 22 A7 BA 80 8D 1D A8 3C 3D DA AE 1F 3C 80  |@s"......<=...<.|
00001240  CB 3A C4 1A EF 6E FB 2F 12 FB A3 A4 82 67 13 A9  |.:...n./.....g..|
00001250  EA D0 7A 37 F4 08 5A AB 6B B5 06 F6 3F 62 95 F7  |..z7..Z.k...?b..|
00001260  DF 43 EA F9 98 FB 7A 9F C3 F5 FB 0F 1B D8 DF 45  |.C....z........E|
00001270  62 3E 98 F4 EB 75 D5 E9 E8 41 BD F5 DA A2 FF 0F  |b>...u...A......|
00001280  A2 16 10 DC 8A C6 07 65 C9 6D 3D 17 2E A8 41 3C  |.......e.m=...A<|
00001290  B3 27 9B 11 F2 F7 93 A8 0F 7E 02 74 F3 E6 21 8E  |.'.......~.t..!.|
000012A0  27 D1 CB 40 13 FA BB E9 43 2D FF C2 E8 02 63 97  |'..@....C-....c.|
000012B0  78 24 20 04 B4 6D 38 67 80 42 97 A2 89 98 EA 13  |x$ ..m8g.B......|
000012C0  6F B5 23 D6 CF BB C5 32 9F 18 F0 89 4B B5 F6 0B  |o.#....2....K...|
000012D0  63 97 DC 8E DD 9C 14 18 6D A7 AF 1F B1 32 B5 72  |c.......m....2.r|
000012E0  83 49 C8 A1 24 DC 9F 80 B4 E4 BA 20 EC A7 3A AD  |.I..$...... ..:.|
000012F0  D1 68 65 A2 2A CA 52 89 5B E4 71 DF 58 89 FD 60  |.he.*.R.[.q.X..`|
00001300  0B 8B 6E 43 25 EB 6E 1E E4 96 93 CF 2D 56 B1 FF  |..nC%.n.....-V..|
00001310  1F F1 D5 DF 57 CE ED EB CD E4 78 46 C9 69 8D A3  |....W.....xF.i..|
00001320  74 F9 FD F1 C8 33 12 7D 36 BC F8 8C 44 9F A2 4B  |t....3.}6...D..K|
00001330  50 BF 9D 04 7A 3A E8 74 A1 4F 80 86 B3 CB EE 20  |P...z:.t.O..... |
00001340  75 9E 8F E8 D5 96 3E DA 03 69 97 DC FA 11 92 02  |u.....>..i......|
00001350  AA AD DE 75 26 DD 7B 83 91 FC 7E 51 D3 24 76 F2  |...u&.{...~Q.$v.|
00001360  FB 9B 12 2D 64 6F 57 8B F5 67 00 CC 7C CD 85 27  |...-doW..g..|..'|
00001370  D2 6B F5 EA 21 83 F7 7F D6 6A CC E7 FF E0 AB 74  |.k..!....j.....t|
00001380  16 F6 67 72 3C 2F 27 C3 DD B8 86 33 CE F6 B1 1A  |..gr</'....3....|
00001390  F6 D9 25 F8 05 FA E8 21 8C 14 44 EF 8F 93 D5 DE  |..%....!..D.....|
000013A0  FA C9 B3 78 DD F7 F7 BF 47 58 4A FC 28 2D FA 63  |...x....GXJ.(-.c|
000013B0  29 AC 60 3F 8C 5D 3E 50 BA 17 C0 EA A0 DA 4E 47  |).`?.]>P......NG|
000013C0  4E 4E 5D 89 E9 87 3A 19 B0 7F 89 94 D3 01 58 1C  |NN]...:.......X.|
000013D0  F6 0F 91 DD 5D 27 69 90 3F D7 1E B5 B4 5A FD 85  |....]'i.?....Z..|
000013E0  19 F3 79 D4 2A EF 7F 0F 5F DD AC 9C 3B B7 2B 93  |..y.*..._...;.+.|
000013F0  E7 33 8C 8F EE 0A DD A0 5A EB 75 29 E8 B5 86 A7  |.3......Z.u)....|
00001400  5D 3C 82 91 82 F9 3E 39 AF B7 9E 37 D7 79 EB 7F  |]<....>9...7.y..|
00001410  CF 7B 04 23 C5 6B 48 61 02 FE 61 7A 94 63 AB AB  |.{.#.kHa..az.c..|
00001420  12 A8 3C C4 F8 53 C7 87 D2 D7 AF CF 5C 3D B2 D4  |..<..S......\=..|
00001430  4F 80 DC DA 7F 91 D8 DF 42 6A 3A 74 25 EA B6 65  |O.......Bj:t%..e|
00001440  56 7A 7F CF 7B 04 AD D5 FF 33 B1 7F AB 55 DE FF  |Vz..{....3...U..|
00001450  0F F8 6A AA 92 C4 FB 77 16 2E 9F 8D F7 87 5B C9  |..j....w......[.|
00001460  79 BD 97 C9 EE DE 7E F4 1C B0 A2 9D 47 91 DD 41  |y.....~.....G..A|
00001470  95 B6 68 00 8C 14 84 FC A7 26 1B CD 5A 9E F5 4B  |..h......&..Z..K|
00001480  AB CB DD 27 05 A6 E5 56 17 20 7B CD 56 87 81 91  |...'...V. {.V...|
00001490  97 1A 39 3B 13 BE 96 AA 89 30 B0 B5 97 25 5F 48  |..9;.....0...%_H|
000014A0  34 20 EC 3F 95 68 24 D5 3C EB AC EE EE 65 A9 47  |4 .?.h$.<....e.G|
000014B0  D0 5A B9 0A 8C 78 FF 63 56 B1 7F 0B 39 AB 3D 64  |.Z...x.cV...9.=d|
000014C0  EC EB ED 5D 31 97 E7 33 4C EA F9 A0 BF 1B 28 CE  |...]1..3L.....(.|
000014D0  6C 54 7C 8A BF 88 76 13 03 8C 14 C2 FB F1 89 BD  |lT|...v.........|
000014E0  6D 93 C7 AC EF EE 62 A9 47 A6 14 CA 80 BF 97 48  |m.....b.G......H|
000014F0  99 88 B1 B0 BB 0B F5 28 DE 48 6F 98 3B F7 34 88  |.......(.Ho.;.4.|
00001500  ED 25 D3 EA 08 AA 2D E2 FD 53 E3 7D A9 A1 46 16  |.%....-..S.}..F.|
00001510  CE 6C 04 F1 4B 40 DE DF 4A CE EE AA B7 BE BB 8B  |.l..K@..J.......|
00001520  A5 1E 41 6B F5 75 B3 96 DB 36 0B F7 7E 0C 63 FF  |..Ak.u...6..~.c.|
00001530  66 8C FD 1E 23 CF E7 E6 9B CE 39 DE 7F 9C D0 FD  |f...#.....9.....|
00001540  CB 54 39 9E 45 E8 D9 26 51 27 58 19 52 00 CE ED  |.T9.E..&Q'X.R...|
00001550  C2 F5 9B 8F 23 DC 6F B5 8E FD 48 97 BD 50 3D A2  |....#.o...H..P=.|
00001560  97 12 8F D0 8B 29 52 C5 BD 13 31 1F 13 1B 7B 61  |.....)R...1...{a|
00001570  EC 92 5B 3F 42 52 40 B5 D5 47 47 D2 BD 37 D8 C0  |..[?BR@..GG..7..|
00001580  24 A3 47 6C 94 40 40 88 8F F9 7E 33 C2 FD 56 8A  |$.Gl.@@...~3..V.|
00001590  73 BB C8 7C 65 AD A0 0F 0C 8A 44 4C DE FF B8 55  |s..|e.....DL...U|
000015A0  DE FF 38 C6 FE 67 43 64 6F D7 CD 33 2B E6 F2 7C  |..8..gCdo..3+..||
000015B0  5A 8C 4D BD 54 DA 95 E2 DD AB D4 96 42 52 82 F4  |Z.M.T.......BR..|
000015C0  F6 9E EC CC EC E9 5D 7A 5D 80 EC 12 8F CC 1D 1E  |......]z].......|
000015D0  BB C4 3D 82 69 30 76 C9 F9 D8 81 CA 9B 3E 7D 62  |..=.i0v......>}b|
000015E0  E6 62 25 3B F6 3F C9 88 2F 90 4A 3E 9D 89 EE BB  |.b%;.?../.J>....|
000015F0  C7 BB A1 B5 DA 68 62 FF E7 AC 62 FF C3 E4 CC 46  |.....hb...b....F|
00001600  03 FB B9 B5 59 F1 FE CA 64 F8 2C F5 BB 8D 07 82  |....Y...d.,.....|
00001610  45 C0 48 99 3C 4D 18 7F F3 DD D3 23 2C 85 3E 0F  |E.H.<M.....#,.>.|
00001620  1B 67 F6 FB 26 62 4C CC 09 18 BB E4 DA EA 3E 50  |.g..&bL.......>P|
00001630  79 A9 93 63 7A 75 3F 23 B1 08 56 48 3F C6 FE D3  |y..czu?#..VH?...|
00001640  06 E3 67 61 8E B0 E9 89 BF 36 F3 FB B7 5B C5 FE  |..ga.....6...[..|
00001650  C7 30 F6 3F 13 FA DD FC FE 7A 12 F3 89 E1 4D 5E  |.0.?.....z....M^|
00001660  A1 1E AB CF 37 41 15 4A 82 02 E5 E9 64 30 52 10  |....7A.J....d0R.|
00001670  EF AF 27 51 9F 06 B2 DE 5B 6F ED 29 C0 52 8F 58  |..'Q....[o.).R.X|
00001680  92 02 C4 87 0C 5D A4 9C 4A A7 B5 97 5A 0E AA AD  |.....]..J...Z...|
00001690  3E 3A 92 AA 89 E8 6D E7 D8 B1 3F 13 BE 80 78 7F  |>:....m...?...x.|
000016A0  1D 89 FA 34 24 8E E1 5C CF DF FF 1E 41 6B D5 69  |...4$..\....Ak.i|
000016B0  C6 FB 77 58 C5 FE ED 18 FB BF 11 22 35 1D 6E FE  |..wX......."5.n.|
000016C0  31 CE EF 37 F7 F5 F6 91 F3 7A E9 B0 3F A8 06 01  |1..7.....z..?...|
000016D0  0C 0F 23 C5 CC F0 C1 7F 53 A0 3F 4B 3D 62 49 0A  |..#.....S.?K=bI.|
000016E0  4C 33 74 91 72 2A 9D DE 5E E5 A0 DA 4E 5D 39 CC  |L3t.r*..^...N]9.|
000016F0  0C F6 B3 E4 0B 24 BF A7 9B 0E F9 D9 EA 11 B4 56  |.....$.........V|
00001700  43 B5 C6 99 8D 9F B7 70 EF 43 18 FB 79 8C FD 3B  |C......p.C..y..;|
00001710  31 F6 EF DC 57 B1 8C D4 EF 37 CE EB ED 22 D8 3F  |1...W....7...".?|
00001720  4E 52 7D 2A 2D 96 F2 14 D4 12 51 0E D0 9E 00 0A  |NR}*-.....Q.....|
00001730  23 85 B0 FE 06 52 D1 01 57 74 3B 65 8D F7 B3 D4  |#....R..Wt;e....|
00001740  A3 8C 14 91 52 CA 2E 41 0E 4C C4 58 D8 EE 0E 63  |....R..A.L.X...c|
00001750  97 7F 4D 3A DD 6A 2F 92 02 AA ED CC 89 1B A9 CE  |..M:.j/.........|
00001760  2B FA D5 D1 BB DE FE 8B C4 7E CC FA 1B 48 4D 9F  |+........~...HM.|
00001770  2E EB 67 F6 CE 8E 39 53 AB BD 30 76 7E C8 CC EF  |..g...9S..0v~...|
00001780  7F C2 2A EF 7F 14 63 7F 20 94 55 CB ED F0 EC D9  |..*...c. .U.....|
00001790  2D 43 E4 09 10 B1 9E EA 23 BA 82 82 5B A1 AD 0E  |-C......#...[...|
000017A0  03 23 05 A1 7E 8B C9 F7 71 96 7F F4 F7 BF 47 F1  |.#..~...q.....G.|
000017B0  C8 EE A0 10 10 83 74 72 44 6F 19 80 2E 30 4D DC  |......trDo...0M.|
000017C0  1D CC A1 2E 60 63 07 AA AD 7E 64 FF 74 43 9B DE  |....`c...~d.tC..|
000017D0  D3 C2 40 2D 37 18 0B 01 61 FF B9 44 0B E1 FC 8D  |..@-7...a..D....|
000017E0  89 F6 44 E7 DD D0 23 68 AD 7E 6B AE F5 3E 69 E1  |..D...#h.~k..>i.|
000017F0  5E B2 AF F7 13 E4 EE 0A 23 BF FF F4 EC BE DE 54  |^.......#......T|
00001800  73 6F AA 6D 90 B6 8F BB 84 D2 78 83 0C 20 45 A0  |so.m......x.. E.|
00001810  67 A5 38 AF 73 B2 73 B2 9F 9C E1 52 BF B4 BA 80  |g.8.s.s....R....|
00001820  D9 45 01 D1 45 91 19 39 AD 1D DB 25 AC E4 50 3A  |.E..E..9...%..P:|
00001830  C4 D8 95 CA A0 DA C2 CC 34 98 56 22 09 A5 C8 1B  |........4.V"....|
00001840  98 58 EF 4D 0C 25 3A C8 EE 2E AA B3 DA 61 C6 9C  |.X.M.%:......a..|
00001850  4D 4F 3C 68 AE F5 7E C1 C2 BD EB 48 CC 07 5F ED  |MO<h..~....H.._.|
00001860  AC 30 78 FF 8A 59 EC 9F E9 68 00 A8 2E E8 52 54  |.0x..Y...h....RT|
00001870  51 E0 DD A2 8F D7 28 D8 A9 56 EE F6 62 41 94 D8  |Q.....(..V..bA..|
00001880  9F 55 BF 1F BF 00 44 D1 8B C0 E2 1F 01 AA 58 1A  |.U....D.......X.|
00001890  2C F2 49 2E 5E 29 E6 AD 2B 05 63 17 24 25 1E A1  |,.I.^)..+.c.$%..|
000018A0  2D DF 9F A9 DF 8F 3B B3 E4 73 02 DB 45 CA 55 F9  |-.....;..s..E.U.|
000018B0  7E 52 BF 9F DE 91 BC B3 7C 0D 46 DB 99 8E 7E 66  |~R......|.F...~f|
000018C0  EA 78 66 FB A5 7B 89 75 C9 D4 E7 4F 74 27 EA 49  |.xf..{.u...Ot'.I|
000018D0  86 7F 4B A2 8E 27 1B BE F0 17 1F F6 71 40 EA F7  |..K..'......q@..|
000018E0  03 A0 07 B0 27 92 FA FD B4 6A BD 62 C6 7C BE 68  |....'....j.b.|.h|
000018F0  95 F7 DF 43 22 47 08 FB 39 84 FD 7F E5 C8 AC F5  |...C"G..9.......|
00001900  4E 5D 3E 07 81 FD 1E 88 D8 A1 17 24 00 89 00 1F  |N]>........$....|
00001910  47 F9 EB 59 E8 11 9C 14 7A BC 8E 57 B1 11 EB 87  |G..Y....z..W....|
00001920  B3 4B AE AD 2E 83 CA 83 99 69 40 16 62 23 D4 6F  |.K.......i@.b#.o|
00001930  60 7F 0B C2 FB 2E 9A 75 DE DC 7B D4 D2 6A F5 37  |`......u..{..j.7|
00001940  66 9E CF 97 2C DC 4B E2 FD 1B F1 D5 63 59 31 9F  |f...,.K.....cY1.|
00001950  4C 1D CF 1E 9C E3 19 1E A6 D2 4E 52 E3 95 F4 B8  |L.........NR....|
00001960  22 A9 10 AF 6D 08 F9 71 86 E7 29 16 74 61 C9 2E  |"...m..q..).ta..|
00001970  13 31 95 99 B7 62 64 97 DC 85 7C C0 C6 4E CE D2  |.1...bd...|..N..|
00001980  96 5E DE D4 F8 A1 54 5B 33 2B F6 67 27 40 82 90  |.^....T[3+.g'@..|
00001990  1F 67 78 9E BA 7B 7A 04 AD 55 93 89 FD 5F B6 CA  |.gx..{z..U..._..|
000019A0  FB BF 86 AF 5E 45 D8 BF AE 62 DF 4E D7 AA B9 3A  |....^E...b.N...:|
000019B0  9E 97 70 9A 27 3E AB BD 8B 3C 04 2C 55 F5 11 54  |..p.'>...<.,U..T|
000019C0  A1 08 BD 15 6B 42 D0 2D 05 2C 3F E8 C8 ED 44 14  |....kB.-.,?...D.|
000019D0  4D 82 C6 64 37 42 7E BC D6 DB 68 1C D6 C8 9B E9  |M..d7B~...h.....|
000019E0  FE 8B 2B EE 43 74 E1 8D 7E 59 D7 25 CB 2E F1 5A  |..+.Ct..~Y.%...Z|
000019F0  3A 29 22 92 A2 60 F3 5A 7D 03 D0 82 41 F7 44 8C  |:)"..`.Z}...A.D.|
00001A00  74 69 22 A6 05 96 74 AA 08 E8 99 08 E0 30 1F 34  |ti"...t......0.4|
00001A10  76 DB 68 1D 09 49 01 D5 36 75 F1 E4 74 E4 0A CE  |v.h..I..6u..t...|
00001A20  F6 A9 89 4C 8D 2F 6D 39 37 98 F9 0A 84 FD 51 84  |...L./m97.....Q.|
00001A30  FC DD 64 A5 F7 D8 DC 41 8D 46 CA FF B1 0F BD 08  |..d....A.F......|
00001A40  80 26 87 98 19 74 76 52 7D 60 50 E4 8D 88 81 FD  |.&...tvR}`P.....|
00001A50  4F 59 B8 F7 3E 8C FD 6E 9C E7 53 1D 32 62 3E 3F  |OY..>..n..S.2b>?|
00001A60  5B 39 87 FD 67 F1 29 ED A1 2B C9 70 35 C1 FE B3  |[9..g.)..+.p5...|
00001A70  96 B0 3F A8 05 54 C1 47 59 B4 28 23 85 AE 10 0B  |..?..T.GY.(#....|
00001A80  82 F9 5E 52 C3 39 4A CE 6C B4 B8 DE 0B DB 23 20  |..^R.9J.l.....# |
00001A90  BB D0 49 29 33 C4 B0 B0 DC 4B 7A 14 AF F4 E5 A6  |..I)3....Kz.....|
00001AA0  F6 16 8C 1F 21 29 A0 DA A6 AE 0F EB 3D A7 F5 EA  |....!)......=...|
00001AB0  7E 06 6A B9 C1 F8 25 10 F6 D7 11 CC EF 22 60 6F  |~.j...%......"`o|
00001AC0  B9 A2 4F A6 47 6C 15 F4 81 B1 73 F2 A8 91 DF FF  |..O.Gl....s.....|
00001AD0  B4 55 DE 7F 11 63 FF 3E F4 EE FA 05 C4 FB 27 9C  |.U...c.>......'.|
00001AE0  18 FB 49 7E 3F C6 FB 6A AA 22 9E A8 F9 C4 80 22  |..I~?..j."....."|
00001AF0  53 7B 12 92 12 F0 09 32 E5 E2 13 C2 FB 26 84 FC  |S{.....2.....&..|
00001B00  1D 74 79 3E 3E 21 50 46 3F 35 E0 EC 82 C4 88 00  |.ty>>!PF?5......|
00001B10  BA 30 92 E7 83 74 89 37 C8 B9 82 1E 18 3F F2 95  |.0...t.7.....?..|
00001B20  09 59 DA 36 52 6B 8B E8 7E 7A FF 85 E9 AB 23 0C  |.Y.6Rk..~z....#.|
00001B30  60 BF E9 51 6C D4 F1 6C 45 98 DF B5 08 8A 7F A7  |`..Ql..lE.......|
00001B40  1E D1 0F 39 BC 9D 61 50 A4 A5 80 7C EE 5B E0 BB  |...9..aP...|.[..|
00001B50  EC 9D 82 FF DE FC 7C 1E FD 7C F6 F3 1B B9 0A E5  |......|..|......|
00001B60  23 2F AC 40 D8 FF FE 09 C1 F9 D6 9B 3B D6 DC B3  |#/.@........;...|
00001B70  EA 91 C2 87 27 6E 15 BA B9 3A CE C0 FE 76 73 57  |....'n...:...vsW|
00001B80  57 E8 74 E6 10 97 71 3E 19 EE 4B 86 0F 91 B5 80  |W.t...q>..K.....|
00001B90  83 C9 70 38 19 8E 70 79 D6 FC 82 EC F2 88 5A 40  |..p8..py......Z@|
00001BA0  54 79 F3 D0 CD 62 17 67 B7 7C F2 80 20 6C 54 2C  |Ty...b.g.|.. lT,|
00001BB0  D5 3A 9E AE 6C B4 ED CA F4 98 CB 2A 83 5A FD CD  |.:..l......*.Z..|
00001BC0  11 03 FB 9F 5B E0 BB 85 D6 69 F1 33 E2 E3 EB EF  |....[....i.3....|
00001BD0  E3 BE 71 7E F5 2B 4F 22 EC 3F 76 E2 82 F3 AD 9E  |..q~.+O".?v.....|
00001BE0  1D F7 AF 5E B5 6D D9 1F 54 75 2D BB 95 C1 7E 1C  |...^.m..Tu-...~.|
00001BF0  E6 1F 4F 86 AE 62 AC A7 29 E3 7C 97 35 41 D5 44  |..O..b..).|.5A.D|
00001C00  59 F0 D9 88 9F CF 1E 00 2A 0F 47 FA BB CF 4F 8F  |Y.......*.G...O.|
00001C10  0D DB A6 65 B6 C9 3E 37 83 5A BD 1D 59 36 8F D7  |...e..>7.Z..Y6..|
00001C20  DF 8E F3 D9 ED 9F 4D DE 5F FA E3 07 56 77 5E 5D  |......M._...Vw^]|
00001C30  F7 C2 47 08 EF 47 D8 DF B9 E3 FE B5 AB 1E 5F FE  |..G..G........_.|
00001C40  D1 37 F6 15 16 20 EC CF D4 F1 44 8C 1F 97 75 18  |.7... ....D...u.|
00001C50  C5 8C BF C8 76 00 D2 10 E9 F7 69 A2 60 63 7F 3E  |....v.....i.`c.>|
00001C60  7B 00 A8 3C BD BA 4A 8F 35 A6 7B 6F F0 E9 86 53  |{..<..J.5.{o...S|
00001C70  B6 79 F3 62 CC 61 DA 51 13 FB 9F CF FA DD 7F BD  |.y.b.a.Q........|
00001C80  03 F6 67 9E 11 A3 47 D7 73 08 FB 5F 7A 94 F0 7E  |..g...G.s.._z..~|
00001C90  C9 F1 D6 4D CC FB B7 3A BB DC E1 65 85 DC 7A 13  |...M...:...e..z.|
00001CA0  FB CF 26 C3 23 C9 50 34 19 6E C6 2F 00 E1 01 5E  |..&.#.P4.n./...^|
00001CB0  B5 7D 80 E3 7C 52 99 A8 96 2A 8A CD FC F3 D8 03  |.}..|R...*......|
00001CC0  80 B1 BF 7F 3A D2 9F BA D4 C7 4F 8F 75 D9 E6 CD  |....:.....O.u...|
00001CD0  8B 31 87 69 87 0B 0A C9 E7 0B 8B B8 E7 A5 31 07  |.1.i..........1.|
00001CE0  D7 79 B0 F2 87 8F 66 78 7F 62 C7 D6 A2 55 97 9C  |.y....fx.b...U..|
00001CF0  5B 7F 16 2A AC 28 38 B3 7E 16 FB C7 93 A1 31 7E  |[..*.(8.~.....1~|
00001D00  8F 3D F4 D9 5E 20 8A 6E CD 0E F5 E7 B7 07 40 63  |.=..^ .n......@c|
00001D10  BF 7E E0 0A 3F 7D F2 9A 6D DB 7C 19 73 98 56 5A  |.~..?}..m.|.s.VZ|
00001D20  65 F0 FE FF B0 C0 77 D9 11 C4 70 C1 1C EF 6F FC  |e.....w...p...o.|
00001D30  BF 6B 39 3E BA E2 39 8C FD BF C0 6B BD FC 8E 07  |.k9>..9....k....|
00001D40  57 AF 1A 70 7E EE C0 F3 4E 0F 77 66 65 A6 86 B3  |W..p~...N.wfe...|
00001D50  B1 CA 1B AE E6 93 E1 A3 C9 70 27 AF DA 81 1F 6E  |.........p'....n|
00001D60  8F A8 05 78 8F E0 B7 E1 3F 6F 3D C0 03 7B 10 54  |...x....?o=..{.T|
00001D70  BA F7 46 EA 42 44 3F 7D 10 F3 7E 3B EC C3 E8 98  |..F.BD?}..~;....|
00001D80  0B 0C 6A 25 9B 79 3E 7F BC E0 3B C1 C2 F7 FC 7C  |..j%.y>...;....||
00001D90  F7 0A 8C FD 2F 62 EC 4F 63 EC 1F DC B1 69 CD AA  |..../b.Oc....i..|
00001DA0  4F 3A B7 1D E8 5B B6 BC 60 8B 81 FD E1 9A 64 B8  |O:...[..`.....d.|
00001DB0  97 50 FF 01 9C D1 83 1F 02 03 FC 9E BC 47 7F 59  |.P...........G.Y|
00001DC0  DC E3 12 B4 80 4F B4 C1 3F 7F 3D 00 54 DE F4 D8  |.....O..?.=.T...|
00001DD0  35 BD 36 9A 3A 3E A4 C7 1A F9 99 AB F5 F6 0B C0  |5.6.:>..........|
00001DE0  DD 3F E6 30 CD 51 6B 00 FC 8B 8B B8 A7 BC 79 25  |.?.0.Qk.......y%|
00001DF0  F7 5E 43 A1 84 B1 FF 3D 1C F3 D9 BC 63 53 D1 AA  |.^C....=....cS..|
00001E00  D7 1C 5F 29 7C BD F0 C8 2C EF EF CA 6C EC 1A B6  |.._)|...,...l...|
00001E10  09 FF 5C 43 B8 AF C8 7C 99 E4 F3 D9 EB BD F9 EA  |..\C...|........|
00001E20  01 B0 B1 5F 9C E7 73 7C 68 26 7A C3 E6 FD 0C 8F  |..._..s|h&z.....|
00001E30  B9 CC A2 5A 47 0D EC FF 76 D6 AF 56 99 7C FF 3B  |...ZG...v..V.|.;|
00001E40  0B FC 73 27 FA EE E7 DD 9B D6 EE F4 FA 24 07 C2  |..s'.........$..|
00001E50  FE C4 BB 92 23 C1 C5 D6 6C 58 F3 D4 B2 81 E5 BA  |....#...lX......|
00001E60  63 05 B7 9E E4 78 16 BB F8 64 B8 8E E4 F9 5C 4D  |c....x...d....\M|
00001E70  86 CF 25 C3 87 6C 0F E0 0C BB 14 09 AA 4B F4 29  |..%..l.......K.)|
00001E80  B2 60 5B 23 1F 1B 1A 7E 50 79 FA E8 88 1E 6D 9F  |.`[#...~Py....m.|
00001E90  BE D6 3C 13 EA B6 AD CB E8 98 AB 2C D2 BC 27 B8  |..<........,..'.|
00001EA0  C2 DF C1 79 A7 89 FD DF 5E E0 DF E3 42 E1 5F BA  |...y....^...B._.|
00001EB0  F0 F1 0D 78 6F 17 AE E1 7C 0C 61 FF FB 9D 17 D6  |...xo...|.a.....|
00001EC0  AC 5A 73 B1 F0 0B 6F 4E 39 3D DC FA 02 23 E6 D3  |.Zs...oN9=...#..|
00001ED0  4E 4E 6D 39 6B 6C E9 AA 4C 86 BB C9 AF 06 F0 AE  |NNm9kl..L.......|
00001EE0  AE 50 37 7E 1B C8 CB 97 01 55 14 7C BC 5F 70 AB  |.P7~.....U.|._p.|
00001EF0  92 9B 77 15 DB B3 22 0F 3D C0 0F FB D0 9F E9 1F  |..w...".=.......|
00001F00  D4 AF 8F CE 54 1D 4E 75 F4 A2 EB A9 CB 95 F6 BA  |....T.Nu........|
00001F10  2F 6B CD EF 66 11 FB 9F 31 B1 FF 4F 16 F8 EE 4F  |/k..f...1..O...O|
00001F20  16 88 F7 AF 41 BF FB B2 63 ED 6A 3E BA E2 E5 75  |....A...c.j>...u|
00001F30  84 F7 0B CE F7 DF BC F0 E0 DA 35 13 85 FD 6F F4  |..........5...o.|
00001F40  14 1C E2 32 F1 7E 44 FA 07 F1 D6 DE D0 68 32 D4  |...2.~D......h2.|
00001F50  C5 17 C9 B6 07 E0 56 26 F8 44 D9 25 09 36 F0 E7  |......V&.D.%.6..|
00001F60  B1 07 80 CA 9B 6E E8 9B 1A EF 4B F7 DE 98 1A 6B  |.....n....K....k|
00001F70  E1 53 FD 27 6D E0 67 70 CC 7D 2C 62 FF BF 33 D7  |.S.'m.gp.},b..3.|
00001F80  7A 5F 42 3F BF 44 3F 37 B8 85 F7 79 65 B7 9F 5D  |z_B?.D?7...ye..]|
00001F90  D8 B0 EA BD 86 FD 2F 7E 16 61 FF 54 E7 D7 9D 89  |....../~.a.T....|
00001FA0  CD C2 83 F7 AC FD A9 F3 62 B8 DB 71 B8 60 FB 2A  |........b..q.`.*|
00001FB0  03 FB BB 48 F5 06 7B B7 E1 FC 26 68 BC 5F 91 05  |...H..{...&h._..|
00001FC0  97 62 47 FB F3 D6 03 FC A0 F2 52 F5 FD D3 63 C3  |.bG.......R...c.|
00001FD0  7A 43 AF 6D 5A 76 79 BF CC E2 64 FF 96 89 FD DF  |zC.mZvy...d.....|
00001FE0  E3 8C 5C 9F F6 02 E3 39 80 DB CB 0B FC FB 4B E8  |..\....9......K.|
00001FF0  A7 EE E9 15 78 AD F7 15 5C CB AD AE F3 D3 CE 04  |....x...\.......|
00002000  B7 73 EB 9A B5 5F 75 7E CD 99 2A 28 9A 5D EB 3D  |.s..._u~..*(.].=|
00002010  4B 02 3E C3 C9 70 23 C9 F3 19 E2 CD 98 4F E8 2A  |K.>..p#......O.*|
00002020  A9 E7 D3 97 9F 5E A0 F8 CA FD A5 D2 EE A0 C8 FB  |.....^..........|
00002030  71 79 07 C9 E7 13 ED A9 91 5F 1E 00 0B FD 38 E6  |qy......._....8.|
00002040  93 BE D4 6A DB 95 69 EC 17 58 DC D8 FA 0D 13 FB  |...j..i..X......|
00002050  B3 71 7E 55 C1 07 DF D3 9A FC 38 B7 D3 EB F3 60  |.q~U......8....`|
00002060  EC 7F BF 53 72 24 7A 84 35 6B D6 7E 66 59 6B F1  |...Sr$z.5k.~fYk.|
00002070  C4 B2 AA D9 9A 0E F5 08 FB 79 5C C6 1F C7 7D 2E  |.........y\...}.|
00002080  9B 05 1E 48 85 B7 7C F6 82 52 41 95 34 5E 13 24  |...H..|..RA.4^.$|
00002090  39 B0 AD 44 54 FD E8 C2 7E 03 C8 2F 0F D0 4A 40  |9..DT...~../..J@|
000020A0  E5 E9 A3 23 33 57 8F E8 6D DD A9 E6 DE 74 C5 70  |...#3W..m....t.p|
000020B0  AA 75 DC B6 31 83 B3 9E 41 AD 6A 39 07 F9 FC D3  |.u..1...A.j9....|
000020C0  AC DF F5 FC 2B D8 EF 4C 3B BE DB 79 B0 60 1F C6  |....+..L;..y.`..|
000020D0  FE F5 9D FE 82 C4 66 E1 89 75 6B 9F 74 B8 42 A2  |......f..uk.t.B.|
000020E0  B3 8A DB 62 C6 7C DA 08 D6 47 92 61 DB 17 B3 5A  |...b.|...G.a...Z|
000020F0  B1 8B 2F 91 54 45 76 4B B2 C6 BB 45 BE 48 51 DD  |../.TEvK...E.HQ.|
00002100  A2 10 7C C6 B6 4C BE B4 12 37 6C 92 43 6A B8 4B  |..|..L...7l.Cj.K|
00002110  8F 35 EA 3D 2D B6 69 99 6D 45 0A 8B D8 3F 60 F2  |.5.=-.i.mE...?`.|
00002120  FE EF 2F E2 9E F5 5F 58 CE 21 EC 97 8A 11 F6 FB  |../..._X.!......|
00002130  6E EE 28 78 6F 73 E5 A6 0D EB E2 CE D8 AD D7 1D  |n.(xos..........|
00002140  07 B3 F2 FB C3 3D 46 B4 27 19 BA 62 0F BF D9 04  |.....=F.'..b....|
00002150  04 FE C2 2E C1 C6 FA FC F5 80 5D C0 79 3E 27 6E  |..........].y>'n|
00002160  A4 47 AE EB 07 6A 52 C7 87 6C EB 32 3A E6 7E 8D  |.G...jR..l.2:.~.|
00002170  41 AD 06 4D EC FF 8F 0B 7C 97 FD 3C 78 C6 7C 17  |A..M....|..<x.|.|
00002180  78 05 FD 74 4F 15 7C B7 34 CE BD 5C 82 E3 FD 37  |x..tO.|.4..\...7|
00002190  37 38 11 F6 3F B1 61 DD 97 1D 37 C2 B7 1C 3F CB  |78..?.a...7...?.|
000021A0  60 7F B8 89 D4 74 E8 49 86 CE 24 C3 47 8C 72 6E  |`....t.I..$.G.rn|
000021B0  C9 70 75 DE F3 7E B1 5C 94 15 44 F6 79 55 09 04  |.pu..~.\..D.yU..|
000021C0  44 D5 2D F8 ED A9 91 6F 1E 00 2A 2F 3D 72 25 5D  |D.-....o..*/=r%]|
000021D0  F1 5A 7A 68 4C BF 3E 6A 5B 97 D5 31 97 18 D4 EA  |.ZzhL.>j[..1....|
000021E0  AC 89 FD AF 2C F0 DD 9D 9E 07 33 05 85 B8 96 DB  |....,.....3.....|
000021F0  B7 70 CC E7 ED 9B 95 CE 57 F9 CA AD 1B D7 F9 0A  |.p......W.......|
00002200  1F 5E E9 70 BC 61 62 7F A9 56 66 0F F9 02 0D D9  |.^.p.ab..Vf.....|
00002210  85 17 25 D9 ED 51 CA 44 3B ED 35 4F 3D 00 54 9E  |..%..Q.D;.5O=.T.|
00002220  DE 11 D6 5B 3B 67 DA 6A 53 97 FB 6D EB B2 D9 D0  |...[;g.jS..m....|
00002230  8C 67 50 AB FF 16 31 B0 FF 07 0B 7C F7 9F EE 70  |.gP...1....|...p|
00002240  4F E1 4E 7C 76 CB A1 6F 3D 8E 79 FF F9 4F 3B DF  |O.N|v..o=.y..O;.|
00002250  E1 BF 7E FF C6 D5 C3 8E C7 27 DE 70 EC 2A C8 D4  |..~......'.p.*..|
00002260  70 3E 47 92 7C C8 D6 DE 70 15 DE CE 15 EA E2 ED  |p>G.|...p.......|
00002270  BD AC C5 2E 5E 92 11 DF 97 85 BD 92 22 0B 3E 91  |....^.......".>.|
00002280  F7 4B 3E 41 56 EC F9 91 2F 0D 0D 3F A8 BC A9 F1  |.K>AV.../..?....|
00002290  3E 7D 74 64 7A 70 10 D7 EF 9F B9 5A 6F 5B 98 BD  |>}tdzp.....Zo[..|
000022A0  E6 53 58 7C BB D7 4C DE FF C3 AC DF FD 64 C5 07  |.SX|..L......d..|
000022B0  DF F3 EC C3 9F 5A B5 D3 EB 7B 79 23 DE D7 7B BE  |.....Z...{y#..{.|
000022C0  DE F9 CE E6 AF AF 59 B3 FA AB CE 47 F6 7F C6 B1  |......Y....G....|
000022D0  CA AC E9 40 4E 67 1C 21 D9 3D C3 B8 AA 8F 1D F2  |...@Ng.!.=......|
000022E0  37 DA AE 20 E2 FB 81 A0 66 27 F7 E4 B1 07 C0 F2  |7.. ....f'......|
000022F0  FE 58 4F EA 78 95 DE 7A DD 8E F7 B3 FB AE 27 B1  |.XO.x..z......'.|
00002300  98 C9 FD 7D B3 7E 7F 36 C7 FF 33 F3 F3 07 77 B8  |...}.~.6..3...w.|
00002310  E7 E8 F3 1B 70 1D CF 17 30 EF 7F F3 BC E0 78 E7  |....p...0.....x.|
00002320  DD AF DF BF 66 B5 A7 70 AB 3B 59 B0 A2 A0 DA E4  |....f..p.;Y.....|
00002330  FD 1D E4 B8 F6 23 BC 6A 87 36 B2 9A E0 32 88 BE  |.....#.j.6...2..|
00002340  6D 89 7C 6D 68 F8 41 E5 4D 5F 18 D6 0F C4 70 21  |m.|mh.A.M_....p!|
00002350  37 9B F4 B3 3B E6 2C E6 F9 8C 98 6B B8 3F 5A E0  |7...;.,....k.?Z.|
00002360  BB 1F DF F6 DF 8D EB 8D CF E0 F3 CB D6 E0 3A 9E  |..............:.|
00002370  CB 71 7E FF 79 C9 F1 0E F7 EC D6 0D AB 1F 5B F6  |.q~.y.........[.|
00002380  A9 5B 9F 29 BC 87 DB B2 D2 E0 FD 08 F8 F7 93 50  |.[.)...........P|
00002390  CF 59 7B EC B3 DE B3 34 DE 87 C3 3D B6 25 F2 F6  |.Y{....4...=.%..|
000023A0  FD 5F D8 0B 2A 2F 55 13 99 B9 56 A7 F7 DA FB 7A  |._..*/U...V....z|
000023B0  F3 67 CC 61 DA C7 6E E3 FA 1F A6 7D E9 5E 07 57  |.g.a..n....}.^.W|
000023C0  1A E7 1E 7A 00 D7 F3 39 5F C0 21 EC 7F 5A 5C FD  |...z...9_.!..Z\.|
000023D0  64 E1 A6 FD 13 CE F5 CE 0C F6 D7 1B 7B B9 EC 81  |d...........{...|
000023E0  9F FF F6 27 A8 7E 81 77 09 3E 97 A4 F0 3B 9E DA  |...'.~.w.>...;..|
000023F0  F1 84 6D 92 FC F3 00 50 79 FA E5 26 3D D6 38 D3  |..m....Py..&=.8.|
00002400  3F 68 9B 36 6F C6 1C A6 29 47 0C E2 FF EA 02 DF  |?h.6o...)G......|
00002410  8D DD E1 9E 81 7F 5A 81 F3 FB 5F B9 9F 60 BF E0  |......Z..._..`..|
00002420  44 D8 BF 69 ED EA 91 C2 1E F7 73 4E C9 71 C6 C4  |D..i......sN.q..|
00002430  FE 26 83 F4 9B 15 DD CC EA 9D E3 F9 5E CC 19 E7  |.&..........^...|
00002440  F7 17 4B 8A 2A CA 01 C9 5E F9 CE C7 56 0C FC D2  |..K.*...^...V...|
00002450  37 75 AD 75 FA 5A 33 2E E7 56 77 C6 B6 2E AB 63  |7u.u.Z3..Vw....c|
00002460  CE E4 BE 5E F3 CC C6 1F 2F E2 9E 27 D7 AE E7 E6  |...^..../..'....|
00002470  62 3E 02 8E F9 3C B8 71 F5 53 CB CE BC 71 C0 B1  |b>...<.q.S...q..|
00002480  7C 16 FB CF 11 A4 B7 79 FF 6D D8 AF F1 AA E2 B7  ||......y.m......|
00002490  41 3F 7F 9B 0A 9C F3 81 2B F7 DB A4 3F BF C6 1C  |A?......+...?...|
000024A0  A6 DD 3A 68 60 FF 9F 67 FD EE 37 E6 E7 4F 16 F8  |..:h`..g..7..O..|
000024B0  F7 97 E7 2E F7 E1 1A CE 46 01 08 8F 93 E3 DA 0B  |........F.......|
000024C0  AF B9 7B 96 73 5C A7 B9 AF 77 C8 3C AE 1D 97 75  |..{.s\...w.<...u|
000024D0  A8 C3 1B 7C C3 47 6D 27 E0 8A CA 70 19 87 A0 A6  |...|.Gm'...p....|
000024E0  49 02 EF 56 D4 80 3F 28 BB 6D AB E4 97 07 C0 D6  |I..V..?(.m......|
000024F0  74 D0 0F D4 CC 54 1D D6 AF 8F EA A3 23 E9 4B 03  |t....T......#.K.|
00002500  B6 81 19 6C 5E 37 8B 87 95 C4 4D EC FF C9 02 F8  |...l^7....M.....|
00002510  FE E7 77 B8 A7 F3 EA 3A FC F3 CA 1A 1C F3 E9 11  |..w....:........|
00002520  9C 6F BF 2B DD BF 66 ED D7 9C 97 DE DC E7 98 E0  |.o.+..f.........|
00002530  B6 17 64 9D DB 65 EE EB 1D C0 67 B5 90 D4 9F 5E  |..d..e....g....^|
00002540  12 00 3A 91 B7 15 DD C8 B9 5D E5 A2 2A F3 FE 78  |..:......]..*..x|
00002550  9B EC F2 D8 1B BC F2 CF 03 80 EB F9 D4 B4 4D 5D  |..............M]|
00002560  AD 4C 1D 68 D2 63 E3 76 A6 8F DD 3E 7C 6B 30 0F  |.L.h.c.v...>|k0.|
00002570  64 AF C8 FA 5D 26 22 FF D9 F5 0B DF B3 2F 49 CE  |d...]&"....../I.|
00002580  EB FD 26 DE D7 FB 5E 8F E4 78 9B F3 6C FD EE 86  |..&...^..x..l...|
00002590  27 9D 9B 6E F5 38 97 73 6F 9A 31 1F 02 FC B8 A4  |'..n.8.so.1.....|
000025A0  0F 3E B7 6B 90 24 FB 47 C9 D9 ED 43 E4 EF F1 FC  |.>.k.$.G...C....|
000025B0  84 7F 02 FC FC F6 27 79 9F 58 26 AA DE A0 66 83  |......'y.X&...f.|
000025C0  7F BE 79 C0 F6 27 61 79 7F CD B1 D4 C5 B0 3E D6  |..y..'ay......>.|
000025D0  90 EA 3E 6F 5B D7 6E 1F BE DD 6B E6 78 86 CC FF  |..>o[.n...k.x...|
000025E0  3E 57 C8 71 FF 76 B5 71 7D DF 02 F5 3C 6F A1 9F  |>W.q.v.q}...<o..|
000025F0  82 B7 49 9E CF 4B 38 E6 53 FA AA E4 BC 7E F3 9F  |..I..K8.S....~..|
00002600  1E 5D F7 83 CD CE 6D E2 F3 85 7F 59 60 E6 F9 84  |.]....m....Y`...|
00002610  06 71 9A 67 E8 06 A9 E2 8C 2E 7A 6C 5B E3 56 22  |.q.g......zl[.V"|
00002620  F8 84 80 A0 09 AA 50 CE 0B B7 EC D5 90 3C F4 00  |......P......<..|
00002630  E0 B2 5E FA A1 CE 54 4D 44 8F 36 A6 EB CE CC B4  |..^...TMD.6.....|
00002640  DA 25 7D 18 9D F5 0C 6A F5 B7 66 CC 27 9C F5 BB  |.%}....j..f.'...|
00002650  73 E6 E7 FE 3B DC E3 5E ED 58 D5 79 B0 E0 7B 3B  |s...;..^.X.y..{;|
00002660  11 F6 BF 95 10 9C 69 77 F4 89 B5 91 7F E3 3C BD  |......iw......<.|
00002670  BF B2 F0 2F 38 73 AD 17 1F D1 3E 7B 38 2F AE E6  |.../8s....>{8/..|
00002680  69 7B 00 6E 2E D1 17 90 5C F6 AE DE BC F6 00 58  |i{.n....\......X|
00002690  EC AF 1A D2 63 8D D3 91 2B 53 63 63 B6 75 19 C5  |....c...+Scc.u..|
000026A0  FE D2 12 06 B5 FA 56 55 C1 EF E0 FC F3 E6 67 F8  |......VU......g.|
000026B0  0E F7 24 3B 0A 8A 10 EF DF 22 10 EC DF E1 4C D7  |..$;....."....L.|
000026C0  45 9F 5E 15 B9 E8 8C FE 97 E7 9C AB 0A 32 79 3E  |E.^..........2y>|
000026D0  83 E6 A1 2D 61 92 DA 19 B2 FD 92 34 55 90 4B 44  |...-a......4U.KD|
000026E0  D5 2E E9 90 D7 1E 00 2A 2F D5 39 8E 78 7F EA F8  |.......*/.9.x...|
000026F0  90 DE D0 9B BA 54 99 BA 74 36 5D 71 C0 36 33 5B  |.....T..t6]q.63[|
00002700  D8 2F B1 B8 D6 FB 94 19 D7 C9 78 0B 3E 8B FD A7  |./........x.>...|
00002710  E6 F5 1B 59 FF 6E DC 28 FD C0 DD 83 BE FF F8 72  |...Y.n.(.......r|
00002720  12 F3 79 01 EF ED 9A EA 93 1C 7F F5 AE FF 89 35  |..y............5|
00002730  F7 0C 17 5E 58 D6 BB E9 ED 82 2D AB 0C DE 9F 75  |...^X.....-....u|
00002740  66 63 A8 2B 19 42 CF 81 2B 3C 39 C0 71 30 19 EA  |fc.+.B..+<9.q0..|
00002750  CB DB FA 3E C6 99 8D 82 4B B1 E1 9F CB 5B 0F 80  |...>....K....[..|
00002760  E5 FD BD BD A9 F6 66 FD 30 E2 FD 2D D3 A7 EB ED  |......f.0..-....|
00002770  AA 3E 76 FB 90 2D 53 B3 E7 E0 02 DF 25 0A 17 BE  |.>v..-S.....%...|
00002780  E7 B7 2F 16 E0 1A CE DF C3 6B BD 3B 7F 25 39 7E  |../......k.;.%9~|
00002790  FB E6 B5 27 36 DC 33 5E 30 29 7C 73 73 61 26 E6  |...'6.3^0)|ssa&.|
000027A0  63 D4 EE 0C 1F 4A 86 BB F8 64 E8 1C 49 F7 69 B2  |c....J...d..I.i.|
000027B0  ED 5D EC E2 DD E5 B2 E0 57 78 6F B9 64 97 B9 CE  |.]......Wxo.d...|
000027C0  C3 86 86 1F 16 FB 3B C6 D2 D7 0F A4 6F 9C 9D 1E  |......;.....o...|
000027D0  1B 4E D5 DB 65 9C ED F6 61 DB 69 B3 8E 67 D5 02  |.N..e...a.i..g..|
000027E0  DF FD 34 0B FB 33 6B C2 AF A3 DF BD FB 0D 27 CE  |..4..3k.......'.|
000027F0  F3 79 09 D7 72 3B F6 96 E4 4C FD 51 CB D6 0D 2F  |.y..r;...L.Q.../|
00002800  BF 51 E0 75 BE EE 38 C0 65 78 FF 15 B3 AC 03 5E  |.Q.u..8.ex.....^|
00002810  EE C5 07 B5 77 E1 5F E1 24 9F BC E6 25 08 FB B5  |....w._.$...%...|
00002820  52 41 0D 08 5E DE AF 68 DE 32 7B 97 57 BE 35 AD  |RA..^..h.2{.W.5.|
00002830  14 76 9F 4F FA C8 00 E2 FA 06 E3 C7 29 FE D7 AF  |.v.O........)...|
00002840  DB 36 66 AD F9 BD 2C C6 7C 36 1F 35 D6 7A 33 07  |.6f...,.|6.5.z3.|
00002850  6A D5 AC E0 B8 5F 9B 98 FF 5E E1 1D 6F FB D1 FA  |j...._...^..o...|
00002860  47 B8 5D 4F E3 FA FD 9B 05 C7 B1 2D 52 D1 DE 0D  |G.]O.......-R...|
00002870  AF 15 FC 62 42 77 4C CC 9E D7 4B 72 3A 31 DC E3  |...bBwL...Kr:1..|
00002880  CC FE 0A 9E 24 FE D8 79 2D 2E 95 2F 13 34 97 C2  |....$..y-../.4..|
00002890  BB 05 BE 44 B0 37 F8 E6 5F 43 C3 0F 2A 6F BA A1  |...D.7.._C..*o..|
000028A0  CF C0 7E 84 FA 53 E3 D7 EC 3D BE 0C 36 75 17 8B  |..~..S...=..6u..|
000028B0  D8 FF 8E 59 C3 39 92 F5 BB 8F 98 1C FF D7 77 C0  |...Y.9........w.|
000028C0  FE 15 6F E1 98 4F 81 17 F3 FE 13 9B 77 3B 8E 3D  |..o..O......w;.=|
000028D0  26 3D CA 6D E0 1D CF 3A AA 0B 97 73 EB 0B 0C EC  |&=.m...:...s....|
000028E0  AF 4B 86 8F F2 B8 AC 0F 8E F9 57 F0 76 7C C3 60  |.K........W.v|.`|
000028F0  7D 22 5F 2A F8 FC A2 A4 0A 9A 6D 8D 7C 6C A5 C0  |}"_*......m.|l..|
00002900  F9 7E 88 EB A7 6A 22 53 97 63 08 FB F9 E9 AB 37  |.~...j"S.c.....7|
00002910  6C 0B B3 D7 8A 8A 83 0C 6A F5 2B 13 E7 F1 7E AE  |l.......j.+...~.|
00002920  9F E3 78 0E FA F9 EF 26 E6 D7 DC E1 9E 1F FE D2  |..x....&........|
00002930  F1 51 8C FD 0F 22 EC 6F E4 77 3B EA B6 0B 8F FE  |.Q...".o.w;.....|
00002940  68 E3 6B CE 84 EB 4C 81 93 DB 62 9E DD 62 14 74  |h.k...L...b..b.t|
00002950  38 99 0C 0F A0 27 40 33 C9 FB 19 B7 0F EC 75 09  |8....'@3......u.|
00002960  BC 2A 95 89 2A 5F EA 13 02 A2 3D 2B F2 90 03 02  |.*..*_....=+....|
00002970  2F F3 A4 2E 0E EB 63 87 6C BB B2 DC E4 20 8B 3B  |/.....c.l.... .;|
00002980  38 5B B9 39 9C C7 D8 1F 59 C1 71 AF DD 3F F7 3C  |8[.9....Y.q..?.<|
00002990  58 A8 75 6F 74 E0 B5 5E EF 43 73 D8 FF 79 84 FD  |X.uot..^.Cs..y..|
000029A0  05 7B 6E 4D 17 DC 9A 3D B7 AB 2D 19 42 A8 8F 93  |.{nM...=..-.B...|
000029B0  3C 7B 93 E1 1A 92 F7 33 60 1F DF 85 B0 BF 48 41  |<{.....3`.....HA|
000029C0  7F ED 0A CA 92 A2 DA D4 3F 0F 39 A0 02 9B DF A5  |........?.9.....|
000029D0  D7 B6 E8 B5 D1 99 53 C7 F4 2B 23 B6 75 F3 63 CC  |......S..+#.u.c.|
000029E0  61 DA 23 66 1D CF C3 8B BF 95 D4 74 B8 FE 47 0E  |a.#f.......t..G.|
000029F0  74 B9 DD C9 71 5F 71 14 BE DE 85 C0 AC D3 53 48  |t...q_q.......SH|
00002A00  B0 BF 9D 04 FB 6F 10 B6 4F DE 01 42 31 9C FC 83  |.....o..O..B1...|
00002A10  6B 3B F7 93 6D 5F D5 7C 6A F0 B4 3E 9A 5F 6B 00  |k;..m_.|j..>._k.|
00002A20  7E 1F EF 16 8B 85 A0 2F C0 8B 41 55 29 B5 A9 7F  |~....../..AU)...|
00002A30  BE 35 BF 0F B6 78 9F DE 73 5A BF 5C 9D AE 6C 4C  |.5...x..sZ.\..lL|
00002A40  5F 6A 9D B9 7A 22 7D BE 07 CF AB D4 C8 45 DB D4  |_j..z"}......E..|
00002A50  77 ED 98 C3 B4 DF 98 FB 7A EB 16 7D 67 C5 56 52  |w.......z..}g.VR|
00002A60  C7 F3 13 F8 1A 57 28 79 A3 B0 B6 50 70 66 EA 78  |.....W(y...Ppf.x|
00002A70  EE 11 C9 89 BD 87 48 51 9F 83 A4 8C 67 C4 F6 01  |......HQ....g...|
00002A80  8E F3 28 5E AF 20 B9 15 DE A5 C8 9A E0 56 7C 22  |..(^. .......V|"|
00002A90  AF 09 A5 A5 8A 6A 9F E4 95 27 4D 2B 2D 05 95 B7  |.....j...'M+-...|
00002AA0  47 44 B8 6F 9B 95 E9 B6 47 64 31 DE 9F 34 B1 7F  |GD.o....Gd1..4..|
00002AB0  F1 F5 FF 2A 9E BB 6F 1E F6 7F CA B1 A7 68 D3 8A  |...*..o......h..|
00002AC0  B9 1A CE 03 A4 8C CF B9 64 E8 1A D9 E0 1B 4B 86  |........d.....K.|
00002AD0  46 8D 12 0F 79 ED 05 65 62 89 E0 0B 08 BC 26 CA  |F...y..eb.....&.|
00002AE0  6E 41 B2 67 45 1E 62 3F 70 F5 3E BD 36 8A EB F9  |nA.gE.b?p.>.6...|
00002AF0  F4 1E 49 45 EB F5 8E 23 B6 81 19 6C DE DD 2C C6  |..IE...#...l..,.|
00002B00  7C A6 4C EC 3F B6 F8 5B A5 F9 D8 7F 1F C2 FE F8  ||.L.?..[........|
00002B10  CA 59 EC C7 B1 9D 28 41 FD 1E 52 C0 19 07 FE 87  |.Y....(A..R.....|
00002B20  09 FE F7 E6 6D 01 67 EC 05 82 E6 91 FC 02 2F C8  |....m.g......./.|
00002B30  01 9F 68 C7 FB F3 D2 03 60 13 7B 67 AE EE 9F B9  |..h.....`.{g....|
00002B40  12 9B 39 75 2C 75 C2 3E B2 97 D5 B7 FD 92 DD 0C  |..9u,u.>........|
00002B50  6A A5 9B D8 DF B0 78 DE 2F 7D 74 1E F6 7F D5 A1  |j.....x./}t.....|
00002B60  39 BE 59 38 87 FD 75 64 6D 77 94 D4 F3 69 46 D7  |9.Y8..udmw...iF.|
00002B70  B6 07 E0 16 54 85 3D 02 AF 8A 6E DE 2D 09 7E 45  |....T.=...n.-.~E|
00002B80  76 DB F0 9F 77 1E 00 1C EF 1F 1D D1 63 8D A9 8B  |v...w.......c...|
00002B90  27 53 27 CF A3 0B DB C0 0C B6 22 AD 94 41 AD 7E  |'S'......."..A.~|
00002BA0  6B 62 FF E2 CB 2D 54 48 F3 E3 FD 4F 61 DE EF 9C  |kb...-TH...Oa...|
00002BB0  C3 FE CA 64 F8 34 A1 FA 97 8C 83 5B 0E 92 62 FE  |...d.4.....[..b.|
00002BC0  C3 79 EE 05 84 F7 13 F4 2F D7 14 9F 3D 2B F2 D2  |.y....../...=+..|
00002BD0  03 60 B1 BF A7 3F 7D 21 AA F7 9C 9D 39 31 6C 5B  |.`...?}!....91l[|
00002BE0  97 CD E6 0A 94 33 A8 55 CA C4 FE E3 8B BF 75 E3  |.....3.U......u.|
00002BF0  BD B7 61 BF E6 F8 4D 61 36 F6 87 4E 67 A8 3F E2  |..a...Ma6..Ng.?.|
00002C00  FD FD BC 59 D4 13 2F 04 E0 4A 0F F9 E9 05 C5 2E  |...Y../..J......|
00002C10  3E A0 78 CB ED 95 DD BC 6D 68 F8 61 B1 BF BA 2A  |>.x.....mh.a...*|
00002C20  DD 7B 03 91 FE 54 4D 24 3D 72 5D AF 8D EA 51 9B  |.{...TM$=r]...Q.|
00002C30  FD 33 86 FD A5 BB 18 D4 6A 9B F9 79 C2 C2 BD F3  |.3......j..y....|
00002C40  79 FF 3E F4 07 B7 CC 5A 6F 57 56 FD 7E 8C FD 24  |y.>....ZoWV.~..$|
00002C50  D9 F3 48 EA 5C 9F 5E DB 9C BF 5E 50 AE 78 15 8F  |..H.\.^...^P.x..|
00002C60  E0 17 F8 E2 C7 79 BF A0 4A B2 62 07 7D F2 CC 03  |.....y..J.b.}...|
00002C70  8A 61 EB F9 18 33 6A 66 E0 84 7E A4 C3 B6 2E 9B  |.a...3jf..~.....|
00002C80  AD 48 66 71 6F D7 FF 30 79 FF C9 45 DF 59 E1 DB  |.Hfqo..0y..E.Y..|
00002C90  32 0F FB 15 C7 1E C7 A7 1D F3 F2 7C AA 49 C1 E6  |2..........|.I..|
00002CA0  4C 09 FF B0 FD 4A CA 71 78 A5 57 DA 1B E4 B5 6D  |L....J.qx.W....m|
00002CB0  A5 41 9F 66 67 F7 E7 A1 07 F8 F7 C2 F2 FE DA 68  |.A.fg..........h|
00002CC0  2A 72 62 A6 75 34 DD 7F C5 B6 2E 9B 6D 77 80 45  |*rb.u4......mw.E|
00002CD0  DE FF 3F 4D EC 6F 5D FC AD 3F 98 CF FB 45 C7 3B  |..?M.o]..?...E.;|
00002CE0  EE D7 E7 B0 3F DC 45 B8 7E B5 71 64 AF 51 D2 D9  |....?.E.~.qd.Q..|
00002CF0  76 02 4E 16 4A 94 72 81 2F 51 05 7F 69 D0 A6 FC  |v.N.J.r./Q..i...|
00002D00  F9 E8 01 25 B0 B1 5F 5C C7 B3 26 92 3A 5A 37 35  |...%.._\..&.:Z75|
00002D10  D6 92 BE 71 D6 36 30 83 CD 5F CE E2 DE AE F7 4D  |...q.60.._.....M|
00002D20  EC 3F B5 78 DE BF EF FE 79 D8 2F 23 DE 7F 33 0B  |.?.x....y./#..3.|
00002D30  FB 7B 8C 63 7A C9 5E DE 30 7A 0D B0 3D 00 B7 12  |.{.cz.^.0z..=...|
00002D40  C1 5F 24 F0 8A 26 78 ED 12 9E F9 EA 01 B0 8B 3D  |._$..&x........=|
00002D50  18 F2 2F 1D D7 AF 8F A2 17 00 DB BA 6C B6 72 37  |../.........l.r7|
00002D60  8B F9 FD FF CB C4 FE C5 57 56 A8 78 6E DD 6D 31  |........WV.xn.m1|
00002D70  9F 67 E7 C5 7C AE 64 6A F9 E0 24 9F BA 64 B8 C2  |.g..|.dj..$..d..|
00002D80  76 01 D4 CA 24 4D 13 7D BC 57 29 B2 E3 3D F9 D9  |v...$M.}.W)..=..|
00002D90  BC C0 23 AF 9F AF 4E 9D EB 4E 5D B2 4F 69 67 B7  |..#...N..N].Oig.|
00002DA0  69 4C D6 70 FE 7B 13 FB 2D 2C 13 F9 E6 F3 FE 6B  |iL.p.{..-,.....k|
00002DB0  85 31 8F 6B 2E C7 13 9F D2 32 40 EA 37 1F 24 31  |.1.k.....2@.7.$1|
00002DC0  9F 66 DE 2E F2 80 BD 40 90 8B 55 D1 E5 12 79 8F  |.f.....@..U...y.|
00002DD0  A4 2A 64 9F 97 3D 35 F2 CC 03 3C B0 D8 7F A0 66  |.*d..=5...<....f|
00002DE0  6A BC 2F 3D 32 62 97 76 60 F7 79 1F 60 B1 A6 C3  |j./=2b.v`.y.`...|
00002DF0  B4 89 FD 16 62 F1 D2 FC 1C CF 4D 8E 3D 45 E1 E5  |....b.....M.=E..|
00002E00  73 D8 7F 89 A0 7C 7F 32 DC 49 DE 01 06 EC ED 5D  |s....|.2.I.....]|
00002E10  C4 0B 84 3D 82 26 78 25 BE 58 55 E4 80 E0 B3 D9  |...=.&x%.XU.....|
00002E20  7F FE 79 40 31 A8 BC F4 A5 56 5C D3 E1 F4 41 7C  |..y@1....V\...A||
00002E30  6E 57 6D D4 DE DE C5 E2 F3 BE 9C C5 A5 BD B4 89  |nWm.............|
00002E40  FD 3D 8B BF 75 CB 96 DB EA F9 BC E3 CE AE E7 F3  |.=..u...........|
00002E50  9A 59 C6 07 B3 FF A3 76 9E 8F D9 E6 72 3C ED 93  |.Y.....v....r<..|
00002E60  DA F3 D4 03 80 47 3E 7D A9 3D D5 39 8E B7 F6 5E  |.....G>}.=.9...^|
00002E70  B0 AB 25 32 DA F6 AA 1E 06 B5 9A 31 B1 7F F1 A5  |..%2.......1....|
00002E80  40 2A 7E 70 FB 5A AF 36 6F AD B7 93 70 FD 3A 83  |@*~p.Z.6o...p.:.|
00002E90  FA DB C3 9F 61 00 1E 45 16 64 BE 48 F4 F9 FC 82  |....a..E.d.H....|
00002EA0  6A B3 FE 7C F4 00 D8 5C EF E9 FE 83 98 EE 93 D3  |j..|...\........|
00002EB0  BB 10 FB B7 0D CC 60 F3 EF 66 31 DE FF 77 26 F6  |......`..f1..w&.|
00002EC0  9F 59 FC AD BB EF BB 6D 5F EF 4F DD 6E E7 BC 5A  |.Y.....m_.O.n..Z|
00002ED0  6E FD 84 FA DF 48 86 0F F1 76 15 4F A3 B9 44 55  |n....H...v.O..DU|
00002EE0  DC AB D8 89 3E 79 EC 01 C0 BB F9 A6 2E C7 F4 68  |....>y.........h|
00002EF0  E3 F4 D8 B0 5D C4 93 D9 56 1C 60 F1 2D FF 8B AB  |....]...V.`.-...|
00002F00  8C 03 1A FB 17 71 CF 93 ED 1C 57 1A E7 B8 4F CE  |.....q....W...O.|
00002F10  61 BF 87 FB F1 76 6E DF CE 7D 85 02 F7 E6 7A 8C  |a....vn..}....z.|
00002F20  FD FA E1 E6 A9 B1 41 5E 29 B2 07 7E 5E 13 CA 24  |......A^)..~^..$|
00002F30  AD 54 E0 8B 83 DE A0 62 A3 7F 5E E2 80 17 36 C7  |.T.....b..^...6.|
00002F40  D3 9C 69 A9 FE 93 33 57 EB 6D F3 32 D9 8A 76 B1  |..i...3W.m.2..v.|
00002F50  58 C4 E5 7F 9B BC DF C2 9E 10 E9 D1 79 BC FF CB  |X...........y...|
00002F60  8E 77 DC DF 2A BC BD A6 83 F1 77 13 A9 EC 30 6E  |.w..*.....w...0n|
00002F70  27 7A 72 9A 50 22 C8 7C 40 D1 82 F6 8C C8 CF 16  |'zr.P".|@.......|
00002F80  00 1E FA 99 13 37 F4 9A 63 E9 23 03 7A AC 31 7D  |.....7..c.#.z.1}|
00002F90  F4 62 FA FA 75 DB C6 AC 35 7F 31 8B 7B BB FE C1  |.b..u...5.1.{...|
00002FA0  C4 7E 0B 39 38 1B E7 E7 F7 0B 8E 3D 45 45 59 31  |.~.98......=EEY1|
00002FB0  9F A3 E4 A8 C6 CE 4C 19 E7 71 52 C1 0D D7 77 C8  |......L..qR...w.|
00002FC0  6B 2F 50 A4 80 C0 07 54 49 46 9F F6 9C C8 53 0F  |k/P....TIF....S.|
00002FD0  80 E5 FD 0D D5 33 55 87 71 9E CF C5 93 E9 11 1B  |.....3U.q.......|
00002FE0  F8 59 6C 5E 8F CA A0 56 4F 72 46 CC 67 70 81 EF  |.Yl^...VOrF.gp..|
00002FF0  BE 73 87 7B 2A 46 36 AE DD E9 F5 BD 80 63 3E 27  |.s.{*F6......c>'|
00003000  DE 95 1C EF 73 B1 FB 37 AE 19 70 6E 15 0B 97 49  |....s..7..pn...I|
00003010  DC 7A CE C0 FE F6 64 38 62 9C D4 CB 27 C3 E7 48  |.z....d8b...'..H|
00003020  CE E7 15 5E CD F7 18 90 CB 17 2C E2 85 80 2F 1E  |...^......,.../.|
00003030  09 48 2E 85 77 8B BC 5F 70 AB 92 DB 9E 1F F9 D2  |.H..w.._p.......|
00003040  84 00 6C 2D B7 99 FE 41 FD FA 28 82 FF E9 6B CD  |..l-...A..(...k.|
00003050  E9 BA 33 A9 E3 43 FC F4 58 D7 F4 C9 6B B6 A9 D9  |..3..C..X...k...|
00003060  E1 FD 6E 16 B1 FF 5D 13 FB CF 2D F0 DD BE DB FE  |..n...]...-.....|
00003070  BB 66 A5 F1 B9 A1 E4 13 5C E7 D5 75 2F 63 EC 7F  |.f......\..u/c..|
00003080  FF C4 05 E7 5B 9B 77 AC 59 B3 6A C7 B2 EE E5 FB  |....[.w.Y.j.....|
00003090  0A 8B B3 B1 7F D8 AC E4 9C 39 B4 9D B7 A3 FF 7E  |.........9.....~|
000030A0  41 76 79 44 2D 20 AA BC 4B 0A 94 DB A9 9E F9 E7  |AvyD- ..K.......|
000030B0  01 2E D8 A3 3A 53 AD E3 FA B5 AB 08 F2 A7 23 FF  |....:S........#.|
000030C0  9F BD 2F 01 8F E2 BA D2 AD EA 6A 01 12 02 43 0C  |../.......j...C.|
000030D0  BC 24 5E 52 31 C4 C8 C6 18 64 9C 38 09 4E 9E AB  |.$^R1....d.8.N..|
000030E0  AB 4B EA 92 AA BB 45 75 4B 32 8C 9D C5 26 09 24  |.K....EuK2...&.$|
000030F0  99 78 C9 D8 4E E6 39 79 52 97 B6 D6 02 5A 91 40  |.x..N.9yR....Z.@|
00003100  2C 2D 21 16 21 21 09 24 AC 15 84 69 B1 38 21 44  |,-!.!!.$...i.8!D|
00003110  E3 64 62 92 F9 FC 7D B2 5B D5 4B C6 79 93 CC 4B  |.db...}.[.K.y..K|
00003120  E2 64 26 6F DE BB F7 56 B5 24 F2 84 ED 46 97 71  |.d&o...V.$...F.q|
00003130  0D 75 CF 87 E8 92 BA EF FD AA CF 39 F5 D7 A9 73  |.u.........9...s|
00003140  CF FD CF 20 1B AD DB 47 34 6C 40 9B BB 8C 88 7C  |... ...G4l@....||
00003150  4F ED A0 D1 6B 17 F8 F9 E2 12 8A 8A 82 57 C7 32  |O...k........W.2|
00003160  ED BD E3 D6 FF FF F3 8B C0 C7 17 6C 66 16 E5 04  |...........lf...|
00003170  29 16 E6 FB 27 CA 39 E6 FC E2 E5 6B 52 9F F9 09  |)...'.9....kR...|
00003180  D3 CD 4C 58 44 3A 2D F9 36 4A CF F7 F7 22 32 9F  |..LXD:-.6J..."2.|
00003190  0E C8 E6 A9 D4 86 94 32 E2 04 94 EC E1 59 CE 65  |.......2.....Y.e|
000031A0  17 64 49 E0 1D 5E A2 0F 13 C6 FD 2E CC 7D BB BA  |.dI..^.......}..|
000031B0  FC 20 EE 8F EE 38 11 3D D5 01 E0 9F 28 D8 04 36  |. ...8.=....(..6|
000031C0  C7 23 E5 FA 6B F7 8C BF 75 E9 AF C2 B2 D9 C7 5C  |.#..k...u......\|
000031D0  7A 80 2E 58 FF 42 41 E3 32 80 FD BF AE 6F 60 7E  |z..X.BA.2....o`~|
000031E0  F4 F3 FB 36 2E 7A E6 61 46 62 94 55 17 A9 38 F6  |...6.z.aFb.U..8.|
000031F0  0F 86 94 1A AD 4B 0B 1B 27 F0 DF 49 BC 80 E3 59  |.....K..'..I...Y|
00003200  4F 0E 27 7B 39 36 47 E6 1C 24 E5 6F 3E 01 E6 C7  |O.'{96G..$.o>...|
00003210  8B FD 03 0A E4 F1 0C 8C C0 7D BD FD 7D 64 AD 97  |.........}..}d..|
00003220  C8 07 94 8A 52 6D AD B7 27 81 31 8F 7E 97 A2 D6  |....Rm..'.1.~...|
00003230  BF 40 7D 0B C6 FD AF 37 D1 D4 65 6A FD 06 5B F2  |.@}....7..ej..[.|
00003240  A7 19 9B F2 29 66 8C 4A D3 D7 7A 77 21 B8 57 10  |....)f.J..zw!.W.|
00003250  B1 4F B5 B6 AF 97 B5 E5 9B 5D DF 36 89 E3 B3 6D  |.O.......].6...m|
00003260  B9 B2 8B 95 DD 79 82 EC 21 49 1F F3 79 00 DE E7  |.....y..!I..y...|
00003270  7F 80 FD 20 E8 57 8B 2B C2 7B 3B 61 CE 87 64 FA  |... .W.+.{;a..d.|
00003280  6F 7D 9B E3 91 6D FA EB 89 59 DE FB C6 75 C6 FC  |o}...m...Y...u..|
00003290  FB BB B7 53 6C CB 7C 54 E3 39 DE C4 C1 7C FF 1D  |...Sl.|T.9...|..|
000032A0  0B 93 EF 9D B7 F2 42 28 29 03 C4 FD 5A 8D E7 D1  |......B()...Z...|
000032B0  90 D2 17 F2 B5 20 D4 2F 43 C0 4F 7C 00 3C 4B 01  |..... ./C.O|.<K.|
000032C0  C0 F7 BA 5D 04 F2 CD EC 01 78 B1 FF 80 A2 8E 34  |...].....x.....4|
000032D0  C6 5A 46 E1 12 2F C9 F7 9B C2 E6 78 E4 E5 3D 5A  |.ZF../.....x..=Z|
000032E0  BE FF 64 02 63 1E 6B 9B FF CC 44 9D 35 0D E5 FB  |..d.c.k...D.5...|
000032F0  B5 B8 7F 65 6A 72 07 B3 4F 79 3A 49 A0 8F 4E ED  |...ejr..Oy:I..N.|
00003300  EB 45 6C 0E 6C 3E 31 FD 0C C9 C8 95 1C 9C 93 40  |.El.l>1........@|
00003310  BF A9 3D 00 2F F6 77 57 AA 15 B5 EA 91 12 96 44  |..=./.wW.......D|
00003320  FC 66 B1 39 1E F9 A6 5E E7 33 1B CF DA D7 AE 33  |.f.9...^.3.....3|
00003330  E6 9E CE DB 17 7D A5 AB FC 7B 7A DC 6F B9 1C 48  |.....}...{z.o..H|
00003340  BF 3D 35 B9 2B A9 AD B8 C8 5A 4C 2D D0 EB 7C CA  |.=5.+....ZL-..|.|
00003350  10 4F 73 09 A4 6D 86 77 00 12 F5 23 F1 BA BD 5E  |.Os..m.w...#...^|
00003360  C1 05 E1 DF E1 F6 7A 72 72 65 72 1B 30 9F 07 60  |......zrrer.0..`|
00003370  9D 2F EC 6F 8A F8 07 21 A7 03 80 7F 92 F3 31 85  |./.o...!......1.|
00003380  CD F1 48 50 8F FB FB 12 18 B3 6E 2D E4 74 28 58  |..HP......n-.t(X|
00003390  05 B1 7F 7E 80 A6 C6 A9 C7 78 7B EA FD 16 B7 ED  |...~.....x{.....|
000033A0  5E 6B 06 95 B6 54 CB F9 1C 0B F9 86 B5 2D 5D C4  |^k...T.......-].|
000033B0  F6 D3 C2 65 B1 5C EE E3 82 4C 68 DC CC EB 01 78  |...e.\...Lh....x|
000033C0  D7 7A C3 9D 47 D4 96 FD 84 BA D9 D0 36 CF 7D DC  |.z..G.......6.}.|
000033D0  80 67 D5 AB 41 3F 75 0A FC FC 29 89 A2 F6 81 DF  |.g..A?u...).....|
000033E0  FF 51 7F EF B9 59 3E DF 0A DE 5F 73 EF 42 98 F3  |.Q...Y>..._s.B..|
000033F0  59 F1 11 80 FD B5 01 D1 02 B0 7F CD C2 D4 CF 5B  |Y..............[|
00003400  0F BC F6 34 E3 A7 F4 9C 0F C0 7E B8 B1 AB 37 A4  |...4......~...7.|
00003410  D4 6B 2B BE 2C FA FD A8 C9 A9 9C DD D2 66 67 8E  |.k+.,........fg.|
00003420  B8 29 57 60 A5 CD 6E 97 8B 13 49 CF 5E D3 79 00  |.)W`..n...I.^.y.|
00003430  DE F9 62 A5 95 E1 26 1F D1 AB 91 05 5C EB 06 3C  |..b...&.....\..<|
00003440  AB 2F E9 71 FF 2B 09 8C B1 FF 3D E2 72 73 C0 1A  |./.q.+....=.rs..|
00003450  4F 31 E0 A4 C7 1F 87 71 FF 03 96 87 E7 59 93 7E  |O1.....q.....Y.~|
00003460  A2 63 BF CC B3 28 DF DF 1B F2 91 92 E3 19 02 F4  |.c...(..........|
00003470  22 09 2E 02 F8 66 F6 00 BC E0 1F DE DB 18 DE D5  |"....f..........|
00003480  4D F4 6A 68 EC 17 5C 06 3C AB DB F5 D7 A1 59 DE  |M.jh..\.<.....Y.|
00003490  7B F9 3A 63 A2 F5 49 08 FB 21 7F FF 44 97 68 79  |{.:c..I..!..D.hy|
000034A0  83 7A 62 CD F2 94 2F 30 0F F0 63 96 2A 80 FD A8  |.zb.../0..c.*...|
000034B0  BE 5F D9 0B 99 1C 60 CE A7 C2 EC 1C 3E 33 C5 E6  |._....`.....>3..|
000034C0  96 DC 99 2E D8 BA 85 4D FF DC FA CF 11 85 98 D1  |.......M........|
000034D0  03 B0 CE A7 56 ED 09 F7 35 AB 3D 23 93 43 7B 88  |....V...5.=#.C{.|
000034E0  76 CD 61 73 3C F2 92 9E F3 19 4E 60 CC 86 1C 1A  |v.as<.....N`....|
000034F0  D6 F7 6F 85 D8 1F 82 D8 FF F3 27 37 0A 29 AF 30  |..o.......'7.).0|
00003500  1D 0A 63 7D 2D 5E E3 09 EB FB 3B 21 91 9B AF 95  |..c}-^....;!....|
00003510  B5 91 3D 4C 53 5E 20 0B 1E 5E 24 6D BB 4C ED 01  |..=LS^ ..^$m.L..|
00003520  78 B1 7F 40 89 9D 2C 8C D6 FA A2 05 AF 10 ED 9A  |x..@..,.........|
00003530  C3 E6 78 64 8B 9E F3 F9 20 9B 01 75 FA 07 2A BB  |..xd.... ..u..*.|
00003540  8D 49 0E 94 D0 CF 42 EC AF EE E2 60 DC BF 61 45  |.I....B....`..aE|
00003550  CA B1 79 1F 5F E0 60 B2 A6 F6 F5 1E 86 84 0E 90  |..y._.`.........|
00003560  BA B9 0A 46 FF BE 11 E2 01 50 72 ED A2 4B F0 08  |...F.....Pr..K..|
00003570  2C CF 49 BC E8 26 FA 30 A5 07 60 9D 6F 72 B0 32  |,.I..&.0..`.or.2|
00003580  3A 7A 4C 2D 29 26 99 1F D3 D8 1C 8F 58 F4 D7 51  |:zL-)&......X..Q|
00003590  FD 15 F2 79 7A 93 B5 E3 B3 B3 7C FE 55 F0 73 E4  |...yz.....|.U.s.|
000035A0  35 EB 8A 89 3A AB 03 72 B9 D5 5E 12 2D 93 6C CD  |5...:..r..^.-.l.|
000035B0  1D CB 17 AF B5 7E B2 E2 53 D6 CC A9 9C CF 6E B4  |.....~..S.....n.|
000035C0  D0 8B 98 FB 7D A4 D4 27 2E 1E 89 B5 09 AE 0C 91  |....}..'........|
000035D0  27 8F 42 A6 F5 00 BC E5 CE E1 BD 9D D1 9D 27 D5  |'.B...........'.|
000035E0  AA 16 A2 5A C3 8A F4 B8 11 E3 FE 3F 53 D3 38 FF  |...Z.......?S.8.|
000035F0  5B AB 86 FD AF CC BF F6 7E 00 25 B4 64 1A FB 8B  |[.......~.%.d...|
00003600  8E 27 41 EC 7F 71 51 1C FB FF 54 0D B0 FF 24 93  |.'A..qQ...T...$.|
00003610  56 6C 49 5A 40 A5 E9 D8 BF 0F B1 B8 11 FE B6 6B  |VlIZ@..........k|
00003620  25 83 67 73 DC B2 97 44 FC A6 15 60 7E BC D8 DF  |%.gs...D...`~...|
00003630  DB AA F6 D4 AB CD 84 C6 C7 3C 36 C7 23 C7 76 D2  |.........<6.#.v.|
00003640  53 98 FE 5B EA FA D8 4F CD B8 47 BC 73 CC 9A 12  |S..[...O..G.s...|
00003650  28 A1 5F 4C B9 26 EE FF 2C B3 B1 EC BC E5 C2 4C  |(._L.&..,......L|
00003660  2E 37 0D FE 4B 50 E6 A7 37 E4 EB 61 F9 1C D3 47  |.7..KP..7..a...G|
00003670  7D 10 F9 45 57 26 51 85 69 3D 00 B3 E5 A3 35 2D  |}..EW&Q.i=....5-|
00003680  D1 EA A2 88 7F F7 E4 E9 BA A8 EF 24 51 B0 11 E3  |...........$Q...|
00003690  FE 3C 23 6E 6D 7D 52 DF D7 7B 6E 96 F7 92 E9 D9  |.<#nm}R..{n.....|
000036A0  C7 5C BC 7B 01 05 E2 7E 11 E6 7C C6 61 EF 96 3F  |.\.{...~..|.a..?|
000036B0  F5 AC A4 16 A6 31 B6 E0 AA A4 8B 71 2E 37 B8 B1  |.....1.....q.7..|
000036C0  AB 0E 65 FA 61 AF 2E 16 ED F3 3D 86 98 9D CB D9  |..e.a.....=.....|
000036D0  3C F3 6E F2 95 05 0E 66 7D BC A2 87 B5 71 92 DB  |<.n....f}....q..|
000036E0  99 23 06 FD E4 DA 30 93 00 E3 63 9D 4F 6D D9 1F  |.#....0...c.Om..|
000036F0  19 EE 53 CB DA 27 87 F6 44 FC 83 B1 D2 4A 78 30  |..S..'..D....Jx0|
00003700  D4 CB 46 86 47 C9 1E 5F 83 DC EF 05 23 EE EB FD  |..F.G.._....#...|
00003710  8A CE E3 19 4C E4 9B D4 32 05 20 EE 67 6F 83 6B  |....L...2. .go.k|
00003720  BD 57 BF 0A FB 76 AD 59 B1 F0 14 9D C5 9F B3 2A  |.W...v.Y.......*|
00003730  74 BC CE 47 03 FE 3E 96 23 6C 0E 33 B1 9F 67 79  |t..G..>.#l.3..gy|
00003740  41 F2 72 B0 63 57 9E 98 49 72 3F A6 13 60 7E AC  |A.r.cW..Ir?..`~.|
00003750  F3 01 E0 0F 97 95 11 36 07 23 0B B8 D2 0D 78 56  |.......6.#....xV|
00003760  FF 56 A6 61 FF 18 F8 B1 80 38 3F 7D 09 45 3D B4  |.V.a.....8?}.E=.|
00003770  E4 BD C7 08 FB 2C 54 A0 A4 F0 A9 A5 28 EE A7 29  |.....,T.....(..)|
00003780  80 FD 1B 52 17 8E D2 BF 18 B3 31 42 7C 5F AF 52  |...R......1B|_.R|
00003790  8D DA 75 F5 B2 21 5F 17 E4 EF 47 BF C0 82 4F 73  |..u..!_...G...Os|
000037A0  DF 0B 50 DC EF 71 F3 A2 60 E7 EC F0 06 90 11 DC  |..P..q..`.......|
000037B0  E3 35 66 F9 2F 91 9B E3 01 1E BC 37 7C B5 BF 0F  |.5f./......7|...|
000037C0  36 ED 3A 52 A3 0E 54 86 77 77 41 16 FF B6 01 72  |6.:R..T.wwA....r|
000037D0  2B 30 16 F6 F3 46 C4 FE 3F 56 68 89 9D F3 FA EF  |+0...F..?Vh.....|
000037E0  90 C7 E1 9C DE AF 6B B6 8D E2 4B C1 C7 8B FE CE  |......k...K.....|
000037F0  02 F9 7C EE 7B 10 C6 FD 2F 8B 96 33 97 FE 7C FF  |..|.{.../..3..|.|
00003800  F2 97 9A 99 93 4C BB B5 72 AA CE A7 01 76 6B 84  |.....L..r....vk.|
00003810  05 9E 1D 88 BF BF 41 EB DF 68 76 2F C8 10 5C 82  |......A..hv/..\.|
00003820  6C E3 1C C1 52 81 F5 64 93 AB C2 84 1E 80 39 F6  |l...R..d......9.|
00003830  89 F6 0D AA 25 C5 E0 0E A0 96 95 12 ED 1A F6 AA  |....%...........|
00003840  37 E0 59 AD D4 D7 7A 2F CC F8 5B BC 62 A0 78 C6  |7.Y...z/..[.b.x.|
00003850  DF 46 F4 FB C1 62 F0 F1 CA 47 29 6A C9 6A CA 91  |.F...b...G)j.j..|
00003860  06 FB F5 1E 16 99 9F FD D0 C9 53 2F A5 33 EB 4B  |..........S/.3.K|
00003870  56 AD 4A A1 E3 75 3E 35 90 C1 D3 D7 8F FE 6F 43  |V.J..u>5......oC|
00003880  31 3F 21 77 A0 A8 1C CE C5 79 1D A2 8B 13 B3 DD  |1?!w.....y......|
00003890  A4 71 8B 49 3D 00 6F DC 3F D0 10 19 EA 8D 9E 69  |.q.I=.o.?......i|
000038A0  06 FF 83 E8 9F 54 F9 13 F9 80 62 4F D6 40 FD 62  |.....T....bO.@.b|
000038B0  02 63 42 FF 0D 62 7F C1 F3 90 CF 87 6A 83 F7 0E  |.cB..b......j...|
000038C0  47 36 F5 7C 8D B5 26 C3 F6 B1 4B F4 A5 9C 29 2E  |G6.|..&...K...).|
000038D0  B7 4E 54 E2 BF 0B 75 6E EC 66 6D 84 C5 06 5C F9  |.NT...un.fm...\.|
000038E0  82 87 CD 75 89 5E C1 4E 74 61 5A 0F C0 8B FD 87  |...u.^.NtaZ.....|
000038F0  0E 4D 8E 1C 56 03 2D 90 BF 9F F4 6E 31 A4 B8 0D  |.M..V.-....n1...|
00003900  B9 AF F7 87 FA BE DE D7 12 F1 DE E7 69 C8 E7 B3  |............i...|
00003910  0D 72 38 BF 33 D5 B3 F1 E1 A4 87 2F B5 31 0B A6  |.r8.3....../.1..|
00003920  D6 7A B5 3E 8D 07 50 75 67 27 A4 F0 27 6B BE 40  |.z.>..Pug'..'k.@|
00003930  6C A2 EC 14 5D 99 90 C0 9F 17 BD 9B 49 E4 6F 46  |l...].......I.oF|
00003940  0F C0 3A DF E4 48 77 B8 69 47 64 B4 87 25 C0 6F  |..:..Hw.iGd..%.o|
00003950  16 9B E3 91 EF EA 35 9E 97 13 18 F3 BD DA C5 A9  |......5.........|
00003960  6C CB 7C D4 B7 EB 7C D3 72 E6 72 60 FD 1D 8B 93  |l.|...|.r.r`....|
00003970  3F C3 DC 75 5E B5 08 53 7C 3E 9D 68 79 77 14 DC  |?..u^..S|>.hyw..|
00003980  01 08 EA 4F 8B 24 88 BC E0 F1 0A 32 81 7E F3 7A  |...O.$.....2.~.z|
00003990  00 D6 F9 A2 3B 4E C0 B5 5E FF 20 C1 7E D3 D8 1C  |....;N..^. .~...|
000039A0  8F D4 97 6B 75 3E 3F 49 60 CC E9 53 0C AC F3 79  |...ku>?I`..S...y|
000039B0  16 E6 7C 1E 69 2A 66 B4 B8 BF 9B E1 8B 9F 4A 4A  |..|.i*f.......JJ|
000039C0  9A EA D9 08 22 7E 3F CA F6 0C 69 7D DB 59 99 74  |...."~?...i}.Y.t|
000039D0  6F A4 28 A7 68 B7 4B 82 C7 26 BB 73 33 1D 04 FA  |o.(.h.K..&.s3...|
000039E0  CD E9 01 58 E7 8B 9C E8 55 CF F4 AB 3D F5 B0 C2  |...X....U...=...|
000039F0  07 66 7E 86 5A 49 85 CF 2D 6E 73 3C 72 5C C7 FE  |.f~.ZI..-ns<r\..|
00003A00  9F 26 30 E6 CE B6 05 29 13 75 D6 6D 10 FB 7F D1  |.&0....).u.m....|
00003A10  B4 96 B9 DC 99 BE 32 35 79 84 F9 B4 F0 34 A3 4C  |......25y....4.L|
00003A20  F5 6E 39 05 E9 DC C0 FF 30 E5 DF A8 B7 6B 27 F0  |.n9.....0....k'.|
00003A30  EF 71 E7 7A 1D 9C 33 87 F4 6B 37 B1 07 60 9D 4F  |.q.z..3..k7..`.O|
00003A40  AD 6A 54 BB FC E1 DD 5D 7A BB 76 02 FC B7 BE CD  |.jT....]z.v.....|
00003A50  31 C5 FD 55 5A BE 7F 3C 81 31 23 79 0B 61 CE E7  |1..UZ..<.1#y.a..|
00003A60  45 98 F3 B9 7C A9 86 B9 7C 35 FD 8E C5 C9 9F 4F  |E...|...|5.....O|
00003A70  DA 93 6C 67 FC 53 FB 7A 0F A3 EA CE BE 90 AF 05  |..lg.S.z........|
00003A80  25 FE 77 5E 73 13 D8 6C D6 34 50 BE 5B CA 13 E4  |%.w^s..l.4P.[...|
00003A90  38 FA E7 73 2E BB 20 0B 32 A9 F8 31 95 07 60 9D  |8..s.. .2..1..`.|
00003AA0  2F 7C 52 81 7C 3E 23 8D E1 13 F1 3B 40 6C B8 26  |/|R.|>#....;@l.&|
00003AB0  36 5C 44 54 7D CB DA 1C 8F 8C EA 6B BD FF 30 CB  |6\DT}......k..0.|
00003AC0  7B 1B 52 AE 3F 6E C9 6A 2A 1D D6 78 AE D7 FA F5  |{.R.?n.j*..x....|
00003AD0  7A EC A9 FD F4 65 FA B0 A5 98 4E 5B A2 61 7F AB  |z....e....N[.a..|
00003AE0  C6 E6 10 F2 75 23 16 FF 63 C4 03 A0 70 3C CB 65  |....u#..c...p<.e|
00003AF0  71 3C E1 6F 36 B1 07 E0 A5 70 8D 35 8D C6 9A 8B  |q<.o6....p.5....|
00003B00  D5 E2 8A A8 6F 17 D1 AE 41 6D 9E 65 44 DA DE 9F  |....o...Am.eD...|
00003B10  EA D8 FF 7A 82 E3 96 AC 2E F8 0E DC D7 2B 05 E0  |...z.........+..|
00003B20  F8 C7 3C 94 FD 30 FD AB C2 64 46 A4 1D 4B 66 EC  |..<..0...dF..Kf.|
00003B30  EB D5 88 DC 7C AD C4 FC F1 A7 3F 9E B5 71 1E AF  |....|.....?..q..|
00003B40  48 28 9C CD EB 01 78 9F 79 B5 7D BD D1 5A 1F E9  |H(....x.y.}..Z..|
00003B50  DB 65 58 B1 79 8D B8 D6 7B 59 C7 FE 9F 25 30 E6  |.eX.y...{Y...%0.|
00003B60  EF 9E A7 A8 F5 2F 14 3C 05 7B B5 3F 14 78 13 C6  |...../.<.{.?.x..|
00003B70  FD BC 3D 75 A5 E5 F3 63 42 52 56 BC CE 07 32 39  |..=u...cBRV...29|
00003B80  1C 8C 17 78 F6 12 F3 EB 22 70 6C 66 AE E8 CA E4  |...x...."plf....|
00003B90  9C 84 C7 D3 AC 1E 80 77 7F 7F A4 BE 49 2D 21 54  |.......w....I-!T|
00003BA0  E9 86 16 70 C9 1B F0 AC B6 E9 D8 FF 8F FA EF 7D  |...p...........}|
00003BB0  E0 E7 D9 F7 19 F3 EE E4 FC C5 13 75 D6 2F 43 FE  |...........u./C.|
00003BC0  FE C9 40 0D 33 BE 8A DB F0 4C EA 85 A4 F6 8B 5B  |..@.3....L.....[|
00003BD0  E9 CA A9 1A CF 63 28 CD 4F BA B6 5C 2B 92 28 49  |.....c(.O..\+.(I|
00003BE0  02 EB F6 90 F4 BE 89 3D 00 EB 7C B1 D2 4A B5 A7  |.......=..|..J..|
00003BF0  9E E8 D5 4C 36 C7 23 5B 75 EC 7F 63 C6 DF 7E F5  |...L6.#[u..c..~.|
00003C00  7E 91 46 37 DC DB 55 D0 B8 0C 61 3F CA F7 6F A4  |~.F7..U...a?..o.|
00003C10  52 BB 98 11 BE CD 9A 31 C5 E5 D6 8A 16 77 F7 20  |R......1.....w. |
00003C20  E6 E6 A3 C4 FC BA 38 DD 2E 6F 8E 20 49 A2 20 B3  |......8..o. I. .|
00003C30  0E 72 07 30 A7 07 60 9D 2F 5A BB 5B 3D 3D A2 96  |.r.0..`./Z.[==..|
00003C40  B5 AB 07 14 A2 5D 73 D8 1C 8F 7C 55 C7 FE AB 33  |.....]s...|U...3|
00003C50  FE F6 7E F9 1F 7A A5 65 45 A0 A4 70 15 C4 FE F3  |..~..z.eE..p....|
00003C60  01 D1 32 5E CE 6D 5C 9E DA C9 0C 07 57 26 25 D3  |..2^.m\.....W&%.|
00003C70  7A EF 16 A5 1C 61 3F 79 18 BD 56 32 78 D6 C5 B9  |z....a?y..V2x...|
00003C80  BC 02 E1 B7 30 AF 07 60 E6 F3 A9 6A 8C F8 09 55  |....0..`...j...U|
00003C90  96 A1 C5 C5 19 11 FB BF A1 63 FF 2F F5 DF 4F 51  |.........c./..OQ|
00003CA0  EF 9F F3 79 67 75 D2 F2 89 3A EB 0A D4 AF 17 62  |...ygu...:.....b|
00003CB0  FF D6 C7 36 A4 A4 BA 99 57 8B DE A2 A7 7A B7 28  |...6....W....z.(|
00003CC0  15 88 BF 9F 38 E5 B5 E2 CE 04 E0 2F F2 02 CB 07  |....8....../....|
00003CD0  EB BD 02 6B 5F CD 6D C9 95 89 5A CC E5 01 78 B1  |...k_.m...Z...x.|
00003CE0  BF 67 84 F0 B7 19 1D FB 45 23 3E E1 97 F9 35 EC  |.g......E#>...5.|
00003CF0  8F E7 79 5E D1 F1 FF BD E4 B6 DF 24 21 FE 7E B8  |..y^.......$!.~.|
00003D00  D6 EB 09 38 E9 F1 C7 1F DB 40 A5 0E D1 97 15 85  |...8.....@......|
00003D10  29 9F CA F9 68 44 6E 95 C4 F0 D7 88 C7 CB D9 05  |)...hDn.........|
00003D20  56 16 5C 2E 4E 24 55 FD 66 14 19 33 9F 6F AC B9  |V.\.N$U.f..3.o..|
00003D30  3F 5C D8 4E F4 6A 26 9B E3 91 57 F5 B8 FF 9F 12  |?\.N.j&...W.....|
00003D40  1C 97 13 A4 56 2C 43 D8 7F 82 D1 EA 7C 78 86 CF  |....V,C.....|x..|
00003D50  B0 30 A5 F4 51 BD BE FF 34 22 70 3E 02 A2 7F 62  |.0..Q...4"p>...b|
00003D60  FB 99 4F FC B0 73 8B 83 CB 7D 7C 2D 4C FD DB 82  |..O..s...}|-L...|
00003D70  7E 49 E4 64 42 EA 69 A2 BB BF 1B EF 0D 3F D2 D7  |~I.dB.i......?..|
00003D80  4A 2A FB 4D 66 73 3C 92 A2 F7 E4 7D 73 C6 DF DE  |J*.Mfs<....}s...|
00003D90  2F E7 F3 B7 F5 68 AD 17 F5 ED 9A 08 BC A5 AF F5  |/....h..........|
00003DA0  9E 65 3A 82 AC 35 69 8A C7 B3 2C E4 3B A4 95 FA  |.e:..5i...,.;...|
00003DB0  A0 E4 CF 10 F1 00 28 5E 77 AE E4 CE F5 08 24 E4  |......(^w.....$.|
00003DC0  37 AD 07 60 B6 BC DA 7C 46 AD 6A 55 8B 49 76 D5  |7..`...|F.jU.Iv.|
00003DD0  D0 57 BD 01 CF 6A B4 44 E3 F3 79 6B C6 DF 7E A8  |.W...j.D..yk..~.|
00003DE0  BF DE F7 9E BD 1B 0B 9E 5F 3A CD DF CF 50 D4 C1  |........_:...P..|
00003DF0  79 FB 2F 5D 02 AF 01 3D E7 D3 8D CA 3C 0F C2 82  |y./]...=....<...|
00003E00  1F 48 E8 49 32 92 48 6C 6E 39 D7 E3 11 39 D6 19  |.H.I2.Hln9...9..|
00003E10  DC E5 E2 1D 82 2B 53 E2 EC 36 8E 77 10 D5 98 C5  |.....+S..6.w....|
00003E20  03 9C 98 EB FB EB 0E 6B FD D9 A3 3B 3A A2 15 3B  |.......k...;:..;|
00003E30  D5 E2 0A A2 63 A3 49 BE BC D9 80 67 75 51 C7 FE  |....c.I....guQ..|
00003E40  B7 67 79 AF 8F 7E CF A1 DF 7D F0 1A EC DF 6F 3D  |.gy..~...}....o=|
00003E50  58 34 3F 69 0A FB 21 97 1B 80 FF F6 90 AF 8F AC  |X4?i..!.........|
00003E60  F8 4E 8B 20 BA BC 32 80 7A 2F 9B 21 73 AE EC 8C  |.N. ..2.z/.!s...|
00003E70  5C D9 4B 94 62 AE E7 FF 4C BC 7D 3C 20 9B 43 F5  |\.K.b...L.}< .C.|
00003E80  51 75 A8 2E 5C E1 0F 97 95 91 75 5F 03 CA E3 D9  |Qu..\.....u_....|
00003E90  46 EC D7 7B 56 C7 FE D0 6C 11 C5 7B 8E 2C F8 D6  |F..{V...l..{.,..|
00003EA0  BA BF C6 FE 0B DB AC D3 D8 7F 14 55 F6 0F 86 94  |...........U....|
00003EB0  FD A8 77 2F E4 F6 21 4E 00 39 1D 32 64 41 B4 E5  |..w/..!N.9.2dA..|
00003EC0  CA 99 44 19 26 F5 80 0C AC F3 45 4F 75 80 B8 1F  |..D.&.....EOu...|
00003ED0  40 7E AC BD 53 1D A8 24 CC 0E 06 14 87 C3 88 57  |@~..S..$.......W|
00003EE0  FB 05 1D FB 67 C3 F9 D0 7B 63 FF 4B 7F 95 F3 B1  |....g...{c.K....|
00003EF0  76 14 85 A7 B1 1F D6 F7 03 C8 EF D0 5A B4 83 63  |v...........Z..c|
00003F00  E2 01 50 F2 32 6C AC C7 9B EB F5 66 72 24 E2 37  |..P.2l.....fr$.7|
00003F10  AB 07 60 9D 0F 36 EB 3D D5 A1 56 B5 A8 65 A5 6A  |..`..6.=..V..e.j|
00003F20  1B D9 47 6F 44 71 6D 32 E2 EA 5E 96 5E E7 13 4D  |..GoDqm2..^.^..M|
00003F30  78 64 01 BF EC AF B0 FF E3 3F FE 91 65 3A EE 1F  |xd.......?..e:..|
00003F40  86 2D DA 61 99 67 11 CA FC F4 C0 FF 49 CD 4F 5E  |.-.a.g......I.O^|
00003F50  86 C4 E6 BB A5 0C 0F 89 FC 4D 2A F9 6E CC 5C 6E  |.........M*.n.\n|
00003F60  7B 0F 46 FC 83 30 E1 13 18 51 2B 6A 89 82 8D F8  |{.F..0...Q+j....|
00003F70  AC 27 1B 71 0F CF DD FA EB AF 13 18 F3 83 0D F3  |.'.q............|
00003F80  17 07 4A E8 AD 0F C0 3A 9F 2E CE F2 06 F5 C4 CA  |..J....:........|
00003F90  15 29 6B 99 D5 C5 AD 49 59 74 DA 02 B4 AF 17 72  |.)k....IYt.....r|
00003FA0  38 8F 22 BC EF 05 07 C4 FC BA 70 5E 4E E2 5C 5E  |8.".......p^N.\^|
00003FB0  8E B5 91 3A 1F D3 7A 00 D6 F9 26 87 F6 00 EC 57  |...:..z...&....W|
00003FC0  8B 7B D4 B6 23 44 BB C6 14 9B 60 44 EC F7 EA 71  |.{..#D....`D...q|
00003FD0  FF 3F 27 30 E6 CD 5A 54 E3 F9 DC ED 00 FB FF 57  |.?'0..ZT.......W|
00003FE0  D7 C7 18 80 FD 1B 85 94 73 B4 23 38 C1 54 30 3A  |........s.#8.T0:|
00003FF0  A7 03 CC F7 83 A0 7F 5F 48 21 CC FD 33 44 70 E6  |......._H!..3Dp.|
00004000  B8 25 91 54 78 9A DA 03 B0 CE 17 2E 6C 0F F7 B6  |.%.Tx.......l...|
00004010  AA 65 64 7B 97 79 6C 8E 47 FE 58 AA 61 FF BF 24  |.ed{.yl.G.X.a..$|
00004020  30 86 65 10 7F FF 7D 90 D3 21 A7 8B A6 00 F6 67  |0.e...}..!.....g|
00004030  53 42 07 FD 05 E5 1B 68 5F AF C6 E7 D3 19 52 14  |SB.....h_.....R.|
00004040  B4 C4 3B 12 52 CA 89 F9 75 91 85 CC 4C D1 C5 B1  |..;.R...u...L...|
00004050  E9 9F 4B 7F 98 68 C3 A4 1E 80 75 BE 58 73 BF 5A  |..K..h....u.Xs.Z|
00004060  ED 8F 0C 11 9E 74 F3 D8 1C 8F A8 7A 1D E7 6F 67  |.....t.....z..og|
00004070  79 8F BF 4E 8D 27 DD 3C 1F 72 3A 3C 07 B1 FF ED  |y..N.'.<.r:<....|
00004080  AE 2A 18 F7 AF A4 52 56 5B BA 98 A3 CC 85 38 F6  |.*....RV[.....8.|
00004090  4F 77 EA F5 A3 82 1F D2 BE 05 49 2E CF 7A 38 67  |Ow........I..z8g|
000040A0  8E DD 2D 93 F6 2D E6 14 60 7E BC 71 7F 4B 4D 78  |..-..-..`~.q.KMx|
000040B0  77 97 DA B6 07 84 FE A4 C8 C7 98 22 89 46 C4 FE  |w..........".F..|
000040C0  6E 3D E7 F3 AF 09 8C F9 44 04 F5 6E 79 11 D6 F9  |n=......D..ny...|
000040D0  BC 7D D6 CF 4C B4 15 6E A4 16 5D A4 C7 ED 3E 8B  |.}..L..n..]...>.|
000040E0  A0 73 B9 71 5B 88 C5 67 13 6E 0B CB 49 D9 4E 8E  |.s.q[..g.n..I.N.|
000040F0  23 04 6E A6 F5 00 BC F3 C5 9A 46 61 BF DE E2 0A  |#.n.......Fa....|
00004100  58 E3 49 88 FC 8D 69 73 29 DB 80 67 D5 AB 63 FF  |X.I...is)..g..c.|
00004110  EF 13 18 53 F8 00 C4 7E EA 39 58 E7 F3 9B B3 6B  |...S...~.9X....k|
00004120  99 89 8F 17 6C 2C 58 24 59 BF 38 4F A1 CB A6 78  |....l,X$Y.8O...x|
00004130  3C 1B 42 CA 71 94 F0 A9 40 CB BD 27 49 F7 2E 28  |<.B.q...@..'I..(|
00004140  19 3C 9B 29 BB 5D A2 2B D3 90 F4 4E 44 6E BA 00  |.<.).].+...NDn..|
00004150  F3 E3 8D FB 03 23 91 D3 8D 6A 57 61 38 40 B6 50  |.....#...jWa8@.P|
00004160  9A C4 E6 78 E4 A4 8E FD 7F 48 60 CC F6 E7 50 DC  |...x.....H`...P.|
00004170  FF DC FD 08 FB 4F 31 13 14 C4 FE D7 E9 51 FB 3D  |.....O1......Q.=|
00004180  B4 40 C7 79 3C 9B 10 F0 6B 6C 9E 0D A8 C4 7F 84  |.@.y<...kl......|
00004190  C0 3F DC DB E5 10 04 59 70 E5 09 04 FC 4D 29 C0  |.?.....Yp....M).|
000041A0  FC 78 B1 FF 54 FF E4 C8 E1 68 79 27 51 AD 69 6C  |.x..T....hy'Q.il|
000041B0  8E 47 7E 5E AD 61 FF BB 09 8C 29 BB 1D AD F5 6E  |.G~^.a....)....n|
000041C0  87 71 FF EB 67 45 88 FD D9 D4 A2 87 92 D6 FD E8  |.q..gE..........|
000041D0  6B 8C 48 5F 42 3C 9E 2E 01 F2 D4 67 39 05 12 DF  |k.H_B<.....g9...|
000041E0  5E 23 44 2F C4 03 F0 D6 78 01 D4 0F F7 35 13 BD  |^#D/....x....5..|
000041F0  9A C9 E6 78 A4 4B 8F FB FF 2D 81 31 81 DB 10 87  |...x.K...-.1....|
00004200  F3 D3 30 EE 7F 0C 62 FF D5 42 9E 5A 94 63 71 58  |..0...b..B.Z.cqX|
00004210  7C B4 60 B9 86 C7 53 AF F4 2C 21 E6 D7 25 83 67  ||.`...S..,!..%.g|
00004220  BD F9 82 CB 2B 10 55 98 54 80 F9 B1 CE 07 37 76  |....+.U.T.....7v|
00004230  0D B4 93 D6 5D 66 B2 39 1E 39 A1 63 FF BF 27 30  |....]f.9.9.c..'0|
00004240  E6 2B 1B B5 B5 5E D8 BB 45 3A CB A1 B5 5E FB A2  |.+...^..E:...^..|
00004250  47 99 AC 60 2B 33 6F 8A C3 F9 30 84 7F 98 F3 A9  |G..`+3o...0.....|
00004260  25 9D 1B AF C1 FE 5C AF 2C F0 0E 42 E8 60 52 01  |%.....\.,..B.`R.|
00004270  E6 C7 3A DF E4 60 A5 7A A6 5F AD A8 0D D7 13 16  |..:..`.z._......|
00004280  37 93 D8 1C 8F 1C D7 B1 FF 2F 1F E0 B3 5F 8F 47  |7......../..._.G|
00004290  1A DF D4 D6 7A EF 42 39 9F 74 66 22 50 B0 91 5A  |....z.B9.tf"P..Z|
000042A0  C4 5B 5E 61 5A 98 D2 29 EC 6F 08 F9 0E 82 88 1F  |.[^aZ..).o......|
000042B0  55 F9 0F 13 F3 EB E2 B1 E5 B1 79 A2 57 F0 78 48  |U.........y.W.xH|
000042C0  E4 6F 4E 01 D6 C7 1B F7 0F F7 C1 D0 9F D0 77 1A  |.oN...........w.|
000042D0  58 38 D9 88 09 DE 53 3A F6 FF 47 02 63 A2 DA DE  |X8....S:..G.c...|
000042E0  AE ED 10 FB CF 9F 5D 8E F2 FD CF 2C FA 02 D3 5F  |......]....,..._|
000042F0  D1 CA 5C D4 F3 FD 72 36 8F 28 FC B5 DE 2D DD 90  |..\...r6.(...-..|
00004300  DB 87 50 F8 6B 7A 61 F3 39 4E CA 17 B3 B2 89 36  |..P.kza.9N.....6|
00004310  4C EA 01 B8 E7 8B D4 1D 86 65 9E 47 0B 09 79 BF  |L........e.G..y.|
00004320  31 05 5C F1 06 3C AB 3E 1D FB FF EF 2C EF FD F1  |1.\..<.>....,...|
00004330  3A 63 84 8F 40 EC A7 B6 2F 45 D8 2F 32 13 76 98  |:c..@.../E./2.v.|
00004340  EF B7 25 3D 2A AC B2 24 4F F5 6C 3C 8C E2 FE CE  |..%=*..$O.l<....|
00004350  90 12 60 45 91 98 3F EE 05 A2 24 09 4E A0 11 D6  |..`E..?...$.N...|
00004360  2B 4A 84 CF CD 9C 1E 80 75 3E 08 F9 C3 FE C9 A1  |+J......u>......|
00004370  CA C9 01 D2 B9 D1 A0 E2 C5 6C 73 3C 32 A0 63 3F  |.........ls<2.c?|
00004380  35 63 0F EF D3 EF DD B3 85 0A 70 28 EE 7F 0A AE  |5c........p(....|
00004390  F5 2E 3A 4B 53 20 EE 07 D8 7F 86 BE 14 7C 8B 59  |..:KS .......|.Y|
000043A0  A0 C7 FD 39 02 CF 86 7C 43 E8 16 D0 0E 6E 01 C4  |...9...|C....n..|
000043B0  FE 9A 40 BD 6C C9 77 83 1B 00 D1 85 39 05 58 1F  |..@.l.w.....9.X.|
000043C0  2F F6 17 0F 86 4F 2A 84 C1 D3 4C 36 C7 23 02 65  |/....O*...L6.#.e|
000043D0  45 AF 16 80 F7 63 E0 35 7D 09 45 3D B4 E4 BD C7  |E....c.5}.E=....|
000043E0  F4 DC 6D A5 26 EA AC 14 CC F9 50 57 E1 8D A2 67  |..m.&.....PW...g|
000043F0  03 B5 F0 3E 6A 6B C1 BD D6 8C A9 FA FE 3A 94 ED  |...>jk.......:..|
00004400  A9 0E F9 8E B1 36 B2 89 35 2E 9C D7 21 09 5E 91  |.....6..5...!.^.|
00004410  67 79 29 D7 46 D4 61 4E 0F C0 3A 5F B8 BB 01 26  |gy).F.aN..:_...&|
00004420  7C FA FB 62 45 3E 36 32 D4 1A D9 7D 9A 28 D9 60  ||..bE>62...}.(.`|
00004430  62 33 64 DC EF 2B D5 7A B7 30 B3 C4 FA DF BE CE  |b3d..+.z.0......|
00004440  98 6D 4B 21 F6 17 31 28 E7 73 95 B3 BC 43 F5 AC  |.mK!..1(.s...C..|
00004450  59 B1 70 98 FE 29 67 65 2E 51 F1 B5 DE 63 21 E5  |Y.p..)ge.Q...c!.|
00004460  48 48 D9 05 D3 3E BE CE 90 52 C6 72 04 EB 28 4A  |HH...>...R.r..(J|
00004470  E6 ED AC E0 C9 E1 5C 9B DD 12 D1 86 19 05 58 1F  |......\.......X.|
00004480  EB 7C 91 86 43 6A 5B 07 64 74 2B 0F 44 FC 83 6C  |.|..Cj[.dt+.D..l|
00004490  B4 6E 1F 81 7F 83 89 24 19 31 EE 6F AF D2 B0 DF  |.n.....$.1.o....|
000044A0  4A 7F F0 31 9F F9 1D C5 E7 04 29 07 C4 7E E9 6A  |J..1......)..~.j|
000044B0  3A FD CE 0F 4F 6C E4 F9 51 CB 98 A5 CD 52 42 A5  |:...Ol..Q....RB.|
000044C0  2D D5 B0 7F 3F 6A D9 D2 49 20 FF 1A 71 06 0B 25  |-...?j..I ..q..%|
000044D0  2E 93 63 31 37 EE 23 F2 5F C7 03 38 BC 37 FD 58  |..c17.#._..8.7.X|
000044E0  7B 67 B8 C2 0F 80 9F A0 BE 69 6C 8E 47 BA 2B 35  |{g.......il.G.+5|
000044F0  EC 4F 4A 00 FB D7 6C A3 52 00 F6 B3 90 BF BF FA  |.OJ...l.R.......|
00004500  2A 4D 83 B8 7F 23 BF F0 04 7D 7E CC 92 74 99 76  |*M...#...}~..t.v|
00004510  2C 99 C2 FE A3 30 ED E3 EB 60 65 B2 85 75 66 DC  |,....0...`e..uf.|
00004520  0F 3C 41 72 CB 3C E1 F1 34 27 0E 48 D8 B1 1F 86  |.<Ar.<..4'.H....|
00004530  FE 55 2D 6C 6C B8 26 32 44 F8 72 4D 60 73 3C F2  |.U-ll.&2D.rM`s<.|
00004540  1B 3D DF 3F 3F 01 EC 4F 02 1F 5E FF 02 B5 75 19  |.=.??..O..^...u.|
00004550  C2 7E 94 F3 01 D8 DF 4A FF DC 7E 6F 92 38 85 FD  |.~.....J..~o.8..|
00004560  35 71 0E 67 8D D1 AD 9C 95 09 D8 51 14 CF B1 6E  |5q.g.......Q...n|
00004570  0F E7 C9 75 11 65 98 54 80 F9 B1 CE 17 3E DD 14  |...u.e.T.....>..|
00004580  DE DD 15 EE 6B 8E 0C F5 C2 7C 3F 88 FE 89 92 0D  |....k....|?.....|
00004590  26 39 98 79 BB F1 C8 1A 5A C3 FE E4 59 B0 FF DC  |&9.y....Z...Y...|
000045A0  75 C6 3C 32 6F 09 5C EB 7D F6 AE 38 F6 AF 3A 71  |u.<2o.\.}..8..:q|
000045B0  C7 8A 85 69 CC 23 17 EE B5 5E 89 E7 FB 7D C3 68  |...i.#...^...}.h|
000045C0  B9 77 04 B5 6F 39 C8 86 94 2A B4 F6 5B 17 F2 1D  |.w..o9...*..[...|
000045D0  03 37 05 D3 2E FF 7A 84 3C 51 92 38 D2 B8 CB B4  |.7....z.<Q.8....|
000045E0  02 3C 00 EB 7C 6A CB FE C8 70 9F 46 DE AF 96 14  |.<..|j...p.F....|
000045F0  C3 AD 5E A3 85 64 D1 D7 60 36 37 62 E6 A3 55 CF  |..^..d..`67b..U.|
00004600  F7 A7 24 10 F7 7B 57 A1 7D BD 12 C4 FE DA AB 34  |..$..{W.}......4|
00004610  A5 C5 FD 5D 96 D7 2C 17 18 C6 92 A6 C7 FD D5 1A  |...]..,.........|
00004620  EA EB BD 5B 94 11 D6 49 12 FF B0 83 0F 27 B1 79  |...[...I.....'.y|
00004630  1C 80 7F BB 5B 12 ED 24 EF 6F 3A C9 C3 FC FC AF  |....[..$.o:.....|
00004640  F6 C7 81 1F B5 6F 51 CF F4 B3 91 BE 0E 02 FC B7  |.....oQ.........|
00004650  B2 CD F1 C8 43 7A CE 67 E1 2C D8 FF 9D 59 3E 0F  |....Cz.g.,...Y>.|
00004660  3F B7 68 DD 02 18 F7 6F 4B 9B CE F9 AC 5C B1 F0  |?.h....oK....\..|
00004670  7E C6 5E 3C CF 9A 41 4D D7 78 EA D8 DF 09 FB B6  |~.^<..AM.x......|
00004680  2B 1D 2C C9 72 40 2F 80 51 BF 8C EE 00 04 F6 CD  |+.,.r@/.Q.......|
00004690  EA 01 58 E7 0B 77 D7 6B D8 1F 6B EE 87 77 80 9E  |..X..w.k..k..w..|
000046A0  7A 36 36 5C 44 F4 7C 2B DB 1C 8F 0C E8 D8 9F 3A  |z66\D.|+.......:|
000046B0  0B F6 57 2E 98 7D CC 17 45 14 F7 6F 83 F9 FE A6  |..W..}..E..o....|
000046C0  AB 9B B4 7C 3F DF 4B 67 06 05 66 9E E5 92 BE AF  |...|?.Kg..f.....|
000046D0  F7 14 AA F3 E9 03 07 AC 8D C0 FE 35 71 FF 16 4E  |...........5q..N|
000046E0  E6 32 DD 5B 88 56 CC 28 5B 30 B7 6C 8B 56 1F 0D  |.2.[.V.([0.l.V..|
000046F0  57 F8 C3 65 65 E0 80 94 FA 98 C3 E6 78 E4 F5 0A  |W..ee.......x...|
00004700  0D F4 17 81 97 AC 65 14 F5 02 38 FE D5 7C ED BD  |......e...8..|..|
00004710  AE 19 9F EB D4 6E 11 D4 2F C1 7B DF AE 60 96 07  |.....n../.{..`..|
00004720  4A 0A 79 B8 AF 77 A2 FC 93 CC F9 55 CB D7 2C 7A  |J.y..w.....U..,z|
00004730  66 9D E5 D8 6B 41 EB 6B 54 9A DE AF B7 1B 62 BF  |f...kA.kT.....b.|
00004740  B2 8B 45 35 FE 1D 90 D2 4D 69 22 5E 00 B7 74 B1  |..E5....Mi"^..t.|
00004750  36 39 37 33 53 60 B3 F3 88 3E CC 27 C0 F8 58 E7  |6973S`...>.'..X.|
00004760  53 07 94 D8 C9 C2 70 E3 21 A2 5A 03 DB DC 88 F9  |S.....p.!.Z.....|
00004770  EE 3B 6B 34 EC 5F 3C 23 EE FF B6 7E 7C 61 C6 E7  |.;k4._<#...~|a..|
00004780  46 74 EC 2F 06 3F E9 9B 11 A7 C3 4B 30 DF 3F 79  |Ft./.?.....K0.?y|
00004790  B8 86 F9 D9 2A 27 9F B2 B8 C3 DA 3E 36 B6 EA 12  |....*'.....>6...|
000047A0  9D 96 0C B1 9F 13 B2 51 AA A7 24 A4 54 11 DB 4F  |.......Q..$.T..O|
000047B0  0B D0 0B CB 79 1D 82 CB 43 96 7B 4D EB 01 58 E7  |....y...C.{M..X.|
000047C0  8B 35 17 AB C5 03 B8 67 25 72 EB CB FF D1 71 FE  |.5.....g%r....q.|
000047D0  B6 59 72 3E AF 5A A7 8F 4B F5 D7 5F CE A3 A8 E6  |.Yr>.Z..K.._....|
000047E0  37 E9 C5 81 12 5A 84 D8 1F BA 5C C3 84 57 ED 5E  |7....Z....\..W.^|
000047F0  B3 FC F9 47 99 4C E5 02 6D 8F C7 FD CA F1 90 AF  |...G.L..m.......|
00004800  37 A4 20 F8 87 A4 6E 0D 2C FC C5 37 88 1E 08 CC  |7. ...n.,..7....|
00004810  CB E8 99 C1 B3 92 3B DB ED 74 7B C5 3C D6 E9 F6  |......;..t{.<...|
00004820  64 E7 91 CC 8F B9 44 72 E2 DD E3 19 DD D1 11 DE  |d.....Dr........|
00004830  D5 1D 39 52 13 29 EC 88 9E 3E AC B6 F5 11 1D 1B  |..9R.)...>......|
00004840  4D 9C D9 5B 0C 78 56 B5 95 1A E8 2F 9D 81 FD 4E  |M..[.xV..../...N|
00004850  FD F8 FC 8C CF 5D D4 F3 40 3E F0 F3 2F FB 68 D8  |.....]..@>../.h.|
00004860  B7 EB 11 54 E7 F3 B2 C8 9C 39 FB E7 FB 17 BD D4  |...T.....9......|
00004870  C1 74 08 C5 D6 79 74 1C FB 77 87 7C FD 10 E8 7D  |.t...yt..w.|...}|
00004880  A3 F0 40 21 8F A4 DA D3 9F 70 7E FF 58 4F B6 97  |..@!.....p~.XO..|
00004890  3B BF 9F 25 2C CE A6 F4 00 CC 66 8F F6 ED 8B 1E  |;..%,.....f.....|
000048A0  1A 55 8B 2B D4 96 7A C2 E2 6F 50 9B 7B 8C 78 A9  |.U.+..z..oP.{.x.|
000048B0  AB FA 5A EF 47 74 BC AF 4D A6 28 BF FE DE 9B D6  |..Z.Gt..M.(.....|
000048C0  D9 C7 DC 7D 0C F5 6C A4 6E 03 D8 BF 6B 15 67 A9  |...}..l.n...k.g.|
000048D0  4D 13 6D 5B 96 3F 4A BD F5 EA A7 2C 0B 2C 3D 5A  |M.m[.?J....,.,=Z|
000048E0  9D 0F 0C EF 3B 42 BE 11 C8 DC AF 1C 27 E6 D7 45  |....;B......'..E|
000048F0  E0 59 5E CE DD 22 88 B2 9B 28 C3 94 C2 E3 CE F7  |.Y^.."...(......|
00004900  17 57 C4 4E 16 C2 2A FF D3 8D 44 BB 06 C5 7E 87  |.W.N..*...D...~.|
00004910  11 AF F6 22 9D C3 79 F5 2C 39 9F 4F 5E A7 E6 FF  |..."..y.,9.O^...|
00004920  E7 13 56 8A 6D 99 BF 00 62 7F ED 62 87 65 3E 75  |..V.m...b..b.e>u|
00004930  27 4B FD E0 2E CB 4F 8B D7 30 3E 3D E7 A3 56 36  |'K....O..0>=..V6|
00004940  4E 0E 75 AA CD A7 D5 2E 3F B1 FD CC B8 5F CC 12  |N.u.....?...._..|
00004950  5D 99 6C 66 AE 9B 73 91 94 BF 29 E3 7E BC 3D 1B  |].lf..s...).~.=.|
00004960  B4 2B 6D 72 E0 78 F4 54 07 B9 DE CC 61 73 3C F2  |.+mr.x.T....as<.|
00004970  53 FD F5 A1 04 F6 76 BD FB 3C 0D B1 9F 7D 64 1A  |S.....v..<...}d.|
00004980  FB D3 52 7E D0 49 7B 95 4B 16 3B E5 40 D8 1F 3E  |..R~.I{.K.;.@..>|
00004990  71 20 DA 54 0A FE A9 DD 47 88 ED A7 25 4B E4 5C  |q .T....G...%K.\|
000049A0  99 9E 5C 82 FA E6 F5 00 8F 07 EB 7C F0 4A AB D8  |..\........|.J..|
000049B0  09 FE A9 5D 85 E1 A6 BA 68 1F 79 C8 36 A0 CD 8D  |...]....h.y.6...|
000049C0  58 E7 F3 74 A9 06 FA 9F 49 00 FB 27 EE B1 CC 12  |X..t....I..'....|
000049D0  F7 B7 D2 57 AD 17 AD D6 78 DC 3F A4 A8 FD FB C3  |...W....x.?.....|
000049E0  85 B5 6A DB 91 70 7F 93 DA 45 48 46 90 64 E6 02  |..j..p...EHF.d..|
000049F0  EC DF E2 70 13 F4 37 AD 07 6C C1 DB B6 47 1D 1C  |...p..7..l...G..|
00004A00  25 57 9A E1 6D 6E C4 FA FE E5 65 1A E8 7F 21 01  |%W..mn....e...!.|
00004A10  EC 17 BE 44 3D 03 FB F5 42 1E CF 0B 5D CB 99 37  |...D=...B...]..7|
00004A20  D8 27 79 21 E5 11 E6 F3 7C 11 93 C2 38 96 6A F5  |.'y!....|...8.j.|
00004A30  FD 5A 51 4F 6F 48 39 46 6C 3F 2D 9C 87 77 4B 22  |.ZQOoH9Fl?-..wK"|
00004A40  CB 73 12 2F BA D9 F4 CF 7E EE B3 E4 26 60 3A 0F  |.s./....~...&`:.|
00004A50  C0 3A 5F AC 69 54 AB F3 51 CB DA 89 76 CD 61 73  |.:_.iT..Q...v.as|
00004A60  3C F2 B8 9E EF 7F 2C 11 1E CF D5 56 2A CE E1 DC  |<.....,....V*...|
00004A70  D4 25 5A DE A8 7E 72 C3 F2 94 75 CC C9 22 95 B9  |.%Z..~r...u.."..|
00004A80  40 1F D5 F7 76 75 40 1A 1F 58 E2 4F B0 7F 86 F0  |@...vu@..X.O....|
00004A90  5C A6 24 72 72 1C FD 89 42 CC E8 01 78 E3 FE AA  |\.$rr...B...x...|
00004AA0  16 9D D3 A1 B4 92 68 D7 1C 36 C7 23 45 E5 8C 76  |......h..6.#E..v|
00004AB0  76 B3 60 FF 6F AF 33 E6 E5 BF 49 A2 02 25 F4 4B  |v.`.o.3...I..%.K|
00004AC0  1F 01 D8 7F A9 8B B3 BC 41 3D B1 61 45 CA 1A E6  |........A=.aE...|
00004AD0  91 E0 05 A6 44 DF DB 05 C9 7C 7C 47 42 CA 0E 00  |....D....||GB...|
00004AE0  FF C4 F6 33 9E FE 04 97 1B 76 6E 21 B1 BE 89 3D  |...3.....vn!...=|
00004AF0  00 EB 7C 11 E5 78 CC 77 10 60 3F 51 AD 69 6C 8E  |..|..x.w.`?Q.il.|
00004B00  47 72 F5 B8 3F 33 81 B8 FF 13 BF BB 2D 95 6D 29  |Gr..?3......-.m)|
00004B10  BD 0F E6 FB 73 BA 4E 30 00 FB EF 58 94 72 A7 85  |....s.N0...X.r..|
00004B20  B5 58 16 6C 9A E2 72 2B 0F 29 FB 48 D0 FF D7 E2  |.X.l..r+.).H....|
00004B30  F1 F0 AC 8B CB 71 4B 22 D1 85 39 05 58 1F EB 7C  |.....qK"..9.X..||
00004B40  10 F8 07 AA D4 8A 5A 52 DC 6F 1A 9B E3 91 1D 3A  |......ZR.o.....:|
00004B50  F6 67 27 80 FD 6B D7 23 4E 87 E7 61 CE 67 BC 0B  |.g'..k.#N..a.g..|
00004B60  0E 7C 82 A7 52 3A E9 D7 0B C7 AC 3F B6 5C 5A A2  |.|..R:.....?.\Z.|
00004B70  ED ED 2A 41 2C 3E E5 5A E3 16 62 7E 5D BC 82 EC  |..*A,>.Z..b~]...|
00004B80  E2 5C 1C 49 F9 98 D9 03 F0 C6 FD FE C1 70 85 3F  |.\.I.........p.?|
00004B90  32 D4 4B 54 6B 1A 9B E3 91 EF EB 75 3E CE 59 B0  |2.KTk......u>.Y.|
00004BA0  FF 7B D7 19 73 F6 F7 56 98 F3 11 61 DC FF 48 37  |.{..s..V...a..H7|
00004BB0  88 FB BF F4 A5 35 0B 53 36 32 0F 05 79 A6 78 2A  |.....5.S62..y.x*|
00004BC0  EE 2F 43 B4 FD 3B 88 E1 AF F5 02 B7 2C BA DC 64  |./C..;......,..d|
00004BD0  7D D7 D4 1E 80 37 EE 57 4E 47 0A 4F 11 BD 9A C9  |}....7.WNG.O....|
00004BE0  E6 78 24 4F 8F FB 73 66 C1 FE 91 EB 8C 79 20 83  |.x$O..sf.....y .|
00004BF0  06 71 3F B5 15 62 FF BA 6E D1 F2 C6 2F 60 9D CF  |.q?..b..n.../`..|
00004C00  A0 E5 11 EB 53 D6 6A E6 92 BE D6 7B 14 71 38 0F  |....S.j....{.q8.|
00004C10  B2 21 A5 0F 65 FE 8F 93 27 00 20 0E 41 92 38 0F  |.!..e...'. .A.8.|
00004C20  9B 27 C8 6E 17 E9 DE 65 46 C9 C3 1D F7 0F F7 45  |.'.n...eF......E|
00004C30  4E 37 92 B8 DF 4C 36 C7 23 E3 7E 0D F4 37 25 90  |N7...L6.#.~..7%.|
00004C40  F3 A9 5F 8A 72 3E 9F 40 BD 5B BA 68 EA 0D EA 89  |.._.r>.@.[.h....|
00004C50  6C 4A E8 A6 FF 89 5E CD EC A4 B4 3A 1F 49 D6 40  |lJ....^....:.I.@|
00004C60  FF 60 48 29 44 D0 DF 1B 52 8A 42 BE 16 B3 7B 01  |.`H)D...R.B...{.|
00004C70  D0 4B 9E C8 0B AE 2D 1C 78 95 BD B9 1E 72 61 98  |.K....-.x....ra.|
00004C80  0D 07 44 BC 37 7C 88 FD D5 7D 6A F7 01 A2 5A D3  |..D.7|...}j...Z.|
00004C90  D8 1C 8F F4 E8 71 BF 9C 00 F6 97 DD 0E B1 9F 7A  |.....q.........z|
00004CA0  09 F2 F7 37 9E 5D CE 4C 50 05 D9 D4 A2 87 98 87  |...7.].LP.......|
00004CB0  C6 DE B6 EE D0 7B B5 7B 78 96 E7 9C B6 DC 5C 79  |.....{.{x.....\y|
00004CC0  AD 24 08 B9 F9 9C 6C 37 E4 5A F7 7F B6 10 BD 98  |.$....l7.Z......|
00004CD0  5D 78 29 1F EB 7C EA 01 25 D6 78 94 E8 D5 4C 36  |]x)..|..%.x...L6|
00004CE0  C7 84 45 3B B4 7E BD 9B 13 C0 FE 67 17 20 EC DF  |..E;.~.....g. ..|
00004CF0  0E 79 3C CF 43 EC BF 54 08 B0 7F 84 E9 3A DF CA  |.y<.C..T.....:..|
00004D00  24 C7 FB 76 29 0D 21 5F 3B 5A EE 2D 0B F9 0E 85  |$..v).!_;Z.-....|
00004D10  94 72 16 D1 79 2A 90 D7 13 26 7F CA CC E9 05 19  |.r..y*...&......|
00004D20  6E 10 EC BB 38 D6 23 7A BD 00 F7 C9 65 61 46 0F  |n...8.#z....eaF.|
00004D30  C0 1B F7 1F DE A9 36 9F 89 0C F5 C6 EA 5B D4 96  |......6......[..|
00004D40  7A F5 4C 3F D1 B1 E1 50 D6 EB 35 E0 59 05 AB 35  |z.L?...P..5.Y..5|
00004D50  D0 DF 42 27 36 0E 62 FF FD 08 FB D7 5A 40 DC CF  |..B'6.b.....Z@..|
00004D60  53 8B CE 5A 32 8A EC 96 62 1D FB 39 BB 9B 0D 29  |S..Z2...b..9...)|
00004D70  A5 21 A5 17 BC EC 84 68 EF EB 21 3E 40 51 99 6E  |.!.....h..!>@Q.n|
00004D80  96 73 08 9C 9D 15 B8 4C 49 20 19 1F 13 7A 00 87  |.s.....LI ...z..|
00004D90  97 D3 21 7C AA 3F E2 DF 4D F4 6A 26 9B E3 91 41  |..!|.?..M.j&...A|
00004DA0  3D E7 F3 64 02 D8 DF BB 04 E5 FB 9F 82 D8 FF FA  |=..d............|
00004DB0  59 91 99 F8 15 8C FB 7F 34 EF E8 A5 09 4B 29 E5  |Y.......4....K).|
00004DC0  D0 EB 7C 9A D0 5A 6F 37 EA D5 3E 48 CC AF 8B 43  |..|..Zo7..>H...C|
00004DD0  90 39 1E 80 3E CB 49 4E 41 22 45 9E A6 F4 00 AC  |.9..>.INA"E.....|
00004DE0  F3 45 4F 75 84 2B FC 90 BF 9F 94 F8 1B 55 C0 C5  |.EOu.+.......U..|
00004DF0  6E C0 B3 EA D7 B1 FF CB 09 C7 FD 05 4F DD 85 B0  |n...........O...|
00004E00  3F 9D 9E 08 14 66 DB 17 AD B3 88 63 41 EB 02 3A  |?....f.....cA..:|
00004E10  DE AB 7D 30 A4 D4 20 0A FF 51 16 15 F9 28 F1 92  |..}0.. ..Q...(..|
00004E20  FF 82 90 12 30 EF D3 5F 0E 27 7B 39 56 76 7B BD  |....0.._.'{9Vv{.|
00004E30  82 6C E7 9C E4 BA 30 A1 07 60 9D 2F 36 38 1A F1  |.l....0..`./68..|
00004E40  0F 4E 0E 0C 02 E0 57 FB FB A2 67 CE 10 1D 1B 4D  |.N....W...g....M|
00004E50  C0 E5 6E C4 B3 D2 F3 FD 5F 4B 00 FB 0B 7E 43 51  |..n....._K...~CQ|
00004E60  81 92 C2 46 58 E3 39 79 F5 B4 F5 1D AA 67 E3 42  |...FX.9y.....g.B|
00004E70  FE 55 E6 91 E2 83 16 17 E3 58 AA 61 7F 2B 02 FA  |.U.......X.a.+..|
00004E80  16 8D D5 87 35 64 B3 E2 0F 41 72 ED 28 E2 97 83  |....5d...Ar.(...|
00004E90  55 A4 57 23 89 01 B1 60 7F D3 A8 DA 53 1F 6E 2D  |U.W#...`....S.n-|
00004EA0  8E 95 56 4E 0E ED 61 23 43 AD 91 DD A7 89 9E 49  |..VN..a#C......I|
00004EB0  DC FF 7E E2 D6 E3 FE ED 09 D6 78 AE 7F 81 CA 82  |..~.......x.....|
00004EC0  D8 5F 7D 95 A6 00 F6 F3 0B F9 FB 98 6C 47 86 35  |._}.........lG.5|
00004ED0  79 2A EE 3F 8A B0 1F 16 78 B2 B6 3C 62 7E 5D 04  |y*.?....x..<b~].|
00004EE0  89 77 08 2C 9F 41 34 61 62 0F C0 3A 9F 7A 40 01  |.w.,.A4ab..:.z@.|
00004EF0  D8 AF 96 95 B2 91 E1 51 82 FA A6 B0 39 1E C9 D1  |.......Q....9...|
00004F00  B1 FF 9B 09 60 FF 6F 7A 2D 70 5F 2F FB 00 E4 F1  |....`.oz-p_/....|
00004F10  BC FA 55 CB 3B 5F 3A B9 61 C5 C2 1E 66 FD FC 12  |..U.;_:.a...f...|
00004F20  46 A4 A7 F3 FD B0 A2 A7 01 62 3F 09 71 A7 24 53  |F........b?.q.$S|
00004F30  F0 72 19 04 FC CD ED 01 58 E7 83 ED BA 5A EA A3  |.r......X....Z..|
00004F40  7D 83 6C B4 8E 50 F7 9B C3 E6 78 44 A9 D4 72 3E  |}.l..P....xD..r>|
00004F50  DF 9A 05 FB DB 96 CC 3E E6 A3 DF A7 16 E6 04 A9  |.......>........|
00004F60  6D 90 C7 73 DD 2F 51 DC BF 31 95 0F D2 B9 41 DE  |m..s./Q..1....A.|
00004F70  22 52 F1 1A CF DA 90 D2 0C CB 7C 48 B6 67 A6 C8  |"R........|H.g..|
00004F80  02 27 B1 9E 1C B7 EC 85 9D 1B ED 02 9B 29 66 05  |.'...........)f.|
00004F90  EB 48 85 BF 79 04 18 1F 6F DC 3F 50 19 EE 3B 46  |.H..y...o.?P..;F|
00004FA0  52 3D 86 C6 7E 31 CB 80 67 B5 A9 54 C3 FE 6F CF  |R=..~1..g..T..o.|
00004FB0  82 FD 1B AE 83 FD 16 0F CA F9 6C BB 1D E5 7C 38  |..........l...|8|
00004FC0  0B C4 7E 9E 1F A6 FF E1 DC 39 C6 46 A7 69 F9 FE  |..~......9.F.i..|
00004FD0  38 A1 03 5A EF 55 F6 C3 5F 38 12 FF C3 7C 3F E4  |8..Z.U.._8...|?.|
00004FE0  74 C8 E1 24 27 47 2A 3C CD 28 12 66 4E C7 70 85  |t..$'G*<.(.fN.p.|
00004FF0  1F AE F2 0E 34 A8 3D F5 B1 F6 4E 70 CC C6 86 8B  |....4.=...Np....|
00005000  C8 33 C0 AD 6C 73 4C 71 A8 9E F3 F9 CE 2C D8 FF  |.3..lsLq.....,..|
00005010  9D 59 3E BF 10 7C EE 2F 0F A2 9C CF F3 30 E7 33  |.Y>..|./.....0.3|
00005020  7E B5 86 01 D8 BF 81 5A F8 31 8B DD 96 31 AF 9C  |~......Z.1...1..|
00005030  4A D3 73 3E 9D 21 A5 1A 51 39 94 B0 32 01 FD 29  |J.s>.!..Q9..2..)|
00005040  2F 10 F2 38 97 57 60 73 C9 B6 2E F3 7A 00 D6 F9  |/..8.W`s....z...|
00005050  A2 3B 4E 4C 0E 94 46 FC 83 30 F4 27 90 6F 0A 9B  |.;NL..F..0.'.o..|
00005060  E3 91 6F EB 75 3E CF 27 90 EF 5F 52 4C C3 BE 5D  |..o.u>.'.._RL..]|
00005070  4D F7 CF 88 FB 29 FE 14 ED 50 3E C5 88 74 1C FB  |M....)...P>..t..|
00005080  AB F5 F6 2D BE 0E 18 F3 DB 64 E2 01 E8 5E CB 6D  |...-.....d...^.m|
00005090  76 B3 79 9C 24 09 3C E7 22 E5 FD E6 F4 00 AC F3  |v.y.$.<.".......|
000050A0  A9 FD 7D 6A 59 A3 5A D5 02 23 7E 92 F9 31 A4 E4  |..}jY.Z..#~..1..|
000050B0  19 F2 19 FF 99 0A 0D FB BF 9F 00 F6 FF ED ED 29  |...............)|
000050C0  D4 44 9D 75 DB 52 80 FD 13 4D 7E CB E5 CE F4 95  |.D.u.R...M~.....|
000050D0  B6 E4 CF 30 F7 F0 AD D6 CC A9 B8 7F 17 4A FB B4  |...0.........J..|
000050E0  21 32 E7 5E 36 9F 64 FD 91 D8 64 31 D3 E1 75 BB  |!2.^6.d...d1..u.|
000050F0  D8 7B 59 87 3B 4F 60 39 C9 26 82 DF 08 A1 A7 79  |.{Y.;O`9.&.....y|
00005100  3C C0 81 F7 29 58 1D 50 40 E8 1F 6B 19 85 6B BD  |<...)X.P@..k..k.|
00005110  04 F8 0D 7A D5 1B B1 67 63 0B 6D 45 AF 7F 9F 00  |...z...gc.mE....|
00005120  F6 3F 7C 8F 15 62 FF B3 30 EE FF 45 D3 66 E6 32  |.?|..b..0..E.f.2|
00005130  B5 7E 8D 2D B9 8D FE EF C2 76 46 A0 A6 E3 7E 48  |.~.-.....vF...~H|
00005140  DB D3 8B 58 FC 47 C8 8A 6F DC 0B 72 65 97 24 6C  |...X.G..o..re.$l|
00005150  26 60 6F 66 0F C0 3A DF E4 48 77 B8 B0 5D 2D 6B  |&`of..:..Hw..]-k|
00005160  27 39 1F D3 D8 1C 8F 7C 4F CF F7 FF 8F 59 B0 FF  |'9.....|O....Y..|
00005170  85 F9 B3 8F D9 18 41 F9 FE 3B 97 01 EC FF 5D 53  |......A..;....]S|
00005180  3A F3 BB CE F4 0D B6 E4 74 66 A8 6A 95 F5 B5 38  |:.......tf.j...8|
00005190  A7 03 EC D5 3E 02 19 7D 20 8D 73 03 4B A0 5F 13  |....>..} .s.K._.|
000051A0  9E 93 ED 62 46 06 CB 8B 5E 72 03 30 AB 07 E0 8D  |...bF...^r.0....|
000051B0  FB AB 5A A2 A3 C7 D4 B6 0E 52 E3 69 1A 9B E3 11  |..Z......R.i....|
000051C0  A7 8E FD 3F 4C 20 EE FF FD 27 19 18 F7 B3 F7 A3  |...?L ...'......|
000051D0  9C 0F 4D 5F 3E 9B 0E E2 FE 5A A6 43 49 B5 16 C7  |..M_>....Z.CI...|
000051E0  E3 7E C8 E4 73 0C 32 3B C0 2A FF 0E AD E0 07 32  |.~..s.2;.*.....2|
000051F0  FB 98 FC 09 80 97 37 7B BC 9C 04 0B 7D 38 5E 20  |......7{....}8^ |
00005200  E8 6F 4A 0F C0 3A 5F B8 A7 2F BC FB 15 B5 AB 03  |.oJ..:_../......|
00005210  C6 FD 44 BD A6 B0 39 1E 79 77 A7 96 EF FF 9F 33  |..D...9.yw.....3|
00005220  B0 FF EB EF 33 E6 99 1A B8 D6 5B F0 1C 8C FB A3  |....3.....[.....|
00005230  4D E7 99 CB E3 30 EE BF 60 C9 1E 0B D1 0C 1D EF  |M....0..`.......|
00005240  D9 58 80 E2 FE 3A 98 F0 21 C9 FE 29 B1 0B B2 6D  |.X...:..!..)...m|
00005250  33 CB BB 73 5D 24 EE 37 AD 07 E0 8D FB CF F4 87  |3..s]$.7........|
00005260  BB EB D9 D8 70 0D 49 F6 9B C5 E6 78 64 83 5E DF  |....p.I....xd.^.|
00005270  AF CC 12 F7 6F BF CE 98 CF 65 20 0E 67 3D DF 0F  |....o....e .g=..|
00005280  B0 BF 33 7D A3 2D 39 40 73 C1 43 49 F3 E3 9C 0E  |..3}.-9@s.CI....|
00005290  CA 01 44 E4 76 18 B1 F8 8F C0 D0 DF 96 4F 9C 80  |..D.v........O..|
000052A0  72 8A 92 94 CF 49 12 C1 7D 13 7B 00 D6 F9 22 27  |r....I..}.{..."'|
000052B0  7A 21 9F CF 49 C8 EC 40 96 7B CD 61 73 3C 72 55  |z!..I..@.{.as<rU|
000052C0  C7 FE A2 04 72 3E 6F 7E 85 86 F9 7E C4 DF 1F 6D  |....r>o~...~...m|
000052D0  12 99 CB E7 60 CE E7 E1 79 FB 4B C7 98 F9 53 35  |....`...y.K...S5|
000052E0  9E 3B D0 2A AF 12 F2 0D B0 9B 33 89 F9 75 71 B9  |.;.*......3..uq.|
000052F0  E5 7C 91 77 90 7C BF 99 3D 00 EB 7C D1 EE A1 C8  |.|.w.|..=..|....|
00005300  70 9F 7A A8 14 6E E9 8A 0C 8F 12 0D 1B D0 E6 F9  |p.z..n..........|
00005310  0E 03 9E D5 97 F5 FA FE E2 04 B0 7F E5 EF E8 C5  |................|
00005320  00 FB B7 41 EC 9F 6C AA 61 2E 3F BE 7E 83 2D B9  |...A..l.a.?.~.-.|
00005330  99 59 57 FC 8D A4 2C 3A 2D 79 0A FB 11 6D 33 5C  |.YW...,:-y...m3\|
00005340  EB ED 0D F9 3A 43 4A 80 95 F3 C9 95 EF 85 6C 0E  |....:CJ.......l.|
00005350  0E CE C9 66 B8 65 C1 E3 25 37 00 B3 79 40 06 DE  |...f.e..%7..y@..|
00005360  6D 1D 00 FB 27 07 0A C3 27 FC A4 B8 DF B8 36 77  |m...'...'.....6w|
00005370  18 31 E7 13 D0 F3 FD A5 09 60 BF 13 E5 FB A9 E7  |.1.......`......|
00005380  61 BE DF 06 6B 3C DF 86 71 FF 65 CB C5 73 AD 74  |a...k<..q.e..s.t|
00005390  C9 14 A7 43 67 BC C8 07 00 7F 0F 49 F8 E8 22 0B  |...Cg......I..".|
000053A0  9C 1D 32 F9 10 C4 37 AD 07 D8 F1 3E 05 C7 9A FB  |..2...7....>....|
000053B0  01 F6 93 6C 8F 99 6C 8E 47 96 E8 F5 FD 15 09 60  |...l..l.G......`|
000053C0  FF 57 E9 24 98 F3 F9 D6 FD A8 C6 B3 50 AF EF 7F  |.W.$........P...|
000053D0  98 E9 5B B8 C0 92 1C 8F FB 61 EF 96 32 D4 AB B1  |..[......a..2...|
000053E0  9B 84 FB D3 E2 F1 BA B3 05 92 F1 31 B5 07 64 63  |...........1..dc|
000053F0  9D 2F BC AB 3B EC 6F 52 8B 2B 48 DC 6F 1A 9B E3  |./..;.oR.+H.o...|
00005400  91 AB 3A E6 EF 78 0F EC 57 E7 69 AF F1 86 40 AB  |..:..x..W.i...@.|
00005410  FF 32 EF 99 89 3A EB 8B 10 FB 73 9A 38 E6 F2 55  |.2...:....s.8..U|
00005420  B8 AF F7 41 E6 78 51 91 75 01 15 CF F9 74 23 EC  |...A.xQ.u....t#.|
00005430  6F 88 AF F5 FA 59 DB 66 E2 04 54 3E E7 CD 70 CB  |o....Y.f..T>..p.|
00005440  76 02 FC 66 F6 00 BC D8 7F 52 89 F8 07 61 C7 F6  |v..f.....R...a..|
00005450  33 FD B0 DA 27 36 5C 44 94 7C 8B DB 1C 8F 5C D0  |3...'6\D.|....\.|
00005460  73 3E 3B 13 88 FB D7 2D B7 4E C5 FD D1 A6 16 3D  |s>;....-.N.....=|
00005470  EE 3F C4 0C 2A AB AD 99 53 71 FF 61 44 E6 03 A3  |.?..*...Sq.aD...|
00005480  7F 16 11 3C 1C 0F 29 01 F4 D7 83 68 21 A0 D0 9C  |...<..)....h!...|
00005490  95 9F F9 30 C5 6F 93 DD 4E B4 E2 4B 18 1D 4C E8  |...0.o..N..K..L.|
000054A0  01 36 BC 9C 0E D1 43 A3 EA 80 12 39 DD 08 0B 7E  |.6....C....9...~|
000054B0  0E 95 92 E4 8F 21 6D 6E C4 CC C7 D3 FA DE AE 3A  |.....!mn.......:|
000054C0  F0 F2 E2 7C 8A 6A 04 AF DF 7D 9F 31 FF 6C 43 F9  |...|.j...}.1.lC.|
000054D0  FE 3B 21 F6 4B 81 B7 A8 71 EA 31 DE 9E DA 69 3D  |.;!.K...q.1...i=|
000054E0  65 0F 33 A5 53 7B BB 5A 51 A6 1F D2 B9 11 DB 4F  |e.3.S{.ZQ......O|
000054F0  0B E7 CA 14 64 0F EB E1 09 8F 9B 59 9F FF 31 9B  |....d......Y..1.|
00005500  3E DC E4 8B 28 C7 89 5E 0D 7E D5 1B F0 AC 5E D3  |>...(..^.~....^.|
00005510  B1 BF 21 81 B8 3F 3B 4A C1 BD 5D F7 2D 43 D8 9F  |..!..?;J..].-C..|
00005520  4E 8F FF 16 62 FF 46 46 08 8E 59 2A A8 A3 D7 70  |N...b.FF..Y*...p|
00005530  3A F4 12 C3 5F 7B E5 7B 39 BB C0 3A 39 C9 21 C8  |:..._{.{9..:9.!.|
00005540  36 81 E5 39 81 F4 6D 31 99 07 38 31 F7 6C AC 6A  |6..9..m1..81.l.j|
00005550  01 F0 4F F4 6A 64 01 97 B9 01 CF EA 6F 74 EC 6F  |..O.jd......ot.o|
00005560  A4 13 1B B7 64 35 75 67 1A C0 FE 07 03 34 8C FB  |....d5ug.....4..|
00005570  3D F6 D4 75 56 61 2C 68 2D A7 D2 96 4C 71 3A 74  |=..uVa,h-...Lq:t|
00005580  A2 BE 2D AD E4 0E 30 C3 0B 24 41 76 BA 5D 5E 36  |..-...0..$Av.]^6|
00005590  C3 ED F6 B2 9F D9 40 34 62 42 0F C0 8B FD C5 15  |......@4bB......|
000055A0  D1 1D 27 A2 B5 BB 89 6A 4D 63 73 3C 72 4E C7 FE  |..'....jMcs<rN..|
000055B0  7D 09 60 FF F9 4D B0 6F 57 C1 7D 4B 51 DC EF A7  |}.`..M.oW.}KQ...|
000055C0  01 F6 67 DB 53 07 98 51 E5 BC A5 28 1E F7 43 0E  |..g.S..Q...(..C.|
000055D0  1F 98 F7 19 41 C9 FE 0E 62 7F 4D 1C 5C 9E 2C B0  |....A...b.M.\.,.|
000055E0  1C 49 F0 9B D8 03 30 C7 FD 15 B5 B1 A6 51 75 A4  |.I....0......Qu.|
000055F0  51 ED A9 27 DA 35 EC 55 6F C0 B3 7A 42 C7 FE FD  |Q..'.5.Uo..zB...|
00005600  09 60 FF AF CB 60 CE 87 4A 83 FD 7A 33 B5 B8 9F  |.`...`..J..z3...|
00005610  B7 A7 76 D1 17 82 5F 67 2E 4E D5 F9 1C 47 5C 6E  |..v..._g.N...G\n|
00005620  24 E8 BF 56 32 78 56 72 CB A2 E0 F2 12 5D 98 D5  |$..V2xVr.....]..|
00005630  03 F0 EE EF 0F F7 35 C7 4A 2B 49 DA C7 C8 22 B9  |......5.J+I...".|
00005640  8D B8 B7 EB 8A 8E FD 07 12 C0 FE FA FB B5 B8 5F  |..............._|
00005650  CB F7 3B E9 F1 31 88 FD 5F 64 32 83 5B 2D 3F A6  |..;..1.._d2.[-?.|
00005660  1C FA DE AE 72 B4 D6 DB 0F 22 7F 62 FB 69 E1 3C  |....r....".b.i.<|
00005670  AC 8B 73 F1 9B D7 02 77 90 39 D1 25 10 95 98 CE  |..s....w.9.%....|
00005680  03 F0 AE F0 A8 55 8D B1 FA 16 70 07 08 EF 6F 24  |.....U....p...o$|
00005690  DA 35 A6 B8 5C 46 7C D0 1F D3 B1 3F 90 70 BE BF  |.5..\F|....?.p..|
000056A0  80 85 BD DA 1F 0A 0C EA F9 FE 1F D1 59 CC 63 8C  |............Y.c.|
000056B0  7D 2A EE AF 08 F9 8E 69 2C 6E C4 F6 D3 C2 3B 38  |}*.....i,n....;8|
000056C0  A7 5B 04 37 00 D1 2D 7B 39 70 40 EA 3B CD 86 03  |.[.7..-{9p@.;...|
000056D0  22 DE 3A 1F B5 67 44 3D 74 88 24 7C CC 64 73 3C  |".:..gD=t.$|.ds<|
000056E0  B2 5D C7 FE 56 5A 8B FD 61 EE E7 57 FA 7B A7 AE  |.]..VZ..a..W.{..|
000056F0  33 66 E9 47 61 EF 96 C2 ED 30 DF EF 81 71 3F F5  |3f.Ga....0...q?.|
00005700  D8 86 67 52 CF D1 D9 FC 2A 8B 3F 8E FD BE 53 B0  |..gR....*.?...S.|
00005710  55 23 24 F4 D1 38 7D 7C 47 51 13 AF 4A 12 F7 7B  |U#$..8}|GQ..J..{|
00005720  40 B8 EF 5D 1B F4 7B 45 C1 E5 22 14 FE 66 13 8F  |@..]..{E.."..f..|
00005730  17 F3 5A EF DE 83 EA 01 25 5A EB 53 BB FC 44 BB  |..Z.....%Z.S..D.|
00005740  E6 B0 39 1E 79 52 C7 FE B6 04 E2 FE E6 B5 30 E7  |..9.yR........0.|
00005750  43 A5 C3 7C FF 92 40 0D 33 3E 00 D7 7A CF D1 17  |C..|..@.3>..z...|
00005760  5F 7D DB B2 78 8A BF BF 0C A5 FC BB 89 E1 AF 11  |_}..x...........|
00005770  C1 E3 E5 78 D6 2B BB 37 0B 1E A2 0D 33 0A B0 3D  |...x.+.7....3..=|
00005780  D6 F9 22 FE C1 D8 C9 C2 48 DD 61 A2 5A D3 D8 1C  |..".....H.a.Z...|
00005790  8F 64 E8 D8 DF 37 0B F6 BF FD DE 43 BF 0B E3 7E  |.d...7.....C...~|
000057A0  ED A6 E1 60 28 EA A0 75 FF 98 08 5E 03 3A F6 83  |...`(..u...^.:..|
000057B0  80 DF 1F F2 1D 82 77 00 DF C9 90 42 36 9A 23 49  |......w....B6.#I|
000057C0  7F 90 CD F0 E4 B1 4E 10 FB 6F 61 D7 7F 9A 28 C4  |......N..oa...(.|
000057D0  74 E2 C4 6C F5 70 6F 0F 6C DF D2 D7 1C 69 DE 15  |t..l.po.l....i..|
000057E0  AD 3C 4A 14 6C 44 EC CF 34 22 87 B3 97 D6 C8 7A  |.<J.lD..4".....z|
000057F0  FE 95 49 7C EC 6D 10 FB 3F 0A 8F D6 17 50 D4 9A  |..I|.m..?....P..|
00005800  82 AD 8F 59 C0 64 2D E5 5A CE A7 2D A4 B4 87 7C  |...Y.d-.Z..-...||
00005810  73 8B FB 45 99 C3 40 82 84 67 96 2B BB AF B4 5C  |s..E..@..g.+...\|
00005820  A9 B9 B2 67 CE E7 B2 09 CB 37 DA 64 14 BD E0 99  |...g.....7.d....|
00005830  05 8F 40 BD E4 0A 37 71 76 2C FA DA 84 F5 6C 27  |..@...7qv,....l'|
00005840  47 CA C3 15 7E B5 B8 C2 20 FA 37 8A 2F 8C 37 8D  |G...~... .7./.7.|
00005850  07 C6 AB C7 F7 DC 3A DE 8D 5B CF 9D 55 5A 43 F6  |......:..[..UZC.|
00005860  FF 7D A3 D8 7F 27 3C FA 2C C0 FE 45 05 5B A9 77  |.}...'<.,..E.[.w|
00005870  AC 14 D5 5A A9 C5 FD 47 D1 C6 AE 82 39 D5 78 66  |...Z...G....9.xf|
00005880  B9 65 3B E7 12 E7 48 80 A2 CF 32 C7 1D B4 00 FB  |.e;...H...2.....|
00005890  0F 00 F4 AF 07 F8 BF 0F 1C D7 CC E5 5C E6 6A 35  |............\.j5|
000058A0  BC 7A 99 DB 2C C1 BD B2 3D B8 D7 18 BB 93 E1 37  |.z..,...=......7|
000058B0  0A FA E6 AC 98 9B EA 47 59 53 F5 7E 78 CE 36 32  |.......GYS.~x.62|
000058C0  74 38 DC 68 90 84 4F A6 88 C5 31 71 61 FF 7E 80  |t8.h..O...1qa.~.|
000058D0  FE F5 00 FF F7 81 E3 EE 39 D9 3C 58 41 19 49 F0  |........9.<XA.I.|
000058E0  A0 C8 7A 4A 8B FB 7F 7F A3 D8 7F 37 3C 7A 14 60  |..zJ.......7<z.`|
000058F0  FF 52 10 F7 DB 17 80 B8 1F 61 7F 78 EF BE 58 57  |.R.......a.x..XW|
00005900  57 B8 A7 66 72 60 18 FC 8B 9C 69 9F 1C 1A 02 BF  |W..fr`....i.....|
00005910  AA C5 27 D4 DA 4A B5 F9 83 91 4D F1 6E 59 E0 58  |..'..J....M.nY.X|
00005920  BB 20 B1 2E B7 7C C3 EB 25 60 AC 3D 1B CE 34 37  |. ...|..%`.=..47|
00005930  EC AF 45 D8 DF 00 71 9F BD B2 47 FF 25 D1 5B 40  |..E...q...G.%.[@|
00005940  B6 F6 8D 72 E6 56 EF 8B 47 2F 60 96 A0 5F 60 ED  |...r.V..G/`.._`.|
00005950  B9 70 16 FB 8D 9E 4B 76 EE 16 61 33 0B BF D7 87  |.p....Kv..a3....|
00005960  7F 4D 40 BD 88 40 31 EE 39 E9 E5 E6 FA 51 8E 9C  |.M@..@1.9....Q..|
00005970  8D F5 6C E1 95 76 72 AF 31 30 E9 1A BF B4 7F B8  |..l..vr.10......|
00005980  E7 32 DE 32 DE 30 5E 0B 7E 02 00 FB AB C7 BB D9  |.2.2.0^.~.......|
00005990  F1 3D E8 66 D0 90 D0 6D C0 E5 06 5F 64 ED DC AD  |.=.f...m..._d...|
000059A0  8E DD 13 BD 0E 76 AE 67 F5 89 9D 5A DC FF 87 1B  |.....v.g...Z....|
000059B0  C0 FE BB 20 F6 DF 03 8F EC 00 FB 93 0B B6 9E 4D  |... ...........M|
000059C0  99 91 F3 E9 D6 A9 3C 61 99 67 D9 0D E3 4A 3E 27  |......<a.g...J>'|
000059D0  CE 79 17 14 9E 59 10 DC 1F 02 77 80 86 2B C7 AE  |.y...Y....w..+..|
000059E0  B4 51 B7 C0 37 CA 76 E7 0B C1 9D DE 39 9F 4B 9E  |.Q..7.v.....9.K.|
000059F0  B0 D9 20 3B D5 F0 E8 E5 26 6B 3D DF 8B 75 BE C8  |.. ;....&k=..u..|
00005A00  91 1A F5 68 61 C4 3F 78 CB EB 3F 41 EC DF 33 7E  |...ha.?x..?A..3~|
00005A10  10 61 FF EE F1 D6 B9 5C 23 42 BE 20 1A 6D 23 26  |.a.....\#B. .m#&|
00005A20  1E 3D 7F 4C C7 FE 77 6F 34 EE BF 17 1E 49 5A CE  |.=.L..wo4....IZ.|
00005A30  A7 60 F5 FC E9 9C 4F 67 48 A9 46 9D 1B E7 90 F3  |.`....OgH.F.....|
00005A40  91 82 55 36 CE 35 D7 35 72 49 84 93 CC F5 11 E9  |..U6.5.5rI......|
00005A50  4A 33 88 F8 6B 51 C6 E7 C0 95 83 37 7C 2E 02 8E  |J3..kQ.....7|...|
00005A60  73 C1 A8 97 39 FB A1 14 DC 6B 73 71 C6 C8 F9 E0  |s...9....ksq....|
00005A70  D1 CB CD F5 23 C9 E6 C2 7A B6 B1 E1 1D 6A 7F 9F  |....#...z....j..|
00005A80  DA D1 6E 04 FD 8B 37 51 FD 89 62 7F F3 78 13 C0  |..n...7Q..b..x..|
00005A90  FE EA F1 7D 1F BE CD B1 EB 19 0B 8A FC 41 CF F7  |...}.........A..|
00005AA0  FF C7 8D 62 FF C3 F0 68 1B C0 FE 8F 83 B8 7F BB  |...b...h........|
00005AB0  35 9E F3 41 1B BB F6 CF 95 CA D3 ED 0C 16 CE 5D  |5..A...........]|
00005AC0  EF 6E 27 0E 68 02 88 BF 17 22 BF 11 CE C5 48 7A  |.n'.h...."....Hz|
00005AD0  C9 75 3A 39 A3 5C 1B 40 2F CA CD 9C 1D 8F ED 5C  |.u:9.\.@/......\|
00005AE0  58 CF 36 D6 34 1A 6E 1E 31 8A FE 0D E3 0A D4 F8  |X.6.4.n.1.......|
00005AF0  FE F1 BD 73 45 7E 63 7D 23 DC 67 F5 5C A5 86 FD  |...sE~c}#.g.\...|
00005B00  16 EB 0D E6 7C 1E 85 47 DF 03 D8 BF 12 C4 FD 61  |....|..G.......a|
00005B10  30 CB C1 F2 38 87 B3 6F 74 AE FB 7A 37 71 5E 6E  |0...8..ot..z7q^n|
00005B20  EE 4C 18 78 66 B9 B2 07 20 7F 1B F8 69 F9 F0 CF  |.L.xf... ...i...|
00005B30  C5 48 B3 64 63 99 05 8F 6C BA A9 E7 92 8D 4B EB  |.H.dc...l.....K.|
00005B40  FA 11 8F 65 3E B5 AA 45 6D A9 37 C6 BE DE 4D 06  |...e>..Em.7...M.|
00005B50  F2 85 F1 3D 00 F9 5B C1 4F E0 56 F9 46 B8 CF EA  |...=..[.O.V.F...|
00005B60  E5 4A 2D E0 9F 7F 03 D8 8F E2 7E 54 B8 5A 0D B0  |.J-.......~T.Z..|
00005B70  7F 05 88 FB B7 25 C1 B8 FF 36 84 FD A3 21 5F DB  |.....%...6...!_.|
00005B80  5C CF CE CB 89 12 E7 B2 CF B1 6E C0 EB D0 A6 99  |\.........n.....|
00005B90  23 F6 43 DC 3F 76 A5 19 65 7D EA AF 34 7E 98 E7  |#.C.?v..e}..4~..|
00005BA0  82 4D 2F C1 9D 70 1E 61 6E E7 B2 79 EE 5F 08 93  |.M/..p.an..y._..|
00005BB0  40 BD 04 7D 73 56 CC CD B5 9D 83 C3 7A B6 B0 BE  |@..}sV......z...|
00005BC0  BF D9 20 7D BA E2 1A 32 42 A1 0F C2 FD A6 F1 66  |.. }...2B......f|
00005BD0  54 E7 53 FF E1 DA DC 98 9E B8 52 CF F7 2F B8 51  |T.S.......R../.Q|
00005BE0  EC CF 82 47 F5 00 FB EF 2E D8 4A 65 33 D3 39 9F  |...G......Je3.9.|
00005BF0  56 58 DF AF EC 8A 1D DE 15 6B E8 07 DE 19 2B 38  |VX.......k....+8|
00005C00  18 F3 25 58 8B 26 38 45 99 F3 BA 3D 6C B0 50 E6  |..%X.&8E...=l.P.|
00005C10  6C 82 87 CD 75 89 76 77 A2 1B 62 33 82 BB 64 C1  |l...u.vw..b3..d.|
00005C20  05 7B A6 70 70 16 34 67 E2 85 7A 57 1A 01 E6 B7  |.{.pp.4g..zW....|
00005C30  5F D9 7B A5 01 BC D6 B0 F0 01 00 FC D4 5E D9 0D  |_.{..........^..|
00005C40  1F 08 58 F0 D7 BD FA 0E 80 B6 F7 2A FE 01 5F C0  |..X........*.._.|
00005C50  2B D8 D1 89 B0 FA 99 DC C0 FE 5E 3C 7A 09 FA D1  |+.........^<z...|
00005C60  34 1E 4D 2D 68 92 1B 38 17 DB 58 8F 2C 3D 08 E7  |4.M-h..8..X.,=..|
00005C70  C8 01 DF 08 FE 32 D6 93 2D 09 F2 58 CF 7F FE 35  |.....2..-..X...5|
00005C80  81 F4 62 9F AB 5E AE 27 79 82 2C 88 2E AF E6 46  |..b..^.'y.,....F|
00005C90  0F C6 CD 97 E8 2C DC 54 41 14 9E B3 8D 35 8D 46  |.....,.TA....5.F|
00005CA0  0B EB 63 86 A8 EF D7 54 22 22 05 89 F0 EB 78 C5  |..c....T""....x.|
00005CB0  0F 33 E7 53 3D 3E E7 7E 66 79 86 EC BA 92 8B E5  |.3.S=>.~fy......|
00005CC0  AC CE E9 7B BB 96 DC 28 F6 3F 0E 8F 7A 0A A6 EB  |...{...(.?..z...|
00005CD0  FB E3 39 9F 56 58 DF 8F 7A 36 6A 64 CE 37 72 76  |..9.VX..z6jd.7rv|
00005CE0  9C 9C 29 48 73 0E 22 38 29 53 90 45 61 8E EB E2  |..)Hs."8)S.Ea...|
00005CF0  00 D5 9B AF D4 01 8C 6F B9 F1 EA FE F8 B9 CC F9  |.......o........|
00005D00  1B E1 D2 4B D0 2F CF B5 BE 9F 17 B6 70 9B 01 E4  |...K./......p...|
00005D10  1B E1 9A 00 7A 09 FA A5 9B 15 75 EA 7E 34 C7 4C  |....z.....u.~4.L|
00005D20  AB 7D 0B 87 F5 6C 21 79 7F 4F BD BA B3 5C 2D 6B  |.}...l!y.O...\-k|
00005D30  9F 1C DA F3 E1 EA 1F 8B 77 63 C2 FE 6A 10 F3 EF  |........wc..j...|
00005D40  82 3B BC E6 FE 8D B2 0C 76 03 C0 A3 E7 8F EB 71  |.;......v......q|
00005D50  FF B2 1B C5 FE AF C0 A3 B3 00 FB D3 0A B6 16 5C  |...............\|
00005D60  04 71 7F AB 86 FD A8 63 4B C8 77 1C 91 39 37 84  |.q.....cK.w..97.|
00005D70  7C 2D 21 5F E2 0F A6 B6 5C 39 5B 74 71 6C 06 E7  ||-!_....\9[tql..|
00005D80  99 43 F5 00 9E 59 40 5C 1F 40 55 9E 2D 20 D0 DF  |.C...Y@\.@U.- ..|
00005D90  AD C5 FE 87 C1 0D E1 E0 95 03 FF 45 BF 11 BE 59  |...........E...Y|
00005DA0  C6 7A E6 3C CD FF 63 EF 7B A0 DB A8 CE 7C 47 92  |.z.<..c.{....|G.|
00005DB0  ED 24 10 20 69 31 74 4B 79 3B 94 2C C9 02 29 26  |.$. i1tKy;.,..)&|
00005DC0  CB 6B 29 69 69 46 D2 58 9A 68 A4 71 66 24 07 FB  |.k)iiF.X.h.qf$..|
00005DD0  74 77 CB 6E D8 A5 E7 75 0B E5 95 85 C7 E9 BE 67  |tw.n...u.......g|
00005DE0  4B 89 6D D9 4E B0 23 C7 7F 12 C7 FF ED C4 FF 62  |K.m.N.#........b|
00005DF0  91 38 B1 13 3B 31 20 87 A6 90 7A 7D 28 F4 0F A5  |.8..;1 ...z}(...|
00005E00  5D B6 F2 48 F2 3B B4 94 BE DD BE B6 E7 ED 39 EF  |]..H.;........9.|
00005E10  DE 3B 23 DB A1 4E 40 9A EB CD 25 73 BF 43 62 C7  |.;#..N@...%s.Cb.|
00005E20  58 DF B9 F7 BB DF FC EE 37 DF FD EE EF C3 22 78  |X.......7....."x|
00005E30  66 B4 C2 F6 2A E4 2E D5 B7 19 E8 33 A0 50 1D 0F  |f...*......3.P..|
00005E40  A9 ED 67 92 67 4E 24 4E 1C 48 8E 76 5D C3 F6 CF  |..g.gN$N.H.v]...|
00005E50  10 FB EB 67 BB 67 3B 66 0F 02 F4 3F 3C 5B B7 79  |...g.g;f...?<[.y|
00005E60  B6 07 6C 06 9D B3 6D 1F E3 19 E1 1E D5 6B 7A B2  |..l...m......kz.|
00005E70  E7 D3 19 60 FF 05 06 F5 6C 64 3E 0F B1 FF 9B F0  |...`....ld>.....|
00005E80  27 6F 5F 60 1C 05 65 BB B6 ED CA 71 5B B7 47 20  |'o_`..e....q[.G |
00005E90  F6 3B 65 D6 21 F9 5C 06 ED 25 3B 71 68 C1 33 16  |.;e.!.\..%;qh.3.|
00005EA0  92 B4 5C 7B 76 C1 23 78 EC 72 85 99 7A 8C 6B 77  |..\{v.#x.r..z.kw|
00005EB0  48 4E 02 57 11 9B 85 AE B1 B1 E0 D1 A2 60 EE DB  |HN.W.........`..|
00005EC0  85 67 54 C7 AA B5 B8 FF B6 6C E3 FE 27 E1 77 EF  |.gT......l..'.w.|
00005ED0  68 39 9F B2 BE 55 8B 39 9F 13 DA AD 2E 98 F6 09  |h9...U.9........|
00005EE0  B5 C6 43 23 D9 D4 FC 38 24 C5 0F EF 09 B2 5E 4E  |..C#...8$.....^N|
00005EF0  2E 14 B2 ED 77 C4 8B 85 BC CF CE FB 14 4F 40 F1  |....w........O@.|
00005F00  67 FD CA 0E B9 7C 66 7A 66 9A 60 6A FF 10 F8 D3  |g....|fzf.`j....|
00005F10  87 0E 7D 7B 60 B1 3F FA BB F7 A3 CD 28 D6 E0 E7  |..}{`.?.....(...|
00005F20  59 E7 46 A1 58 12 B2 BF 09 8B C7 2E 78 C6 52 38  |Y.F.X.......x.R8|
00005F30  1D 15 9D D3 D1 F3 6D D3 51 56 E1 DC E0 5F 57 23  |......m.QV..._W#|
00005F40  D3 7F 89 5D 24 CD 2E 5E CC DA 75 3F 12 7C 9E 58  |...]$..^..u?.|.X|
00005F50  6B F6 AC BC 0E A1 18 EB 68 93 47 EA 93 E1 D3 A9  |k.......h.G.....|
00005F60  A9 01 02 A8 3C F5 19 6D E4 8A 25 F9 6A 53 D6 A3  |....<..m..%.jS..|
00005F70  6B BC 5D 9B 67 1B 36 A2 3A FF EE EC 2A 7E C0 B3  |k.].g.6.:...*~..|
00005F80  21 C9 10 37 88 CA F9 E0 79 72 27 F4 B8 9F CD 00  |!..7....yr'.....|
00005F90  FB DF BF 11 C5 FD 0F 7E 01 62 FF 77 E0 4F 7E 77  |.......~.b.w.O~w|
00005FA0  81 79 EA C8 EE BD 85 BB 73 45 CB AB FB 21 F6 BB  |.y......sE...!..|
00005FB0  38 3B 86 1B 11 40 4B 2C E2 C3 A0 05 CF 58 48 D2  |8;...@K,.....XH.|
00005FC0  72 8D D9 05 8F 40 BB 84 A4 15 D4 1E C0 62 2F AC  |r....@.......b/.|
00005FD0  A3 25 CC FE D7 D8 58 F0 68 51 38 2F 81 73 2B D5  |.%....X.hQ8/.s+.|
00005FE0  CF 7A 3F 9B 6D DC 5F 86 BE 2D 47 35 9E 65 AB F2  |.z?.m._..-G5.e..|
00005FF0  16 F2 FD C1 21 14 E8 57 1B 9B A3 9B F3 19 3F 39  |....!..W......?9|
00006000  C2 A3 65 26 82 2A FC 0F 67 7F CE 4B DA 8C 30 69  |..e&.*..g..K..0i|
00006010  C1 A1 04 DB 33 B1 92 63 C1 66 75 AC A3 55 AB 3B  |....3..c.fu..U.;|
00006020  92 67 08 E9 89 8D C7 42 98 E2 FE 08 AA EE AC BB  |.g.....B........|
00006030  76 66 84 7B 54 9F D4 CF 7A EF CC 16 FB 51 8B E8  |vf.{T...z....Q..|
00006040  9C 72 54 E3 B9 AD 07 60 7F 87 8E FD C7 50 DB 46  |.rT....`.....P.F|
00006050  63 67 4F AE 80 E0 33 4E A2 84 47 0B C0 7E 78 D2  |cgO...3N..G..~x.|
00006060  0B 4F 79 0F 64 8F FF 24 CD 08 6A 89 85 8D 96 30  |.Oy.d..$..j....0|
00006070  B8 A6 A3 C4 74 1D D6 66 B4 92 DA 31 58 5D F0 61  |....t..f...1X].a|
00006080  1D AD 5A D9 A1 56 EC B9 DA 15 3E 38 2D 84 0D FB  |..Z..V....>8-...|
00006090  F7 A3 73 DE 03 B3 23 D7 C6 8C 70 8F EA 49 FD 5E  |..s...#...p..I.^|
000060A0  EF 3D D9 62 FF 7E F8 DD 06 1D FB BB 56 2D D6 F9  |.=.b.~......V-..|
000060B0  B4 C5 43 03 46 47 E7 E5 44 0C 05 C2 78 B4 20 46  |..C.FG..D...x. F|
000060C0  87 43 33 2D D7 CE 8C B0 69 B9 7A 09 FE 15 99 D1  |.C3-....i.z.....|
000060D0  0A DB 6B 41 09 1E 7D F3 FD 43 F3 95 B5 66 B0 7F  |..kA..}..C...f..|
000060E0  86 D8 DF 8A AA 3C 9B AF 9D 19 E1 1E D5 1D 7A DC  |.....<........z.|
000060F0  BF 35 5B EC 47 4C 22 CF 6A D8 5F 96 BB 84 C7 F3  |.5[.GL".j._.....|
00006100  14 EA CF 1B 31 14 FA 97 72 5E BB F1 72 61 3C 5A  |....1...r^..ra<Z|
00006110  66 1A 01 F6 C3 3A CF 16 23 59 1F 92 66 84 B4 F0  |f....:..#Y..f...|
00006120  38 B4 4C 47 4B 88 88 8D 4A 63 41 1C 86 B9 8C 28  |8.LGK...JcA....(|
00006130  78 AC EE B5 63 1D 6D EA 64 5B 62 A4 81 8C B8 1F  |x...c.m.d[b.....|
00006140  8F 5F 62 C2 FE 26 80 FD AD B3 F5 D9 73 F7 93 36  |._b..&......s..6|
00006150  23 DC A3 7A 6C 8D 06 FA 9E 0C B0 FF 19 05 F5 EB  |#..zl...........|
00006160  D5 F8 7C DE 86 3F 19 7F 89 BF 4E AB F1 AC B2 6A  |..|..?....N....j|
00006170  67 BD 0E CE C7 39 0D 8F 0E 69 89 95 1B D4 E2 C1  |g....9...i......|
00006180  37 16 92 B4 18 B6 0B 49 33 C2 23 78 EC B2 E2 7E  |7......I3.#x...~|
00006190  44 E0 2A 62 B4 FF 35 35 16 3C 5A 8A 78 99 C0 B9  |D.*b..55.<Z.x...|
000061A0  BD 53 A9 C5 FD 25 D9 72 B9 31 A8 D1 6F 10 F5 6E  |.S...%.r.1..o..n|
000061B0  29 BB 6B B1 C6 33 54 8F 6E 75 B5 19 B3 19 98 A3  |).k..3T.nu......|
000061C0  D7 F0 D3 81 B4 18 8F FB 3B B4 93 5E 94 FB E9 BE  |........;..^....|
000061D0  BA 63 21 C9 2E 78 B4 E0 11 3C 76 59 71 7B 61 1D  |.c!..x...<vYq{a.|
000061E0  AD 3A 36 9A A8 99 9A EF 1F 22 C5 FE A4 C4 FD ED  |.:6......"......|
000061F0  DA 59 2F CC FD 5C 1B 33 C2 3D AA 57 75 0E E7 C7  |.Y/..\.3.=.Wu...|
00006200  B3 C5 FE CF 42 EC 77 06 35 0E E7 54 CE 62 BE BF  |....B.w.5..T.b..|
00006210  15 52 39 18 CC F9 D8 25 51 28 36 FC 72 83 47 0B  |.R9....%Q(6.r.G.|
00006220  EA DB A5 71 F8 1B C8 FA 90 34 23 4D 0B 6F 5C CB  |...q.....4#M.o\.|
00006230  74 B4 98 8C 9C 0F 18 4B 6C 6F F1 4A BD A3 EB F6  |t......Klo.J....|
00006240  F2 19 D6 82 75 B4 C9 7D 13 6A 55 7F 72 62 94 80  |....u..}.jU.rb..|
00006250  B4 0F 1E BF C4 84 FD F5 B3 6D 3A 87 BF 81 AC 0F  |.........m:.....|
00006260  49 33 C2 3D AA E1 B0 86 FD 5F CF 16 FB B7 40 EC  |I3.=....._....@.|
00006270  DF 15 D4 38 9C 1F CB 5D 8C FB 5B E2 A1 BD F1 E0  |...8...]..[.....|
00006280  99 78 F0 68 3C 94 6D 5F 89 62 DE C7 97 06 78 D1  |.x.h<.m_.b....x.|
00006290  D8 2C F1 68 41 1D BB 60 8D 4F 23 AA F7 81 17 BC  |.,.hA..`.O#.....|
000062A0  EA 3F DE 33 22 49 0B 1E 59 D9 B1 60 B3 17 56 7D  |.?.3"I..Y..`..V}|
000062B0  EA 91 06 B5 62 4F B2 BE 2D 51 13 BE B6 ED 9F 21  |....bO..-Q.....!|
000062C0  F6 C3 9E 5D B0 CA A7 73 B6 7B 76 18 F2 79 7E DC  |...]...s.{v..y~.|
000062D0  67 84 7B 54 AC 7E D6 FB 74 B6 67 BD 22 C4 FE 66  |g.{T.~..t.g."..f|
000062E0  80 FD F7 96 ED DA 36 B7 24 EE AF 89 87 7A 61 89  |......6.$....za.|
000062F0  3F BC D7 3B 89 38 3D 4F C4 43 19 7A A7 2F C0 17  |?..;.8=O.C.z./..|
00006300  73 6C 29 0F F9 4A B3 9F A7 AF 04 EA E0 0D 92 9E  |sl)..J..........|
00006310  6A B5 9D 2C 80 FE A6 05 22 E7 CC 5F 00 7C FC 4E  |j..,....".._.|.N|
00006320  30 16 CE E0 58 30 D9 45 0A 14 F3 A2 C8 6F 2E 8D  |0...X0.E.....o..|
00006330  85 B3 A7 72 2E E1 7D D3 51 C3 63 C1 23 3E 49 33  |...r..}.Q.c.#>I3|
00006340  CB CA F0 38 FB F8 80 62 D8 8D 18 5F A9 88 75 B4  |...8...b..._..u.|
00006350  89 C6 68 AA 77 4A DD 43 42 AD 95 2F 20 61 F0 4B  |..h.wJ.CB../ a.K|
00006360  4C D8 7F 18 C4 FD FB B5 4E BD 4D 60 0B D0 C9 9C  |L.......N.M`....|
00006370  33 7C 09 F0 09 7C 60 E7 66 E3 E8 81 DB 13 71 A0  |3|...|`.f.....q.|
00006380  C8 43 75 1A 7F 7F 6D B6 71 FF 73 10 FB FF 2D B8  |.Cu...m.q.s...-.|
00006390  D8 B7 AB BB 5A E3 EF EF 89 07 4F 43 C8 87 71 7F  |....Z.....OC..q.|
000063A0  B6 ED 5B 04 45 E6 78 D1 A8 A5 F0 68 01 40 DF 8D  |..[.E.x....h.@..|
000063B0  38 9A 01 F4 5F ED B1 E0 D3 12 AB 31 AA 66 3A 0A  |8..._......1.f:.|
000063C0  D4 4C 47 45 12 9E 09 3C 76 59 71 AB 63 D5 37 37  |.LGE...<vYq.c.77|
000063D0  D1 9B 0A 1F 57 AB 9A 88 B1 3F 19 B7 3D 00 C8 37  |....W....?..=..7|
000063E0  CD 76 E8 1C FE 43 57 F7 19 21 D3 13 0F 55 6A D8  |.v...CW..!...Uj.|
000063F0  BF 37 5B EC FF 9F 10 FB FF 5F 50 AB F1 AC C8 5D  |.7[......_P....]|
00006400  C4 7E C4 E1 0C 5B F6 1A B8 E1 C5 89 76 CE 87 81  |.~...[......v...|
00006410  AB 18 6A 31 9A A7 45 D5 FD 5A BF 5E 43 1C CE F8  |..j1..E..Z.^C...|
00006420  66 84 C9 2E 46 B5 C8 3E AE 38 E0 17 03 9E AB FF  |f...F..>.8......|
00006430  4C 80 19 81 20 7A E5 38 9C 71 F8 11 D0 82 75 B4  |L... z.8.q....u.|
00006440  3A 87 F3 D8 A8 1A 9D BC FA 1C CE 38 FC 12 13 F6  |:..........8....|
00006450  C3 EA FE 7A 14 EC 1B C8 F7 6B 33 8A D5 30 44 09  |...z.....k3..0D.|
00006460  1E 3B 47 F7 6A D8 BF 2F 5B EC 2F 43 75 3E 21 14  |.;G.j../[./Cu>!.|
00006470  F7 6F FB 9C F5 12 EC 87 49 9E EC 93 FD 70 8E 3E  |.o......I....p.>|
00006480  A7 24 CB 86 31 0E 8B 16 3D CD D3 0E 63 FF 6B 63  |.$..1...=...c.kc|
00006490  46 9A 16 1E 87 16 42 D2 A1 78 EC B2 E2 56 C7 AA  |F.....B..x...V..|
000064A0  4F 3D 16 9E 2F 8F 90 D1 B3 71 65 ED 9F 31 F6 C3  |O=../....qe..1..|
000064B0  14 4F 1B 88 FD 3B B2 AF F4 21 69 46 B8 47 55 CC  |.O...;...!iF.GU.|
000064C0  58 D1 D7 E7 B3 C5 FE 20 C4 FE 1C 80 FD 6B CA 76  |X...... .....k.v|
000064D0  31 DF F8 A3 B8 BF D3 58 DC 2F 7B 79 0C F1 2D D2  |1......X./{y..-.|
000064E0  82 21 EE EF D4 BB 76 19 89 FB 31 CE 08 83 96 58  |.!....v...1....X|
000064F0  D8 70 E0 CF C3 B1 4C 47 15 3F 01 4D AD F5 19 71  |.p....LG.?.M...q|
00006500  2B A6 1D 83 1F 01 2D 4B 46 5B 6D 78 B4 20 D6 4F  |+.....-KF[mx. .O|
00006510  9E DB 47 40 D0 8F CD 2F B1 61 7F C7 6C 2B 3A EF  |..G@.../.a..l+:.|
00006520  35 12 F7 A3 19 11 17 F7 63 B1 F3 D6 B0 16 F7 D7  |5.......c.......|
00006530  65 8B FD 15 10 FB D7 6A 71 7F D9 1E 74 AF 37 8D  |e......jq...t.7.|
00006540  FD C1 49 3D ED 03 73 FF E3 F1 50 37 78 13 C8 70  |..I=..s...P7x..p|
00006550  8E A5 BC 6C E7 84 92 58 B9 91 07 4E D3 B2 DD 59  |...l...X...N...Y|
00006560  BA DD 08 3C 01 EC 6F 44 5D BB 5A 51 A5 FF C0 4C  |...<..oD].ZQ...L|
00006570  0F BA E9 7B 38 AB 19 6D 37 06 94 38 ED 12 7B DE  |...{8..m7..8..{.|
00006580  69 68 34 9A 96 12 07 01 D0 BF 60 DD 95 21 F3 E4  |ih4.......`..!..|
00006590  14 A4 DD A9 38 DC 06 26 0B C6 88 75 B4 30 E7 D3  |....8..&...u.0..|
000065A0  D9 96 A8 69 4D 36 56 10 62 7F 97 40 80 33 00 EC  |...iM6V.b..@.3..|
000065B0  87 47 BC 1D 28 EF D3 02 DE 00 1A E1 9B 40 56 33  |.G..(........@V3|
000065C0  E2 05 83 D8 B1 52 7E 6E 6C 4C B7 3E AF 61 7F 7D  |.....R~nlL.>.a.}|
000065D0  B6 D8 5F 05 B1 7F 5D 08 F1 78 32 33 D6 05 EC 87  |.._...]..x23....|
000065E0  35 9E FD 08 FB 27 E3 C1 B1 2C 47 67 17 78 11 BC  |5....'...,Gg.x..|
000065F0  DC 04 14 43 7B 5C B1 E0 97 4B 14 C5 68 9D 0F 24  |...C{\...K..h..$|
00006600  ED EF 9D 39 88 B2 3E FD 33 DD D9 45 FF 76 5E E4  |...9..>.3..E.v^.|
00006610  C0 7C 0C AE 3D 1E BB D8 85 58 18 A8 09 28 8A 91  |.|..=....X...(..|
00006620  D8 DF CE 97 70 A5 2C D0 42 40 89 BF 6E 97 D8 41  |....p.,.B@..n..A|
00006630  45 59 81 E8 73 27 2F 28 0A 34 97 21 4F B2 8B 32  |EY..s'/(.4.!O..2|
00006640  D6 D1 26 5B CE CE 4D ED 4E 9E 6D 4A 34 8E 90 61  |..&[..M.N.mJ4..a|
00006650  FF C0 8A 58 3F 63 EC AF D7 8B 7B 3A 66 BB 67 3B  |...X?c....{:f.g;|
00006660  B3 3D ED DD 29 F8 37 83 09 11 D6 AE 1D 0F 8A 6C  |.=..).7........l|
00006670  B3 68 39 9F FD D9 D6 78 D6 42 EC FF 14 CC F9 6C  |.h9....x.B.....l|
00006680  DB F5 E2 75 79 0B 39 9F 50 2B AA F3 A9 41 C9 9F  |...uy.9.P+...A..|
00006690  89 78 A8 19 ED 03 BB 61 FB DE E0 28 BC F3 F5 51  |.x.....a...(...Q|
000066A0  E8 9D ED 92 02 5E 6D 36 BB 79 B9 94 77 49 C5 42  |.....^m6.y..wI.B|
000066B0  76 C4 A5 48 0B EF 63 25 87 9B 05 AA 1C D9 A9 42  |v..H..c%.......B|
000066C0  77 BB 1A B5 8C 0F BB 99 45 AF 00 F0 45 00 D2 7B  |w.......E...E..{|
000066D0  EE 47 F4 9E 4D 1F 75 2C 1C 0B 5C 89 35 30 2B 9C  |.G..M.u,..\.50+.|
000066E0  76 41 5A 62 61 A4 86 CF 52 0B 07 27 A3 F0 57 FD  |vAZba...R..'..W.|
000066F0  B4 D7 1E 8B 20 F3 F2 AC 41 D3 5C D1 8F 02 8B 8B  |.... ...A.\.....|
00006700  B7 33 73 FD 76 C1 7D E9 68 F5 65 8C 45 B2 1B 6C  |.3s.v.}.h.e.E..l|
00006710  E2 44 D7 FC 44 3D 21 98 A4 F9 E5 0A D8 3E 2B EC  |.D..D=!......>+.|
00006720  6F 03 98 8F 32 3E EC 6C 33 3B 1B 41 6F 01 7D E0  |o...2>.l3;.Ao.}.|
00006730  EF 08 AA FE 6C FE 28 0C CF 68 46 B1 9A CD 6E 22  |....l.(..hF...n"|
00006740  E6 84 17 45 F6 EC D3 E2 FE 48 B6 71 FF 7E 88 FD  |...E.....H.q.~..|
00006750  1B F4 B8 FF A2 6D 31 DF 3F 1C 0F 35 C5 43 C3 60  |.....m1.?..5.C.`|
00006760  07 C8 7E 8E 0E B7 50 64 F8 30 92 71 94 14 F1 B2  |..~...Pd.0.q....|
00006770  E1 37 36 10 F1 F7 CE 74 00 C0 6F CF 9E D1 01 8D  |.76....t..o.....|
00006780  C5 F8 86 8D CB 2E EE 12 0C 5A 3C 82 5D 16 14 10  |.........Z<.]...|
00006790  F8 7B 59 0F AF 4C 47 BD 57 91 D5 13 8F 5D 2E 27  |.{Y..LG.W....].'|
000067A0  A5 58 FC 08 78 00 D6 D1 C2 84 CF C9 BE D4 D8 08  |.X..x...........|
000067B0  01 71 BF 03 4C 88 94 B6 B6 A8 53 6F BB B1 4E ED  |.q..L.....So..N.|
000067C0  B8 9E 57 EC 76 C6 32 AA B7 F4 3A 9F 86 6C B1 FF  |..W.v.2...:..l..|
000067D0  20 C4 FE 07 42 8B BD DA D3 F9 FE A3 28 EE AF 32  | ...B.......(..2|
000067E0  74 D6 CB 2B 7E C9 F8 99 06 D0 82 E1 9D 0D 84 F8  |t..+~...........|
000067F0  DD 33 CD 00 F9 0D 9D F5 62 9B 11 36 2D 3C 0E 2D  |.3......b..6-<.-|
00006800  64 50 3A C0 B1 C4 22 2B 76 D8 88 C7 8F F8 85 FE  |dP:..."+v.......|
00006810  7F 70 B4 0D 86 47 9B AC 7A 21 71 BC 85 8C B3 5E  |.p...G..z!q....^|
00006820  3C 7E 89 09 FB 87 41 D4 DF 05 22 7C 43 67 BD 78  |<~....A..."|Cg.x|
00006830  D6 9C 4C 3B 7F 45 BF DB 75 20 0B EC FF 24 C4 FE  |..L;.E..u ...$..|
00006840  56 88 FD 0F 86 16 FB F5 A6 F3 FD 07 60 7A 07 C4  |V...........`z..|
00006850  FD A1 C9 D4 E0 B8 7A E2 54 36 A3 13 14 91 53 D8  |......z.T6....S.|
00006860  42 5E 96 8C 20 54 61 6C B7 1C 6B 84 75 E8 86 B0  |B^.. Tal..k.u...|
00006870  FF F0 4C 13 40 FF F6 99 16 76 A6 0F 65 7C DA E1  |..L.@....v..e|..|
00006880  76 90 E9 58 38 30 17 56 40 09 C4 EC 37 6E 3C 76  |v..X80.V@...7n<v|
00006890  89 ED 13 79 A0 25 16 96 25 03 2D 44 B4 19 71 4E  |...y.%..%.-D..qN|
000068A0  4E E4 E4 AB 4D 75 2E 88 6E 4E 9F D1 0A 44 FF 9A  |N...Mu..nN...D..|
000068B0  1F F1 F2 66 C1 A7 F0 62 B6 2F 00 85 0B 91 B1 3E  |...f...b./.....>|
000068C0  5A CE 90 F9 99 C4 89 03 C9 B3 4D C9 73 3D EA F1  |Z.........M.s=..|
000068D0  43 57 1B 93 04 45 12 79 34 A3 AB 7F BF 6B B6 07  |CW...E.y4....k..|
000068E0  E5 FA 61 9E A7 13 BD 03 1C 60 51 12 A8 0B FC 00  |..a......`Q.....|
000068F0  5D F8 FD 88 DE CD A3 35 27 0B FB F1 A0 C8 67 F4  |]......5'.....g.|
00006900  7C 7F 63 B6 71 7F 17 E2 72 D3 B0 FF C5 AA C5 7C  ||.c.q...r......||
00006910  3F 2C EC 39 A2 73 3A 64 1D F7 BB 78 49 76 19 DE  |?,.9.s:d...xIv..|
00006920  DF 34 2D 86 6B 3C 23 00 EA FB 01 E4 47 8C C4 FD  |.4-.k<#.....G...|
00006930  38 67 64 58 4B 2C 8C 0C 63 54 4B AB EC 20 A4 C6  |8gdXK,..cTK.. ..|
00006940  D3 C5 C7 22 18 0C B3 A2 7E 04 B4 60 1D 6D A2 63  |..."....~..`.m.c|
00006950  72 FE 78 B9 5A 17 26 20 EE C7 E3 97 98 B0 3F 82  |r.x.Z.& ......?.|
00006960  4E 79 9B 8C F1 F7 6B 33 22 AD C6 13 8F 9D AF AB  |Ny....k3".......|
00006970  D5 E2 FE A6 6C B1 7F 00 62 BF 5F C3 7E E6 1F 72  |....l...b._.~..r|
00006980  96 D6 F7 2F D0 3A 64 C1 E4 B3 18 DF 1A 67 66 11  |.../.:d......gf.|
00006990  B0 1C D3 23 4E 87 EC 89 7C D2 63 71 E0 60 06 C1  |...#N...|.cq.`..|
000069A0  69 17 A3 11 DA 74 B4 94 04 FA 96 F4 8C 56 86 CA  |i....t.......V..|
000069B0  07 A3 1F 01 2D 58 47 AB 56 44 09 88 F8 97 5A 88  |....-XG.VD....Z.|
000069C0  10 EC 6F 06 41 7E 76 24 3E 4B 67 B4 5D 21 30 E7  |..o.A~v$>Kg.]!0.|
000069D0  83 07 45 B6 E8 39 9F E6 6C B1 3F 0A B1 FF 6B DA  |..E..9..l.?...k.|
000069E0  59 EF 8B F3 88 CB 4D C3 FE 41 D4 BA EB 00 84 FF  |Y.....M..A......|
000069F0  E0 54 C6 95 FD 9A 78 B8 52 6E BB A0 F8 8D D5 B1  |.T....x.Rn......|
00006A00  43 2D 1E C3 71 29 EA D4 0E 2B FA 0F 82 3D A0 27  |C-..q)...+...=.'|
00006A10  F3 CA FE 25 63 71 1B 1D 0C 46 BB 60 19 8B 87 90  |...%cq...F.`....|
00006A20  B8 DF 01 C6 B2 23 00 0D B3 12 05 FE 1E 4E E1 1C  |.....#.......N..|
00006A30  38 EC 85 75 B4 6A A4 2A 55 77 54 DD 53 93 68 1C  |8..u.j.*UwT.S.h.|
00006A40  51 0F F7 5D 55 FB 23 5F 10 88 70 05 78 D6 5B 87  |Q..]U.#_..p.x.[.|
00006A50  7A 77 F5 A2 44 4F 16 B5 FD E9 19 19 5F F3 15 B1  |zw..DO......_...|
00006A60  B3 E1 51 3D AC 63 7F 4B B6 D8 3F 0A B1 FF 71 80  |..Q=.c.K..?...q.|
00006A70  FD 5A DF AE C5 1A CF 81 78 68 7F 3C 54 01 83 FE  |.Z......xh.<T...|
00006A80  E0 18 E4 F4 04 3B 00 78 13 C8 68 13 10 05 DE E1  |.....;.x..h.....|
00006A90  F6 F3 3E C5 CF 0B D9 4F 13 8F 16 C4 DD 7F 04 A0  |..>....O........|
00006AA0  3E BC D9 AB A1 FF 40 E6 F8 4F D2 8C 30 69 99 8E  |>.....@..O..0i..|
00006AB0  42 25 E7 DB FC 5C C9 D5 7E 40 F0 CC 68 C5 AD 8E  |B%...\..~@..h...|
00006AC0  55 9F 5A D5 94 68 18 49 1C E8 53 BB 07 93 2D 13  |U.Z..h.I..S...-.|
00006AD0  D7 B0 FD 33 C4 7E C8 DD DF 0B 50 1F DE EC 3D 8A  |...3.~....P...=.|
00006AE0  BE B6 CC 1E FE 38 CF 08 F7 A8 FE A0 D7 F9 1C CC  |.....8..........|
00006AF0  16 FB 4F 41 EC FF 46 68 B1 77 CB 12 EC AF 42 C5  |..OA..Fh.w....B.|
00006B00  FD 06 EA 7C 44 C1 1F 30 4E 5A 04 B4 70 01 A3 69  |...|D..0NZ..p..i|
00006B10  5A 0D FB 9B 11 77 BF 01 3E 37 30 16 B7 F1 29 61  |Z....w..>70...)a|
00006B20  B3 4B C0 38 99 1B C0 7E 7F 31 47 46 A5 0F 9C D1  |.K.8...~.1GF....|
00006B30  CA 91 B9 E1 F1 23 D1 1F C0 3A DA E4 60 CD 7C CB  |.....#...:..`.|.|
00006B40  29 F5 D8 21 42 EC 4F 0A 99 1B C2 FE AE 8F 7C A8  |)..!B.O.......|.|
00006B50  7B F9 19 49 81 9D 3C 51 51 3F 2E 14 79 59 C7 FE  |{..I..<QQ?..yY..|
00006B60  43 D9 62 FF 38 C4 FE 27 01 F6 7F 11 C4 FD CE C5  |C.b.8..'........|
00006B70  FA FE D0 60 3C 38 12 0F 4E A0 64 7F A3 F6 CF CC  |...`<8..N.d.....|
00006B80  E7 18 78 84 F7 DA 03 B2 CB D0 1B FC 82 16 A3 D8  |..x.............|
00006B90  0F 71 BF 0D C4 FD AD E8 9E 57 2F 3A F7 6D CF 66  |.q.......W/:.m.f|
00006BA0  2C 92 C1 C1 E0 B4 8B E1 B1 C4 5A 3D 0A 06 FB 62  |,.........Z=...b|
00006BB0  79 26 B0 D8 65 65 FD 08 68 C1 3A 5A 75 6F 57 A2  |y&..ee..h.:ZuoW.|
00006BC0  FB 98 DA D1 49 02 26 05 14 65 05 17 20 53 EC 3F  |....I.&..e.. S.?|
00006BD0  36 7B 70 B6 13 C4 FB B0 63 7B F7 6C C7 6C E4 6A  |6{p.....c{.l.l.j|
00006BE0  AD F9 CA 78 A2 D1 27 F7 BB 3A F6 B7 66 8B FD 67  |...x..'..:..f..g|
00006BF0  20 F6 7F 3B A4 F5 EB ED 5D 95 C6 7E B5 B6 29 1E  | ..;....]..~..).|
00006C00  6A 8B 07 5F 40 54 9E D9 86 FE 5E CE C1 3B 61 25  |j.._@T....^..;a%|
00006C10  2B EB E4 45 D6 27 C9 FE 6C 82 54 F0 39 A7 97 F3  |+..E.'..l.T.9...|
00006C20  20 4D D9 EF E0 08 EF 3B 01 F2 C3 7B BD A8 69 EF  | M.....;...{..i.|
00006C30  41 F0 8F 86 0C 0B FE E1 1C DC EC C2 BC B2 1C 0B  |A...............|
00006C40  1E BB 00 2D B1 B0 53 12 7C 3C EB 0C 40 2D 59 1D  |...-..S.|<..@-Y.|
00006C50  1E 79 02 A5 7C 09 AB DB F7 2A 47 FF C8 2E A8 C2  |.y..|....*G.....|
00006C60  9F 75 4A 59 DB E5 CA 7E 54 6A D0 8F BC 1E E7 25  |.uJY...~Tj.....%|
00006C70  A3 6D 30 38 5A F0 A4 CD F7 0D A9 7B 4E CD 77 44  |.m08Z......{N.wD|
00006C80  AE 36 26 FD 91 5F 5E C5 43 52 84 FA FB 51 8D E7  |.6&.._^.CR...Q..|
00006C90  61 AD 83 4B 2B F8 72 10 FC A0 21 83 A2 7F 9F 04  |a..K+.r...!.....|
00006CA0  26 B1 39 3D 2F 52 EA 7D F0 A0 C8 06 9D C7 F3 70  |&.9=/R.}.......p|
00006CB0  B6 D8 3F 09 B1 FF D9 10 EA D9 F8 E2 85 25 71 7F  |..?..........%q.|
00006CC0  1B 8A F5 A7 0C FA 92 E8 E7 30 78 24 0E 2D 08 EE  |.........0x$.-..|
00006CD0  0F C1 3C FF B5 32 23 A8 85 27 64 2C B8 B0 67 25  |..<..2#..'d,..g%|
00006CE0  C7 82 C9 EA A2 1F AB BE F9 FE A1 54 D9 89 B9 89  |...........T....|
00006CF0  C6 6B DE FE 19 62 7F 2B 62 F0 1F 82 E7 BC D7 C6  |.k...b.+b.......|
00006D00  8C 70 8F EA CB FA 59 6F 5B B6 D8 7F 0E 62 FF 77  |.p....Yo[....b.w|
00006D10  B4 B8 FF C5 D5 4B F8 7C 34 0E 67 10 F4 1B B1 BC  |.....K.|4.g.....|
00006D20  24 3A 39 C3 4D 89 75 2D 06 93 76 00 FB 61 AF F6  |$:9.M.u-..v..a..|
00006D30  06 B0 03 18 E8 D6 0E C7 22 15 1B 5D 37 BC 76 31  |........"..]7.v1|
00006D40  AE C5 F8 8C 30 3D 13 60 2C B1 F2 95 EA AD 8D EC  |....0=.`,.......|
00006D50  B5 D3 A8 1F 79 17 6A 20 F1 8C 36 51 DF 0F 7B B7  |....y.j ..6Q..{.|
00006D60  F4 1C 4C 46 FA 48 B0 3F 47 48 6B 73 80 FD B0 57  |..LF.H.?GHks...W|
00006D70  7B 43 06 17 B9 2E 3F 23 C2 0A FC F1 3C 73 2F E8  |{C....?#....<s/.|
00006D80  39 9F F6 6C B1 7F 06 62 7F 2B C0 FE 7B B7 ED 2A  |9..l...b.+..{..*|
00006D90  73 2D E1 F3 39 89 32 FD 6D E8 D0 77 5F 96 A3 53  |s-..9.2.m..w_..S|
00006DA0  38 1F 78 B3 91 05 9F A1 F4 21 1E 2D 33 DD F0 8C  |8.x......!.-3...|
00006DB0  57 CB F6 74 22 EE B6 F6 8F F9 8C 14 4E F0 F9 37  |W..t".......N..7|
00006DC0  23 3D C6 C7 32 1D F5 5D FD 1C AF 12 0B 49 9A 61  |#=..2..].....I.a|
00006DD0  DC 2B 30 18 4C 56 F7 CA 58 47 AB B6 76 83 D0 5F  |.+0.LV..XG..v.._|
00006DE0  AD 3E 94 1A 39 73 D5 ED 8F C5 42 D8 72 3E 75 B3  |.>..9s....B.r>u.|
00006DF0  87 37 A3 F0 BF 03 11 B7 B5 7D CC 67 84 7B 54 AF  |.7.......}.g.{T.|
00006E00  55 6A BD DA 3B B2 E5 F1 7C 07 62 FF 8B 4B F8 FB  |Uj..;...|.b..K..|
00006E10  BB 6A 51 AF F6 60 5F 3C 78 06 32 39 07 87 B3 2F  |.jQ..`_<x.29.../|
00006E20  F1 0F 94 DA 79 8F E1 3A F6 B4 16 63 D5 B0 E8 74  |....y..:...c...t|
00006E30  B7 11 B1 F7 1F 98 39 88 6E 7A 65 51 E5 8F 67 2C  |......9.nzeQ..g,|
00006E40  78 EC 22 01 35 B1 B0 D1 D1 C4 1A E1 60 C8 28 F0  |x.".5.......`.(.|
00006E50  87 76 59 B9 FA FE 80 82 69 ED B0 8E 76 EE 74 AD  |.vY.....i...v.t.|
00006E60  BA E7 B4 5A 35 48 40 89 3F 1E EF C6 84 FD F0 4E  |...Z5H@.?......N|
00006E70  2F E4 71 3E 88 6E 79 65 59 E1 2F F1 04 4D 09 B3  |/.q>.nyeY./..M..|
00006E80  9D DD 95 A8 E7 22 33 08 B0 7F 1C FC 71 DF 0C 70  |....."3.....q..p|
00006E90  5B DB 0E 98 ED 37 FF F1 EF 8F 80 DF F9 D9 67 6D  |[....7........gm|
00006EA0  CF 15 C5 98 1D EB 01 F6 37 54 87 6D E7 37 E5 6F  |........7T.m.7.o|
00006EB0  2D 7B A2 D0 7A 24 8F B3 85 99 4D 6B B4 9C 4F 33  |-{..z$....Mk..O3|
00006EC0  AA EC 1F 61 A8 2C 15 8F EC 60 5D BC CF 43 2D 61  |...a.,...`]..C-a|
00006ED0  56 71 61 5E FC B9 33 F0 62 17 B5 AB 99 D6 1C 8F  |Vqa^..3.b.......|
00006EE0  6C 08 6B D8 3F 04 30 7D 0B 88 DA 05 80 F7 6F E9  |l.k.?.0}......o.|
00006EF0  D8 7F 83 65 F9 CF 14 AD B6 AE 01 D8 FF 24 C4 FE  |...e.........$..|
00006F00  F7 AA CF DA CE 77 DC BC 75 ED 13 C3 96 CD B9 09  |.....w..u.......|
00006F10  5B 2D 73 74 F5 12 EC 0F 55 D1 85 BF 14 FB 3D 1C  |[-st....U.....=.|
00006F20  C4 7E 3F B5 84 79 71 00 EF E2 27 3A 4E 27 C3 A7  |.~?..yq...':N'..|
00006F30  A9 5D CD B4 E6 78 E4 DF 9F D7 00 7E 18 60 FF 24  |.]...x.....~.`.$|
00006F40  F8 BA 0F FC D3 A3 C7 FB C7 96 FC 5E 7A 1F 80 FB  |...........^z...|
00006F50  C2 23 BD 10 FB CB 6E BB 1B 60 FF 6C F5 CF 98 F3  |.#....n..`.l....|
00006F60  B5 F9 5B AF 7B E2 CB B9 0F EC E9 B2 5D 64 36 69  |..[.{.......]d6i|
00006F70  D8 9F CE F3 C4 43 65 90 D1 2D 34 C8 C2 CC 7F F0  |.....Ce..-4.....|
00006F80  A8 4E EF 16 EA 35 A7 17 C8 52 09 27 B2 F0 6D CD  |.N...5...R.'..m.|
00006F90  C9 C9 4E D6 C9 B3 A2 10 AB 72 F1 F4 F9 30 8B 28  |..N......r...0.(|
00006FA0  98 EB 46 12 1D 95 6A 65 05 BC DD DB D4 4B AD 4B  |..F...je.....K.K|
00006FB0  A6 88 02 89 0F F8 F5 FB 34 50 8F EA F9 7E 18 FF  |........4P...~..|
00006FC0  A7 71 DE B5 4C CE E7 51 F0 B3 D7 4B 99 1B D6 6D  |.q..L..Q...K...m|
00006FD0  2C FB C7 FB 00 F6 BF 53 5D 0E E2 FE 7C 87 F3 89  |,......S]...|...|
00006FE0  07 72 1F DE E3 C8 D9 CD 6C 5A AF C5 FD 9D 90 D3  |.r......lZ......|
00006FF0  01 D2 38 0F 65 49 E6 73 6D C6 FD C5 AC 97 77 B8  |..8.eI.sm.....w.|
00007000  79 91 B4 AB 82 54 FE D3 3C C0 8B 17 FB BB F6 A4  |y....T..<.......|
00007010  4E 0E CE 4D F6 51 D3 12 2B E0 91 27 70 54 CF D4  |N..M.Q..+..'pT..|
00007020  6B 40 7F 22 83 B3 DE 6F F7 30 4C C1 D3 65 DF 84  |k@."...o.0L..e..|
00007030  FC FD 05 F5 7F 62 BB F0 CA 1D 5B 9F 5E FB 15 DB  |.....b....[.^...|
00007040  97 62 F6 3B 5F 59 C8 F7 57 C6 83 DD F1 50 75 3C  |.b.;_Y..W....Pu<|
00007050  D4 C5 42 56 B7 60 14 ED 02 8D 26 F7 02 97 CF C3  |..BV.`....&.....|
00007060  3A 05 1F E7 95 D8 52 CE 25 F3 76 FA 60 98 4C 9C  |:.....R.%.v.`.L.|
00007070  A5 78 EF 88 A6 EA 8E 26 3A 26 D5 9A FD EA 78 28  |.x.....&:&....x(|
00007080  35 35 90 3C 73 22 51 DF 4F CD 4C E5 43 E5 C1 83  |55.<s"Q.O.L.C...|
00007090  1A F6 9F CA A2 CE E7 3E F8 57 03 FC FC 26 9B FE  |.......>.W...&..|
000070A0  23 16 FE B5 96 9A F5 B2 52 E8 60 15 51 2A E6 7C  |#.......R.`.Q*.||
000070B0  AC 28 D8 79 99 C8 78 80 CA CA BE FF D3 FD 9E 0A  |.(.y..x.........|
000070C0  09 32 5C A3 61 FF D8 12 EC 1F D7 BF DF B4 6A F9  |.2\.a.........j.|
000070D0  CF CC 85 2C 4C 51 AC EC 6E 98 EF FF 41 E3 49 DB  |...,LQ..n...A.I.|
000070E0  6B EF DC BB 95 29 EB B7 4D 38 DC B6 EB 17 F2 FD  |k....)..M8......|
000070F0  27 E2 A1 83 28 DF FF 3C 4A F1 1F A7 99 1F 1D FB  |'...(..<J.......|
00007100  3D B1 66 3B EF 73 73 C5 34 EB 63 4E 0F C0 5B F3  |=.f;.ss.4.cN..[.|
00007110  A1 46 7A 13 AD 43 6A A4 2A D1 41 4F 7C 09 15 8F  |.Fz..Cj.*.AO|...|
00007120  9D C4 67 FD 76 3D DF 9F C6 FB 61 F0 E7 F1 9B AF  |..g.v=....a.....|
00007130  FC 99 9F DF C5 30 EB 36 32 DF 82 75 3E DB 1A 2D  |.....0.62..u>..-|
00007140  96 D7 A6 37 3B 98 B2 9F D9 8E 5F B0 30 AB D3 D8  |...7;....._.0...|
00007150  1F DA 87 DA B7 8C A1 94 7F 3F 05 FE 45 EC 87 34  |.........?..E..4|
00007160  27 CA F6 58 85 48 60 53 08 2A FF 09 1E 80 17 07  |'..X.H`S.*......|
00007170  D4 DA A6 54 EF 94 BA 27 4A 4D 4B AC F8 64 12 1F  |...T...'JMK..d..|
00007180  F4 F7 AA 35 EC 9F 04 D8 FF 32 F8 53 01 BE 7F 49  |...5.....2.S...I|
00007190  DF 07 F6 2C F3 FB 37 82 5F FF F6 7B CC 13 05 4F  |...,..7._..{...O|
000071A0  33 8F C2 7B BD FB FB 04 EB 0F 2E 78 B7 5E 7F E3  |3..{.......x.^..|
000071B0  03 B6 C3 39 79 77 56 E9 35 9E 45 9C 44 6B D8 97  |...9ywV.5.E.Dk..|
000071C0  11 68 17 B6 90 66 7A 4C ED 01 78 B1 7F FC 80 DA  |.h...fzL..x.....|
000071D0  DB 4B 4B FC A9 64 2A 17 56 6B 40 3F 95 41 BE 7F  |.KK..d*.Vk@?.A..|
000071E0  FC 7A 14 F7 33 B0 CE 87 99 86 7B 47 95 E7 7A 47  |.z..3.....{G..zG|
000071F0  01 B3 6B DB AE 0D 37 58 DC EB B5 7B BD 47 51 C3  |..k...7X...{.GQ.|
00007200  C6 2A 74 C2 DB 06 89 7D 82 BD E0 05 80 E5 64 53  |.*t....}......dS|
00007210  DB 5B 96 14 DE 67 97 64 17 6B A7 7B A3 29 E5 A9  |.[...g.d.k.{.)..|
00007220  27 FE 3B 5E EC 6F 0F 25 1A 47 92 E1 D3 F3 87 C6  |'.;^.o.%.G......|
00007230  E6 FB 87 12 87 5B 13 35 61 36 79 A6 2B 15 39 4C  |.....[.5a6y.+.9L|
00007240  AD 4D 86 F0 8F 90 58 DF EF D1 E3 FE 97 96 60 FF  |.M....X.......`.|
00007250  A4 FE 7D E5 92 DF FB 49 9E F6 F5 26 F0 EB E1 6F  |..}....I...&...o|
00007260  5A 98 8E 0A CB DF C0 7C FF 9B 17 05 6B A2 AE E5  |Z......|....k...|
00007270  9E FC A7 04 2B 37 9D 63 39 AF E7 7C 1C 8A 87 63  |....+7.c9..|...c|
00007280  21 A1 1B AC F3 1F 89 87 E8 FD 5E 3D EA 2B 74 B0  |!.........^=.+t.|
00007290  C8 36 5E 49 F1 14 73 D4 20 A6 13 B0 FA 58 F5 A5  |.6^I..s. ....X..|
000072A0  F6 0D 42 EC 3F 52 3F 37 3E AC F6 1C 9B 6F A9 50  |..B.?R?7>....o.P|
000072B0  2B 0E 51 33 13 25 5E 8F 42 E0 A8 9E D6 CF 7A 5F  |+.Q3.%^.B.....z_|
000072C0  5E 26 EE 5F BA 1F DC 64 59 DC 0F 6E BE F1 7A E6  |^&._...dY..n..z.|
000072D0  9D 48 CE 2E 19 E6 7C 2E 72 D6 C4 86 96 DB 6E 79  |.H....|.r.....ny|
000072E0  6A CC E2 73 EE B6 15 32 51 FD AC 77 12 D2 F6 D3  |j..s...2Q..w....|
000072F0  7B BD 1F 10 00 FD A5 BC 4F F0 B3 8A FF 73 6C 11  |{.......O....sl.|
00007300  EF E7 65 85 B8 CE 10 54 56 52 4A 95 22 BC 71 7F  |..e....TVRJ.".q.|
00007310  6B B7 7A 76 52 3D D7 A4 76 74 26 4E 9C 55 A3 93  |k.zvR=..vt&N.U..|
00007320  F4 9A 2F 71 11 1F 4F 62 DC DF A8 D7 78 C6 32 C8  |../q..Ob....x.2.|
00007330  F9 6C B9 09 E6 7C CA 9E 84 39 9F 8B B3 F7 DB 52  |.l...|...9.....R|
00007340  43 9D 1E 7B F8 94 ED F4 2B AA F5 C2 42 9D 4F 57  |C..{....+...B.OW|
00007350  3C 54 97 AE F2 9F A4 67 BD BA 70 76 5E 76 F2 BC  |<T.....g..pv^v..|
00007360  8F E6 FC 4D EC 01 58 F5 CD 37 4F CD 4D 8E CC 8D  |...M..X..7O.M...|
00007370  97 53 D3 9A 66 CD F1 48 93 8E FD D3 19 D6 F7 03  |.S..f..H........|
00007380  EC 77 2C 60 3F D3 01 B0 7F CA FA 0A 6F C9 B9 6E  |.w,`?.......o..n|
00007390  E1 6E 57 19 2A F0 D4 B1 9F 8D 87 FA E0 45 2F D8  |.nW.*........E/.|
000073A0  AC BD 22 1E 0A C5 43 61 73 7A 81 33 E0 03 D0 CF  |.."...Casz.3....|
000073B0  06 40 E8 CF 3B E9 06 60 4A 0F C0 5B F3 31 1F 8C  |.@..;..`J..[.1..|
000073C0  A4 A6 06 52 E5 0D D4 B4 E4 AE B9 53 22 70 54 05  |...R.......S"pT.|
000073D0  7A 8D E7 F9 65 B0 FF 95 9C 2B 61 3F F3 E4 A5 D8  |z...e....+a?....|
000073E0  1F B3 BC E2 B2 DA 5E B5 B8 D7 69 D8 FF 7C 3C D4  |......^...i..|<.|
000073F0  8E DA B7 54 81 4D 80 45 05 9F 83 70 2F 00 3F 85  |...T.M.E...p/.?.|
00007400  DF 0C 9A D3 0B DC 3C 27 FB 59 A9 90 F5 0A 4E 51  |......<'.Y....NQ|
00007410  F2 BB 05 8E BE 02 98 CE 03 B0 EA 53 23 55 A9 DA  |...........S#U..|
00007420  A3 D4 AE 24 0B EF 22 B1 C2 E5 9C 1E F7 2F 87 F3  |...$.."....../..|
00007430  E7 2F 83 FD 16 AD CE 67 C7 DD 08 FB C3 56 0D FB  |./.....g.....V..|
00007440  FF 34 E7 E1 8A C7 73 C2 96 0B 0B D8 0F 83 FC 3A  |.4....s........:|
00007450  94 F0 A9 41 29 20 9A F6 01 4F 3E BC CD EB A3 88  |...A) ...O>.....|
00007460  6F 6A 0F C0 8B FD E3 B5 73 93 23 6A 74 52 3D 16  |oj......s.#jtR=.|
00007470  A6 D6 25 14 FB 45 12 4F F4 BE 57 91 8B BE 7E 37  |..%..E.O..W...~7|
00007480  63 4E 87 B2 AF 7F 1E D6 78 FE 15 EC F7 0B 2B 83  |cN......x.....+.|
00007490  1A 73 06 F3 BC 77 32 4C C7 6A 54 E3 19 EA 40 57  |.s...w2L.jT...@W|
000074A0  BA 1A 51 A5 E7 61 D3 C6 F9 1F 94 42 0F EB 90 8B  |..Q..a.....B....|
000074B0  79 1F C7 96 16 F3 A5 4E 5A E8 63 3A 71 14 97 E2  |y......NZ.c:q...|
000074C0  C5 FE 23 15 89 9A B0 BA B7 35 D1 38 92 38 D1 45  |..#......5.8.8.E|
000074D0  0D 4C A0 78 ED 45 04 8E EA CD 5A 2D EE 9F C9 00  |.L.x.E....Z-....|
000074E0  FB A7 D7 40 2E 37 46 80 5C 6E BF FC 8E 60 3D F7  |...@.7F.\n...`=.|
000074F0  EA EF B7 E7 3F 73 CC 7A 2E B8 CA D6 CC B8 35 1E  |....?s.z......5.|
00007500  4F 44 E2 10 0F 95 A3 FA FE C1 78 28 82 FE 1E 00  |OD........x(....|
00007510  2F 03 A6 F6 02 17 EF 8B 55 8A BC 6C 9F 8E CA E2  |/.......U..l....|
00007520  74 74 BA 6D 3A CA 2A B4 D2 DF 5C 1E 80 55 DF FC  |tt.m:.*...\..U..|
00007530  E1 FD EA E9 D1 54 79 43 F2 50 3B B5 2E 99 C2 F9  |.....TyC.P;.....|
00007540  4A 08 1C D5 B3 7A DF AE D9 65 B0 BF E2 32 9F A9  |J....z...e...2..|
00007550  BB D9 C2 BC 13 D9 FD 38 BA D7 FB F3 B3 B6 FD CC  |.......8........|
00007560  E4 3D A5 F9 A3 96 87 D7 E5 DD 69 67 0A F4 3A 9F  |.=........ig..:.|
00007570  B1 78 A8 3B 1E 3A 80 58 FC 75 FE FE 70 3C B4 37  |.x.;.:.X.u..p<.7|
00007580  1E DA 6D E6 6E 5E 90 CB CD CD 79 DC 7E 4E 66 9D  |..m.n^....y.~Nf.|
00007590  92 8F F7 53 E0 37 99 28 6E BC 2B 3E DF 39 95 38  |...S.7.(n.+>.9.8|
000075A0  B5 27 55 0B BB 77 25 DB A7 D4 31 CA E2 4F E5 23  |.'U..w%...1..O.#|
000075B0  C9 63 3A F6 BF 01 B0 1F DE 0A FF 31 F8 5A FD 21  |.c:........1.Z.!|
000075C0  9F F9 EB 3B 50 BE DF 03 FB F5 36 B3 8F 5A EB EE  |...;P.....6..Z..|
000075D0  E5 EC CF DD 32 61 29 DE FD 98 F5 BB 8C 7B CD 42  |....2a)......{.B|
000075E0  8D E7 60 BA 7B 57 05 AA F6 D9 17 0F 9E 66 B5 C6  |..`.{W.......f..|
000075F0  2D E8 08 60 00 FE 46 D0 5C B5 C8 1C C7 72 32 6C  |-..`..F.\....r2l|
00007600  DC 25 F8 24 85 DD 1E F0 09 92 AC 50 37 34 93 07  |.%.$.......P74..|
00007610  60 BE CD 31 DF 3C 95 E8 38 AD 4E 8C 69 2F 00 73  |`..1.<..8.N.i/.s|
00007620  67 CE 50 1B 93 26 45 1C 89 F5 FD 3B F4 AF 6F 02  |g.P..&E....;..o.|
00007630  CC FF 11 F8 F3 16 F8 F3 53 FD 1D E0 C7 97 C9 03  |........S.......|
00007640  FD D3 2F 2D B0 5F AF 08 B1 3F 02 B1 FF 2E 6E CB  |../-._...?....n.|
00007650  AD B7 9C B2 16 E5 B8 AC AF 2C F4 6C EC 47 A1 3F  |.........,.l.G.?|
00007660  AC F0 19 D1 32 FF D4 05 80 C8 9C 43 F0 B9 58 87  |....2......C..X.|
00007670  18 B0 C3 A6 5D 5C 31 0F 29 DD 78 9A F8 37 93 07  |....]\1.).x..7..|
00007680  60 D5 97 1C 6C 4B 54 97 CD 4D BD 30 77 BA 6E 3E  |`...lKT..M.0w.n>|
00007690  44 0B 7E 88 DC EF 89 BC C1 6F AB D2 E2 FE 1F 02  |D.~......o......|
000076A0  9C 3F 7C 9D 86 F7 69 56 A8 1F 5D 06 FB 8F B8 98  |.?|...iV..].....|
000076B0  5B 0B 9E 66 3C B7 A3 B8 7F 87 B5 AE 00 C6 FD 31  |[..f<..........1|
000076C0  4B 89 33 64 AD 4C D7 F7 2F F0 F9 40 1A 1F 54 E5  |K.3d.L../..@..T.|
000076D0  8F 4A 7D D0 3B 80 89 AF 1D 22 D0 E7 15 7F C0 29  |.J}.;....".....)|
000076E0  70 3E 3F AF A0 AE 8D 1C 5B 24 72 7E 0A FF A6 10  |p>?.....[$r~....|
000076F0  B0 F8 58 F5 25 6A C2 89 96 63 F0 B8 B7 B3 41 ED  |..X.%j...c....A.|
00007700  39 A2 0E F7 25 1B 68 E2 9F 2C B1 13 C9 62 36 A7  |9...%.h..,...b6.|
00007710  F7 EB FD 91 8E F9 E1 55 DA 3B 40 7A 3F 58 4E BE  |.......U.;@z?XN.|
00007720  97 83 CE 7A 11 F6 37 2C E4 7C BE 6C 0B D8 12 96  |...z..7,.|.l....|
00007730  EF 2F DC ED DA 8F 4A 7D AA 11 8D 73 17 0B 69 DC  |./....J}...s..i.|
00007740  E2 A1 26 F4 3A 30 65 62 2F 40 D8 EF 12 BC 3E 4E  |..&.:0eb/@....>N|
00007750  11 38 B6 04 6C 03 2E 59 F0 72 14 FF 4D 23 60 F1  |.8..l..Y.r..M#`.|
00007760  57 0C FB E7 CE 46 12 91 BD D4 C6 A4 09 78 B4 09  |W....F.......x..|
00007770  1C D5 6F 74 9E 1E 18 EF 57 AE D2 72 FD 6F E8 98  |..ot....W..r.o..|
00007780  FF E6 65 B0 BF EE 59 D4 BB 45 58 C8 F7 DF C5 3D  |..e...Y..EX....=|
00007790  F4 DC 2D 17 2C 01 3E 6E C9 4B E7 7C 60 71 3F BA  |..-.,.>n.K.|`q?.|
000077A0  D7 AB 77 70 D1 42 FF A3 5A E8 6F 62 EC E7 58 C1  |..wp.B..Z.ob..X.|
000077B0  E7 E4 8B 78 9F 53 E0 41 E0 4F 9F 0B B3 89 80 B9  |...x.S.A.O......|
000077C0  69 C3 42 BE 3F 59 33 94 1C A4 4C CE 24 0A 57 4C  |i.B.?Y3...L.$.WL|
000077D0  62 DC FF EF 61 0D FC 7F 92 A3 E1 FF BB 4B CE 7A  |b...a........K.z|
000077E0  DF BA 0C F6 FF C3 27 50 DC CF DC 0B EB FB D9 12  |......'P........|
000077F0  94 F3 B9 F5 16 9E D9 B5 8D B7 C4 2C E9 B8 BF 06  |...........,....|
00007800  1D E9 4E C6 83 7D A8 7D CB A0 76 D0 3B A0 15 FD  |..N..}.}..v.;...|
00007810  C4 43 61 F0 1A D0 8A FE 7F 4F 3C 68 9E E3 29 80  |.Ca......O<h..).|
00007820  FD 3E 7E 27 2F 8A 1B 15 56 12 9D AC 5D 2A A1 47  |.>~'/...V...]*.G|
00007830  BD A6 12 9F 84 F7 6E 57 F2 CC D9 E4 C4 A8 1A 6D  |......nW.......m|
00007840  48 95 95 27 1B C6 D4 61 DA AC 97 38 91 25 12 B1  |H..'...a...8.%..|
00007850  FF EB 7A CE E7 2D 3D E7 F3 AB 9C C5 78 FF 27 97  |..z..-=.....x.'.|
00007860  C1 FE DE 3D 28 DF FF F0 42 DC BF 09 E6 7C 5E B2  |...=(...B....|^.|
00007870  FC DC 92 64 D6 2C 60 FF 70 3C 78 12 15 F4 0F 00  |...d.,`.p<x.....|
00007880  C8 9F 40 F1 7E 15 3A F4 35 F5 2D 2F 80 FD B2 A4  |..@.~.:.5.-/....|
00007890  70 B2 20 B1 0E 10 F7 CB 9C 48 9F 0C 93 E1 00 E6  |p. ......H......|
000078A0  FB DC C9 B3 4D A9 BA A3 F3 95 B5 6A 6F AF 46 E3  |....M......jo.F.|
000078B0  4C 6D 4C DC 9A 2B 24 E6 7C FE 54 E7 70 86 B5 3D  |LmL..+$.|.T.p..=|
000078C0  5D D7 69 F8 9F C6 FE E0 65 FA F5 7E 71 94 61 8A  |].i.....e..~q.a.|
000078D0  62 E9 1A CF 1D 30 DF FF D0 73 B7 8C 5B DF 0A 3A  |b....0...s..[..:|
000078E0  6D B5 0B 67 BD 27 51 91 0F D8 02 E0 E5 AE 13 F1  |m..g.'Q.........|
000078F0  E0 59 EA 02 1A F6 2B B0 51 BB 24 F3 BE 52 09 95  |.Y....+.Q.$..R..|
00007900  FA 88 5E CE 25 4B D4 34 26 11 45 C4 DC B7 AB B5  |..^.%K.4&.E.....|
00007910  3B 31 7A 68 6E B2 2F 39 4A 2F F5 12 2A E0 19 27  |;1zhn./9J/..*..'|
00007920  70 54 03 FA D7 B7 F5 B8 FF D4 27 2F 5F DB 99 96  |pT........'/_...|
00007930  E1 4A E6 56 98 EF DF 04 EF 76 69 67 BD 5B 9E BB  |.J.V.....vig.[..|
00007940  E5 BC E5 C7 9C C3 9A BB 10 F7 B7 40 D0 47 79 9E  |...........@.Gy.|
00007950  93 5A C6 07 5D F4 D2 72 FE 83 A6 E5 F1 04 D8 5F  |.Z..]..r......._|
00007960  1C 0B 8B 7C 29 D8 02 64 A5 50 E0 45 DA B2 D7 5C  |...|)..d.P.E...\|
00007970  52 CC E3 7D D5 03 41 7F A2 71 24 F5 FC 71 35 DA  |R..}..A..q$..q5.|
00007980  A0 9E 1B A3 06 26 50 44 81 C4 5E ED 7F 62 D1 80  |.....&PD..^..b..|
00007990  FE 67 4B F0 3E 0D CB 9F B0 2C FF 99 6F 58 50 7D  |.gK.>....,..oXP}|
000079A0  FF F6 1B 00 F6 B7 6C D8 61 DD 5F 20 3C 54 9A 3F  |......l.a._ <T.?|
000079B0  66 F9 21 97 6B FB 1E 53 B0 46 EB D9 D8 95 6E D8  |f.!.k..S.F....n.|
000079C0  58 1E 0F C2 17 80 76 78 A9 17 9E 00 0F 9B 3A EE  |X.....vx......:.|
000079D0  17 03 76 10 EB FB C5 58 D8 2F 38 24 D6 2B F8 78  |..v....X./8$.+.x|
000079E0  81 46 FD A6 DA FD F1 C6 80 C9 17 4E A8 15 7B 92  |.F.........N..{.|
000079F0  67 9B B4 42 7F 6A 60 02 C5 EB 22 91 CF 27 19 D6  |g..B.j`..."..'..|
00007A00  B8 DC 7E BE 04 FB FF E5 43 E2 FE 87 58 74 AF 77  |..~.....C...Xt.w|
00007A10  3B CA F9 6C 78 D4 BA 9F 71 DB 4B F3 5F 07 71 FF  |;..lx...q.K._.q.|
00007A20  67 2D 95 20 EE D7 B8 DC 5A 11 9B 03 08 F5 FB E3  |g-. ....Z.......|
00007A30  C1 51 BA FC BA D8 25 3F 57 28 B9 24 B6 50 A6 C6  |.Q....%?W(.$.P..|
00007A40  30 AB 07 60 D5 A7 EE 3D 08 2B FB 27 9B 12 55 B4  |0..`...=.+.'..U.|
00007A50  49 9E 49 D6 1C 8F 6C AC C9 BD 04 EF 3B D7 30 CC  |I.I...l.....;.0.|
00007A60  BF E6 5C 1A FF 7F 50 84 1C AD C6 F3 CE 74 DC 7F  |..\...P......t..|
00007A70  AF B0 A5 34 BF DF F2 C3 97 2A 6D 55 4C 54 E3 F1  |...4.....*mULT..|
00007A80  0C 9E 80 07 BD 3A 9D 5B 37 CA F8 D3 4E 72 0C A3  |.....:.[7...Nr..|
00007A90  38 58 87 24 0B 3E C4 DC AF B0 45 5C 40 14 14 5A  |8X.$.>....E\@..Z|
00007AA0  D6 6F A6 B8 1F 73 CD 47 F2 48 7D A2 AD 29 B5 3F  |.o...s.G.H}..).?|
00007AB0  48 39 9C 89 15 8E C8 92 8E 5B 72 34 A0 7F 67 99  |H9.......[r4..g.|
00007AC0  58 FF 72 61 44 C3 FD 36 A6 A3 A2 5C F8 14 8A FB  |X.raD..6...\....|
00007AD0  01 F6 B3 C2 DD 4C FE 84 E5 A7 2F 4D 5B 2F 30 EB  |.....L..../M[/0.|
00007AE0  2C 5A DC 7F 00 15 F5 74 22 D4 A7 71 FF C2 93 2F  |,Z.....t"..q.../|
00007AF0  B3 85 22 E7 E5 7D 2E 9A E7 31 A7 14 62 BE E7 03  |.."..}...1..b...|
00007B00  23 FE 9A F0 7C D3 51 1A F7 9B 66 CD F1 C8 5A 3D  |#...|.Q...f...Z=|
00007B10  EE 4F C7 FA 30 C7 DF BA 86 B9 EC 7E 00 E5 D7 01  |.O..0......~....|
00007B20  54 DF FF 94 86 FD 01 3D DF 7F D6 F2 76 F9 9F 59  |T......=....v..Y|
00007B30  67 16 72 3E 07 D0 91 2E CA F2 43 F8 9F A0 1E A0  |g.r>......C.....|
00007B40  79 41 00 A6 F8 7D 0A 4F 9B B7 98 D6 03 70 63 BF  |yA...}.O.....pc.|
00007B50  BA B7 0B 66 FD 07 FB D5 CE 36 6A 60 13 AC 39 1E  |...f.....6j`..9.|
00007B60  F9 5C B5 86 FD BF 58 82 F3 E9 33 DE B9 CB 60 FF  |.\....X...3...`.|
00007B70  DF 3F C3 A0 9C CF 0E 80 FD 75 1B 38 98 EF DF 52  |.?.......u.8...R|
00007B80  9A 7F DC F2 D6 CB 29 4B 25 53 A0 E7 7C A2 E8 A0  |......)K%S..|...|
00007B90  B7 3D 1E 1C A0 6B BF 28 2E 39 56 ED 15 24 B6 D0  |.=...k.(.9V..$..|
00007BA0  5E 44 13 3D 26 F5 00 BC 97 B9 13 1D 93 F3 87 C6  |^D.=&...........|
00007BB0  20 F6 F7 52 F6 66 42 A5 88 23 F1 61 0F ED D3 B0  | ..R.fB..#.a....|
00007BC0  3F 9E 71 AF 76 86 81 67 BD CC 06 0B 03 B0 5F CE  |?.q.v..g......_.|
00007BD0  2F BD 8F D9 55 A6 DA D6 DA DC EB D3 D8 0F 4B 7D  |/...U.........K}|
00007BE0  FA E3 21 7A CD 7C E9 93 1F E0 64 CE 27 D0 A0 DF  |..!z.|....d.'...|
00007BF0  CC 1E 80 55 5F 32 D2 0A C9 7C A2 93 D4 B4 A6 59  |...U_2...|.....Y|
00007C00  73 3C 72 51 CF F7 2F 17 E3 FF E2 32 FB C1 DD 05  |s<rQ../....2....|
00007C10  4C 69 C1 D3 65 9E 0D E9 B8 BF 40 78 E8 96 FC 21  |Li..e.....@x...!|
00007C20  CB 1B AF 6C B4 55 58 D2 67 BD 3D 3A 6B 27 CC FC  |...l.UX.g.=:k'..|
00007C30  68 8C 6E 03 E8 9B 3E 53 7B 81 E2 60 05 9F 9F 97  |h.n...>S{..`....|
00007C40  7D 9C 43 90 7C F4 56 AF F9 04 2C 3F 56 7D EA D8  |}.C.|.V...,?V}..|
00007C50  68 AA 77 4A 3D 74 76 BE 65 0F B5 2E 99 22 2B C5  |h.wJ=tv.e...."+.|
00007C60  04 8E EA 0D 1D FB 13 CB E0 FC E5 6A 3D BF FE 2D  |...........j=..-|
00007C70  94 F3 11 D7 A5 CF 7A 19 F7 43 4C FE 43 D6 AF BE  |......z..CL.C...|
00007C80  FC B7 B6 C2 85 FA FE 93 3A 8D 03 2D EF B9 04 FB  |........:..-....|
00007C90  39 9F 5F 52 68 D8 6F 6A 0F C0 AA 2F D1 59 9F 08  |9._Rh.oj.../.Y..|
00007CA0  37 27 1A 47 A8 69 4D B3 E6 78 E4 76 FD AC 37 B9  |7'.G.iM..x.v..7.|
00007CB0  E4 AC B7 6E D5 95 3F F3 67 01 58 E3 C9 6C BF 11  |...n..?.g.X..l..|
00007CC0  60 FF BB DA 59 EF 16 78 D6 FB 66 79 8F 75 D5 25  |`...Y..x..fy.u.%|
00007CD0  D8 CF C6 43 F5 90 CC CD DC F7 B9 2E F1 82 58 48  |...C..........XH|
00007CE0  42 95 9D 12 C5 7F B3 E2 00 76 4E 87 B9 A9 C3 C9  |B........vN.....|
00007CF0  B3 4D D4 B4 A6 59 73 3C 72 9B 7E AE 9B 5A 26 C6  |.M...Ys<r.~..Z&.|
00007D00  EF 5C BD FC 67 FE EF A7 99 FC 82 A7 19 F1 61 98  |.\..g.........a.|
00007D10  F3 B9 8B B3 46 18 D1 7E CB AD C7 2D 3F A8 A8 B4  |....F..~...-?...|
00007D20  F2 0B 1C CE 20 E8 1F 66 B5 2F 74 F1 17 C4 A1 38  |.... ..f./t....8|
00007D30  59 87 04 90 1F FE 45 CD 61 46 0F C0 CD E5 76 A4  |Y.....E.aF....v.|
00007D40  3E 31 7A 48 FB 9B 5A 97 CA 47 97 7F D6 B9 DC E6  |>1zH..Z..G......|
00007D50  97 C1 FE D2 EB 96 FF CC AF 6E 83 67 BD 65 C2 E7  |.........n.g.e..|
00007D60  E1 DD AE 4D 9C B5 A1 60 87 9D 79 EE 41 EB 23 D6  |...M...`..y.A.#.|
00007D70  DD 36 DF 02 97 5B 17 2A EE 1F 88 07 61 97 F6 4A  |.6...[.*....a..J|
00007D80  B0 0B 0C 82 7F 99 DE DE 9C 37 16 96 05 07 07 59  |.........7.....Y|
00007D90  DC 1C 9C 28 50 0F 34 9F 07 E0 AD F3 51 F7 76 AA  |...(P.4.....Q.v.|
00007DA0  55 FD C9 73 FB 12 A3 C7 A9 75 09 DD EF 89 EC DB  |U..s.....u......|
00007DB0  F5 98 CE DF FF BF 97 60 7F BD 1E EF 3F 7A 19 EC  |.......`....?z..|
00007DC0  9F B8 07 D5 F9 3C 88 38 1D 36 3D 6A 6D B8 57 C3  |.....<.8.6=jm.W.|
00007DD0  FE AF 06 CF 5B BF B7 D0 AF B7 1D 75 65 3F 02 CF  |....[......ue?..|
00007DE0  77 11 93 33 4D FC 43 F1 0A A2 28 F9 20 87 33 4D  |w..3M.C...(. .3M|
00007DF0  FA 9B D6 03 F0 C6 FD 2D E7 E6 C6 2B D5 91 DA E4  |.......-...+....|
00007E00  54 39 B5 2E 99 62 77 11 79 B7 AB 52 CB F7 BF 9B  |T9...bw.y..R....|
00007E10  93 F1 47 1F 46 BD 5B EE 85 7B C7 23 56 86 39 9B  |..G.F.[..{.#V.9.|
00007E20  F3 52 CE A3 BB 18 A6 43 AF F3 39 16 0F 85 51 8B  |.R.....C..9...Q.|
00007E30  C6 A3 B0 8F 0B 7C 0D 98 34 39 77 3F 8A 00 60 CF  |.....|..49w?..`.|
00007E40  46 07 2F CB 12 5B 24 C9 7E 3E 56 4F 33 3F 26 F3  |F./..[$.~>VO3?&.|
00007E50  80 22 CC F9 FE BA B0 7A 6E 2C 75 B2 51 8D 4E CE  |.".....zn,u.Q.N.|
00007E60  9D 39 98 DA F7 02 B5 31 69 E2 72 92 18 F7 7F 42  |.9.....1i.r....B|
00007E70  C7 FE 5F 66 8E FD EE 4D 97 60 FF 46 EB AB 79 77  |.._f...M.`.F..yw|
00007E80  FC FD 02 F6 87 46 50 C7 AE 31 44 E6 D3 66 EA 3E  |.....FP..1D..f.>|
00007E90  8D 7F 84 FD 92 28 78 8B 04 7A B7 CB 94 22 61 4E  |.....(x..z..."aN|
00007EA0  F4 25 23 7D 73 A7 6B 13 ED BD F3 FD 43 C9 30 7D  |.%#}s.k.....C.0}|
00007EB0  B7 26 51 76 BA 49 7C C5 BF 55 C7 FE 5F 65 8E FD  |.&Qv.I|..U.._e..|
00007EC0  0C C2 FE 02 88 FD 5F 03 D8 7F 27 F3 D3 9C CE 25  |......_...'....%|
00007ED0  D8 AF 35 E8 ED 82 05 3F FA 1D DF 90 56 E5 4F B1  |..5....?....V.O.|
00007EE0  3F 5D DC 0F 93 FE 85 92 E4 B7 73 22 2D F4 37 8B  |?]........s"-.7.|
00007EF0  80 C5 C7 AA 2F 35 35 00 C3 FD BA A3 DA 05 5F 58  |..../55......._X|
00007F00  EB 4F 2F F8 12 26 CE 52 12 B1 7F BD 8E FD EF 65  |.O/..&.R.......e|
00007F10  8E FD E2 3D 97 60 7F 34 E7 75 E7 DF 3C B6 88 FD  |...=.`.4.u..<...|
00007F20  E1 78 B0 17 01 FF 10 CA F7 D3 9E 42 1A F6 73 6C  |.x.........B..sl|
00007F30  11 1F AB E7 64 89 A2 BD 39 A5 88 C7 5C DF 7F B8  |....d...9...\...|
00007F40  35 11 DE A7 56 77 A8 55 FD 60 13 A0 06 26 12 FB  |5...Vw.U.`...&..|
00007F50  5D 04 8E 6A A6 42 C3 FE 5F 2F C1 FE F7 F2 B4 AF  |]..j.B.._/......|
00007F60  3D 79 7F FC FB EF 2F FE 1E E2 EF 67 7E 87 3E 0D  |=y..../....g~.>.|
00007F70  36 00 D6 FA 55 6B 6E DE 22 F6 37 E9 F7 7A 61 F4  |6...Ukn.".7..za.|
00007F80  9F 6E D7 1E AA 33 3D F6 17 B2 E9 52 1F FA 48 98  |.n...3=....R..H.|
00007F90  52 70 D7 F9 A4 22 43 A9 FD C1 F9 F6 3E 35 DA 90  |Rp..."C.....>5..|
00007FA0  8C F4 51 03 93 B8 DF BB 49 BC D7 3B AB 63 FF FB  |..Q.....I..;.c..|
00007FB0  CB C4 FD BF BE F2 BB 80 FB F6 4B B0 FF 33 56 31  |..........K..3V1|
00007FC0  67 75 EE E2 59 EF 0B 08 EC 2B E2 A1 2E AD E0 87  |gu..Y....+......|
00007FD0  7A 00 C2 7E 27 EB 90 03 A5 2C 57 1A A0 81 BF 39  |z..~'....,W....9|
00007FE0  3D 40 2E C5 AA 4F DD 53 03 51 3F 7C 3A B5 6F 30  |=@...O.S.Q?|:.o0|
00007FF0  79 86 62 3F 89 B2 43 26 B1 77 CB 17 D6 68 00 FF  |y.b?..C&.w...h..|
00008000  DB 0C 72 3E AE DF 5A 98 77 22 39 CC 27 21 F6 7F  |..r>..Z.w"9.'!..|
00008010  1A FE E4 81 4D F9 FF 54 C0 EC DA B6 2B C7 CA 68  |....M..T....+..h|
00008020  1C CE 6A 4F 7F 62 B4 97 B5 97 D0 85 BF 44 FC 92  |..jO.b.......D..|
00008030  27 A0 B8 05 2F C7 16 4B B2 5F 50 A8 45 4C E7 01  |'.../..K._P.EL..|
00008040  1E BC 8B AE 3F 69 A9 C8 E1 F9 89 DD D4 BC 64 AE  |....?i........d.|
00008050  F9 76 12 71 90 D3 FB F5 DE 97 FB D1 3F D3 FA 29  |.v.q........?..)|
00008060  54 DF CF DE 0D B0 3F D5 CC 59 2E BE 7C FF 56 FB  |T.....?..Y..|.V.|
00008070  9A 31 4B 81 C3 96 53 65 39 AA C7 FD 23 88 CE 6D  |.1K...Se9...#..m|
00008080  12 91 F7 9F 41 E4 0E E0 1F C1 11 D6 BE D3 D4 11  |....A...........|
00008090  40 80 E7 51 BF 2E D9 C3 CA 9C CF C5 CB B4 CE DF  |@..Q............|
000080A0  64 1E 50 84 B9 6F D7 C1 4A B5 6E 9F BA 67 48 3D  |d.P..o..J.n..gH=|
000080B0  34 0C 77 80 64 CB 59 6A 64 E2 9E 7A 12 FB F5 7E  |4.w.d.Yjd..z...~|
000080C0  FF A0 76 B7 AB 00 60 7F 1B F8 F6 4D F0 FD 5B 1F  |..v...`....M..[.|
000080D0  F2 99 55 AF C3 DE 2D 65 7F FE 09 80 FD 5B 3A BE  |..U...-e.....[:.|
000080E0  65 99 6D DE E6 70 AE 1D B5 75 85 1C 39 6B D2 D8  |e.m..p...u..9k..|
000080F0  AF D7 F9 68 D7 BB 4E D0 E5 D7 C5 29 6C 97 7C 00  |...h..N....)l.|.|
00008100  ED 69 55 BF 89 3D 00 2F F6 0F 0D 25 AA F6 51 BB  |.iU..=./...%..Q.|
00008110  9A 69 CD F1 C8 63 3A F6 DF AF C7 FD 5B F4 3D E0  |.i...c:.....[.=.|
00008120  4A F2 BB 0D 16 18 F7 DF 0A E3 FE 7B 3B 2C CC 2C  |J..........{;,.,|
00008130  B3 4D 71 AE 1D B7 FC 80 DB 65 AB 62 36 E9 D8 DF  |.Mq......e.b6...|
00008140  08 EB 3A 83 A7 E3 21 DA 49 6E 89 28 7E CE C9 B3  |..:...!.In.(~...|
00008150  76 99 57 FC 92 A0 B0 5B BE 48 4D 62 36 0F B0 E3  |v.W....[.HMb6...|
00008160  D5 A7 8E 87 E6 0F 8D 25 1A 47 68 71 3F B1 62 C7  |.......%.Ghq?.b.|
00008170  DC AF 07 8F FC 9D 8E FD 5B 74 EC 87 14 E0 6F 7E  |........[t....o~|
00008180  C8 67 DE BA D3 0A 39 9C 37 DC 0C B0 FF 7C 47 BE  |.g....9.7....|G.|
00008190  6D 76 1F 8C FB 5F C9 ED CC E5 6C DB D3 D8 0F 50  |mv..._....l....P|
000081A0  3F 38 05 6B FA 43 61 56 2B F8 64 51 27 17 93 F7  |?8.k.CaV+.dQ'...|
000081B0  6C D7 B0 1F FC 27 F3 82 97 66 FB CD E8 01 98 EF  |l....'...f......|
000081C0  78 AA 7B A2 94 C0 99 70 01 0F 3B 81 A3 72 55 6A  |x.{....p..;..rUj|
000081D0  D8 AF 64 90 EF AF 7B 0C F5 EB 15 E0 DD AE FB 46  |..d...{........F|
000081E0  EE B0 FD 88 FD 4B 07 7F DD 7D B6 AD 8E DC 9C 2A  |.....K...}.....*|
000081F0  8B 7B BD C6 E5 36 12 0F 0D 43 FE 7E 98 F2 DF 4B  |.{...6...C.~...K|
00008200  97 5F 97 42 07 EB 90 25 BF E4 E3 A9 2D CC 29 60  |._.B...%....-.)`|
00008210  F9 31 63 7F 4D F2 6C 53 22 DC AC 56 D0 DE 2D 26  |.1c.M.lS"..V..-&|
00008220  59 73 3C 92 A6 69 7E 13 60 FF 6D F9 0C B3 09 FC  |Ys<..i~.`.m.....|
00008230  F9 74 BE 1E A1 5C 86 CB ED AB 9F 60 4A D7 6D 64  |.t...\.....`J.md|
00008240  D6 C2 9C CF 7E B7 DB BA E1 A1 3A 77 7E CD 1D D6  |....~.....:w~...|
00008250  D7 2A FA 6D AB 18 F7 3A 8D CB AD 11 5E E9 82 C0  |.*.m...:....^...|
00008260  0F 82 FD 0E 10 F3 F7 A1 AE 5D 3D A8 EC 13 BE 0D  |.........]=.....|
00008270  98 F4 ED 2F 20 0B 32 E7 65 03 3E C1 CF 3B E9 31  |.../ .2.e.>..;.1|
00008280  AF 19 DF FF F1 F6 ED 4E 0C F7 CD 57 D6 AA 7B 9B  |.......N...W..{.|
00008290  52 E5 0D D4 BA 54 3E BA CC EA 39 9F DF E5 66 F6  |R....T>...9...f.|
000082A0  39 10 F7 A3 3A 9F 07 3B 04 EB 2C B3 CD E3 5C 5B  |9...:..;..,...\[|
000082B0  60 1D 3F FF D9 DC 0B CC 85 75 5A BE 7F 34 1E EC  |`.?......uZ..4..|
000082C0  4C 67 79 C6 10 A3 DB 89 78 A8 D6 EC F6 2E E6 44  |Lgy.....x......D|
000082D0  DE E7 10 78 9F 8F A7 05 3E 26 F5 00 BC FA 92 91  |...x....>&......|
000082E0  BE 44 6B 53 2A DA 95 3A 36 46 AD 4B EC 53 4F E0  |.DkS*..:6F.K.SO.|
000082F0  A8 76 D4 DA D0 D7 1B F3 32 FF 2C BA DB F5 57 56  |.v......2.,...WV|
00008300  F0 DD E4 6E 86 59 5F B6 6B 5B 0C BC 46 74 57 6B  |...n.Y_.k[..FtWk|
00008310  39 9F 09 74 B7 2B 62 88 CD 41 E1 65 BB 71 CE 33  |9..t.+b..A.e.q.3|
00008320  A4 C5 F0 4D FA 99 EE 99 03 33 9D 33 FB 67 5A 66  |...M.....3.3.gZf|
00008330  EA 89 98 11 26 BB 18 D6 22 C8 F6 E9 A8 E2 27 A1  |....&...".....'.|
00008340  2D 9D 12 0B CB C5 2B 46 92 87 C7 8F 14 D9 8E 75  |-.....+F.......u|
00008350  B4 6A 67 1B BC DB 35 31 4A 00 A1 03 1E BF C4 14  |.jg...51J.......|
00008360  D5 76 CE 1E 98 ED 98 AD 9F 6D 9E 1D 31 34 A3 62  |.v.......m..14.b|
00008370  21 56 43 18 6A E3 B1 F3 7F 84 35 EC BF 29 5B EC  |!VC.j.....5..)[.|
00008380  87 54 3E CC 8B 00 FB D7 94 ED 2A EB 5D C4 FE 50  |.T>.......*.]..P|
00008390  57 BA 57 FB 5E C4 E5 96 55 F3 2E AF E4 F3 F3 3E  |W.W.^...U......>|
000083A0  DE 65 2C 5D 86 47 CB 4C EB 4C FD 4C 2F 40 FF 76  |.e,].G.L.L.L/@.v|
000083B0  80 FF ED E0 BB C3 60 17 68 FF 38 CF 08 6A 89 85  |......`.h.8..j..|
000083C0  7D B1 B0 21 3D 1E 4E E6 9C DC 74 1B 09 CF 04 1E  |}..!=.N...t.....|
000083D0  BB AC B0 D5 17 8E 7A F0 E8 9B 9F A8 57 5F 20 84  |......z.....W_ .|
000083E0  B7 79 65 ED 9F 21 F6 1F 41 D8 7F 78 B6 6D 36 02  |.ye..!..A..x.m6.|
000083F0  FE 74 64 B7 07 90 34 23 DC A3 BA A0 73 3A 6C C9  |.td...4#....s:l.|
00008400  1C FB FF 6E 3D C4 FE DD 30 67 B4 1A 6C 20 07 F3  |...n=...0g..l ..|
00008410  EA F3 C4 3B 17 F9 7C 1A 51 DC 1F D2 0F 7D 21 A5  |...;..|.Q....}!.|
00008420  CF 19 FA F2 07 CF 7A 15 4E 2C B5 07 64 17 35 86  |......z.N,..d.5.|
00008430  29 45 29 C6 5B E4 A9 8E 87 D4 BD 5D FA 89 2F 2D  |)E).[......]../-|
00008440  F8 21 52 EC 12 89 67 BD CF E8 F9 FE 07 32 C0 FE  |.!R...g......2..|
00008450  37 86 D1 DD AE 67 61 DC FF 72 F3 79 DB C5 9E FB  |7....ga..r.y....|
00008460  B7 32 F6 22 1B 1F 63 AD 22 E3 5E AF 61 7F DD C2  |.2."..c.".^.a...|
00008470  A5 5E ED D0 97 95 A9 0F 00 2F E0 64 9F 22 F2 25  |.^......./.d.".%|
00008480  34 D7 6F 62 0F C0 8B FD 63 A3 89 F2 7E 80 FA 6A  |4.ob....c...~..j|
00008490  55 3F 9B 3C 43 F9 72 4D B0 E6 78 E4 7F E8 D8 FF  |U?.<C.rM..x.....|
000084A0  5F 33 C0 FE 6F AD 45 9C 0E DF 86 71 FF 0F 9B 4B  |_3..o.E....q...K|
000084B0  6C 17 99 02 4F D8 3E 6C 9B 38 1F CC 15 2C 6E FD  |l...O.>l.8...,n.|
000084C0  AC 17 C4 FA A7 F4 22 1F 79 27 5D 7E 5D DC 01 51  |......".y']~]..Q|
000084D0  64 1D 82 BF 84 E5 28 FA 9B D5 03 B0 EA 03 E1 7E  |d.....(........~|
000084E0  B2 BE 3D 51 13 56 8F 54 40 EC A7 9C 0E D7 FE 9A  |..=Q.V.T@.......|
000084F0  E3 11 7E 9F 96 F3 D9 9A 01 F6 FF 9B 05 F5 6A 7F  |..~...........j.|
00008500  0A D6 F9 34 FC 98 B3 BE CB 44 3D F9 8E 13 96 1D  |...4.....D=.....|
00008510  A1 5F E4 AC B6 A5 B1 FF 30 CA F7 1F 40 EC CD FD  |._......0...@...|
00008520  E8 1D A0 8C E5 EC 66 F7 02 C5 C9 16 49 BE 42 5E  |......f.....I.B^|
00008530  96 39 A7 E0 A3 3C CE E6 13 B0 FC 58 F5 41 0E E7  |.9...<.....X.A..|
00008540  D1 D3 00 FB 53 E7 CE 51 3E 1F 73 AC 39 1E D9 A9  |....S..Q>.s.9...|
00008550  C7 FD DB 32 C0 FE 96 FF 82 E2 FE C7 E1 DD AE FD  |...2............|
00008560  C7 EE B0 FD 68 1F BC DB F5 A0 ED 64 8E 2D 67 8D  |....h......d.-g.|
00008570  55 AF EF 87 6C 0E 07 E3 A1 DD 5A F7 2E BA FC 69  |U...l.....Z....i|
00008580  EC 2F E2 4B 05 8E 75 70 A2 43 A0 9C 3E 26 F5 00  |./.K..up.C..>&..|
00008590  AC FA 12 8D 23 73 67 FB E7 CF D6 D1 C6 2D A6 59  |....#sg......-.Y|
000085A0  73 3C F2 13 FD AC B7 3B F3 B3 5E F1 E6 4B F8 FB  |s<.....;..^..K..|
000085B0  1F B4 16 E5 95 2D F2 F7 C3 88 BF 13 1E F7 C2 96  |.....-..........|
000085C0  BD 47 50 CB 5E 4A EC 83 7A B7 14 71 0E 77 80 B6  |.GP.^J..z..q.w..|
000085D0  6E 31 6D 0C 88 B9 67 63 32 D2 AA 46 1B E6 4E 37  |n1m...gc2..F..N7|
000085E0  CC F7 0F 25 C2 CD D4 C0 04 8A 4B F6 12 38 AA 1F  |...%......K..8..|
000085F0  E8 D8 BF B4 47 D7 FB FA F7 1F D2 BB E5 03 7D BB  |....G.........}.|
00008600  3E 03 B0 BF 72 09 F6 EF 8F 87 5A D2 D8 DF 8D F2  |>...r.....Z.....|
00008610  3F 4D D4 09 60 EF 16 57 80 73 72 22 B7 9D 93 29  |?M..`..W.sr"...)|
00008620  FE 9B 11 07 9C 78 73 BF EA 78 AD D6 B4 2B D1 5C  |.....xs..x...+.\|
00008630  9B 68 39 46 0D 4C E2 9A 3B 48 E4 70 7E 5D C7 FE  |.h9F.L..;H.p~]..|
00008640  BE CC E3 7E 37 E4 70 66 DE 82 39 A3 51 1B C3 6C  |...~7.pf..9.Q..l|
00008650  C8 71 E6 E5 DC B5 D8 B7 6B 0A 01 FF 71 98 EC 0F  |.q......k...q...|
00008660  D2 6E 42 69 F1 72 A2 37 D6 C8 16 16 52 53 98 D5  |.nBi.r.7....RS..|
00008670  03 30 AF BD DA D9 00 81 BF 63 12 1E F7 46 29 AD  |.0.......c...F).|
00008680  03 89 E2 97 49 3C EB 15 9F D7 F2 FD 03 3A F6 5F  |....I<.......:._|
00008690  04 B1 7E DB 2A ED FB DE 55 CB 7F E6 8E 3F 30 90  |..~.*...U....?0.|
000086A0  C7 F3 BF DD 0F F3 FD 6F FF B9 ED 57 3D A7 FF 82  |.......o...W=...|
000086B0  79 3A 66 3B 1E E3 2D 2F 33 D1 D5 DA DD 2E 54 E3  |y:f;..-/3.....T.|
000086C0  19 9C 04 3B 00 5D FB 45 29 74 B0 76 4E E1 45 F6  |...;.].E)t.vN.E.|
000086D0  FE 07 BF F8 17 D4 1C 26 14 B0 FC 78 B1 7F 6C 54  |.......&...x..lT|
000086E0  BB DA 4B 4D 6B 9A 35 C7 23 17 F5 B8 FF F5 8C E3  |..KMk.5.#.......|
000086F0  FE B2 6F A1 B8 FF 55 B8 77 34 80 B8 BF 31 E7 CE  |..o...U.w4...1..|
00008700  9A 55 4B E2 FE 21 74 B7 6B 2F A2 F2 84 DC 3E D4  |.UK..!t.k/....>.|
00008710  03 74 EC 77 14 CA AC 43 0C 6C A7 C6 30 A5 38 44  |.t.w...C.l..0.8D|
00008720  BC 2B 0F 22 7E 35 52 05 43 FF 53 7B 12 E1 66 DA  |.+."~5R.C.S{..f.|
00008730  AE 9D 40 71 B9 49 AC EF FF AE 1E F7 FF 64 19 EC  |..@q.I.......d..|
00008740  AF BC CC 67 D6 7E D9 0A 6B 3C 11 F6 17 5D B4 30  |...g.~..k<...].0|
00008750  09 A6 D9 C1 3C F5 8A E5 9F 5F 8A 5B BE CF 1C D5  |....<...._.[....|
00008760  79 3C 51 DF AE 50 75 3C D4 C5 A2 7E ED A7 D1 0D  |y<Q..Pu<...~....|
00008770  5F B3 DF 3B 04 D8 0F 6B 3B BD 12 EB 95 14 4F 31  |_..;...k;.....O1|
00008780  CD F8 9B 4E 9C 5E BC F5 5D A9 7D 83 B0 71 CB 91  |...N.^..].}..q..|
00008790  FA D4 D4 40 F2 CC 09 F0 4F 6A 63 D2 C4 AB 90 58  |...@....Ojc....X|
000087A0  DC 5E AB F3 F7 BF 9D 41 DC FF C4 4D 79 B0 57 FB  |.^.....A...My.W.|
000087B0  A3 88 D3 E1 15 F8 F9 DA 7B 6E 58 7B B7 ED EE F3  |........{nX{....|
000087C0  73 1B 72 2C 55 5A CE 47 3F E2 1D 8C 07 5F 60 0B  |s.r,UZ.G?...._`.|
000087D0  1E A0 CB AF 8B C8 BB 04 8E DD C9 C9 4A 29 B7 93  |............J)..|
000087E0  63 15 0A FE A6 F3 80 9D 78 63 C0 C4 F1 16 10 F4  |c.......xc......|
000087F0  AB 7B 6A E8 53 46 25 23 29 D3 EB FB DF C9 00 FB  |.{j.SF%#).......|
00008800  BF 72 1E F5 ED 7A 12 72 3A BC DF 6C 61 2E 32 05  |.r...z.r:..la.2.|
00008810  F7 C0 5E ED 2F DB 73 6D 17 19 F7 22 9F CF 80 D6  |..^./.sm..."....|
00008820  B3 11 EC 00 94 D0 41 17 BB 2C 28 7E 49 BF DA 4B  |......A..,(~I..K|
00008830  6F F6 9A D1 03 1C 78 7B 38 C1 9E 8D 95 B5 20 F4  |o.....x{8..... .|
00008840  87 ED 5B A2 0D 94 D6 81 C8 A7 9E 44 FC 7B 4E C7  |..[........D.{N.|
00008850  FE 7F CD 30 DF BF 6E 63 D9 B3 9B 01 F6 A7 9A 3B  |...0..nc.......;|
00008860  75 4E 87 BB 6D CE D8 5C 4E 95 25 DD B3 B1 0F DD  |uN..m..\N.%.....|
00008870  EA 1A 84 9C 0E 76 BA FA 0B 5E 20 72 0E 4F 91 04  |.....v...^ r.O..|
00008880  D0 9F 02 BF 59 3D 00 6F BD 1F 2C F0 3C 33 96 18  |....Y=.o..,.<3..|
00008890  69 80 97 7A A9 79 4D B1 E6 78 64 87 8E FD 6A 06  |i..z.yM..xd...j.|
000088A0  D8 FF E6 B3 CC 73 45 31 C6 7D 2F C0 FE B9 1F D7  |.....sE1.}/.....|
000088B0  DB DE DD F2 C2 56 C7 F5 13 D6 AF EC 9E B3 5E B0  |.....V........^.|
000088C0  E8 BD 5B 20 6F 73 3F CA F7 97 B1 32 05 FF B4 B8  |..[ os?....2....|
000088D0  64 CE C7 39 39 D6 41 8B 3C CD EB 01 58 F5 69 D5  |d..99.A.<...X.i.|
000088E0  9D 30 D3 7F EE 1C E5 F3 31 C7 9A E3 91 B7 F4 3A  |.0......1......:|
000088F0  9F 77 B3 E0 EF BF E7 D2 7B BD CC 2E 66 E9 BD DE  |.w......{...f...|
00008900  5A D4 AB 6B 10 5D F2 9A 8C 07 C7 E3 A1 23 D4 09  |Z..k.].......#..|
00008910  18 87 18 B0 B3 45 01 1E C4 FF D4 18 A6 14 B0 F8  |.....E..........|
00008920  58 F5 A9 D5 03 6A 7B 48 8D 36 CC 1F 2F 57 C7 6B  |X....j{H.6../W.k|
00008930  93 67 68 9D 0F 71 E2 93 49 AC EA FB 17 1D FB 7F  |.gh..q..I.......|
00008940  99 C5 DD AE F5 97 60 3F 6B 2D CA B3 AD 5A AC F1  |......`?k-...Z..|
00008950  1C 4C E7 FB 0F 52 EC 5F 14 27 5F 24 C9 7E A1 58  |.L...R._.'_$.~.X|
00008960  62 FD 92 18 70 70 34 F5 63 36 01 EB 8E 17 FB F7  |b...pp4.c6......|
00008970  76 CE 57 D6 A6 6A 9E 9F 3B DB AF 56 F5 AB BD BD  |v.W..j..;..V....|
00008980  D4 C6 C4 45 7C A5 24 E6 7C DE D1 B1 FF BD 65 B0  |...E|.$.|.....e.|
00008990  FF CA 9C 0E 65 E2 17 2E C1 FE 4F 59 BF 6A B5 AD  |....e.....OY.j..|
000089A0  5E 8C FB DB 10 6D 7F 2B 2D EB FC 40 D4 E7 E5 14  |^....m.+-..@....|
000089B0  36 E0 E3 BC D4 16 E6 94 00 66 F6 D6 F9 FE 21 D4  |6........f....!.|
000089C0  AB FD 20 AD EC 27 56 BC 76 37 81 A3 FA BE 8E FD  |.. ..'V.v7......|
000089D0  EF 2F 83 FD 3D 57 7E 17 F0 AC FF 00 F6 3F 62 5D  |./..=W~......?b]|
000089E0  95 B7 18 F7 8F 20 0E 9F AA 78 B0 17 6D 02 F5 D4  |..... ...x..m...|
000089F0  03 A0 70 7E 91 A3 4D DA CD ED 01 78 EF 78 26 9A  |..p~..M....x.x&.|
00008A00  2B D4 43 E7 20 FC 8F 1F A0 D6 25 34 EE F7 93 18  |+.C. .....%4....|
00008A10  F7 BF A9 63 FF 6F 96 C1 F9 DF 5E 19 FB DD B7 5F  |...c.o....^...._|
00008A20  82 FD 05 56 7F 8E 25 6F 69 CF 46 BD C4 7F 6F 3C  |...V..%oi.F...o<|
00008A30  54 47 97 3F ED 05 85 2C 6A B6 29 CB 7C 09 B5 86  |TG.?...,j.).|...|
00008A40  29 63 40 3F DE 85 57 C7 43 89 F6 5E B5 62 0F 8D  |)c@?..W.C..^.b..|
00008A50  FB 89 15 BB A3 98 C0 51 BD AD 63 FF FF C9 9C D3  |.......Q..c.....|
00008A60  C1 B3 E9 03 1C CE E2 75 4B CE 7A B5 7C BF 1E F7  |.......uK.z.|...|
00008A70  83 17 80 56 EA 01 08 FB E1 59 AF C2 F9 FC 92 C2  |...V.....Y......|
00008A80  8A 9C 2B 40 DB B7 98 4D C0 E2 E3 C5 7E 94 EF 9F  |..+@...M....~...|
00008A90  2F 3B A8 EE A5 FC FD 84 CA 0E 37 89 8F F9 CF 74  |/;........7....t|
00008AA0  EC 5F 2E C6 FF CD 95 F7 83 ED 97 D6 F9 7C 29 C7  |._...........|).|
00008AB0  9D C3 2C C1 FE 1E D4 B1 4B 4B FB 9C 44 E7 BE 03  |..,.....KK..D...|
00008AC0  D4 09 18 BF E0 92 79 85 0D 70 3E 91 1A C3 AC 1E  |......y..p>.....|
00008AD0  80 55 5F AA EC 14 EC D7 1B 6E 4E D5 1D 85 99 1F  |.U_......nN.....|
00008AE0  7A D6 4B 9E B8 FD A5 04 8E EA E7 3A F6 FF 3E F3  |z.K........:..>.|
00008AF0  3A 9F ED 1F 88 FB 73 C4 9C A5 35 9E 75 A8 51 BB  |:.....s...5.u.Q.|
00008B00  C6 E8 36 49 5B 77 2D 8D FB FD C2 76 00 FE 34 E2  |..6I[w-....v..4.|
00008B10  37 29 F6 E3 AD F7 4B 3E 3F AC 56 77 CC 1F 2F A7  |7)....K>?.Vw../.|
00008B20  7D BB 88 15 BB 97 C4 7B BD 3F D4 B1 FF 3F 32 CF  |}......{.?...?2.|
00008B30  F9 7C A0 77 CB 97 72 8A 2E 89 FB BB 10 EA B7 A1  |.|.w..r.........|
00008B40  42 FF 31 BA FC 4B B1 5F E4 63 11 1F B5 85 39 45  |B.1..K._.c....9E|
00008B50  E4 F1 72 B9 CD 37 4F C1 E2 FE FE 21 B5 7A 20 D5  |..r..7O....!.z .|
00008B60  3B 45 0D 4C 62 DC EF 23 B1 B8 E3 A7 3A F6 33 AB  |;E.Lb..#....:.3.|
00008B70  32 77 E2 9B 3F 88 FD 79 4B B0 3F 14 41 5D 5B 00  |2w..?..yK.?.A][.|
00008B80  FC 97 C7 43 F4 35 34 2D 3B 02 BC 1C 0B FB 39 59  |...C.54-;.....9Y|
00008B90  A2 C5 3E 26 F5 00 19 2F F6 27 46 1A 60 D7 96 9E  |..>&.../.'F.`...|
00008BA0  F1 B9 71 DA B0 91 D4 B8 5F DE 41 E0 A8 EE AC D6  |..q....._.A.....|
00008BB0  38 1D D6 02 EC 87 31 C3 8B F0 AD 74 8D F6 FF 4E  |8.....1....t...N|
00008BC0  2D B3 1F FC E6 26 86 99 F8 02 F3 DC BA 8D 8C 00  |-....&..........|
00008BD0  39 9C B7 5D 10 AC 73 5F AB DB 9A 7F E3 74 6E 47  |9..]..s_.....tnG|
00008BE0  AE D5 56 65 D9 B4 46 E3 70 1E 45 1C CE 55 30 E1  |..Ve..F.p.E..U0.|
00008BF0  03 93 FD 5D 6C 3C 78 0C BD 07 F4 A3 64 50 4F 3C  |...]l<x.....dPO<|
00008C00  78 DA 84 5E 50 2C F8 63 11 59 E0 58 C5 C1 BA 02  |x..^P,.c.Y.X....|
00008C10  82 97 93 63 21 5E A1 4F 87 79 04 AC 3A 56 7D 6A  |...c!^.O.y..:V}j|
00008C20  5D 18 04 FD A9 F0 48 A2 91 DE A4 31 C9 9A E3 91  |].....H....1....|
00008C30  FF 55 A3 61 FF FA 25 38 5F F1 21 9F F9 C5 ED CC  |.U.a..%8_.!.....|
00008C40  8D 05 4F 33 02 AC F1 14 BE 73 C0 76 6E C3 EF 1F  |..O3.....s.vn...|
00008C50  CA 7F A6 DE 36 12 BB 2E 77 1F 73 74 91 C3 19 B6  |....6...w.st....|
00008C60  6C 41 C4 FD A7 E3 A1 C3 B4 81 17 14 27 EF 9D 8E  |lA..........'...|
00008C70  CA AC 4B 0E 14 B1 CA 74 B4 98 53 94 22 89 92 9C  |..K....t..S."...|
00008C80  9A 48 14 01 6F BD DF 7C 43 67 32 D2 07 80 7F EE  |.H..o..|Cg2.....|
00008C90  6C 24 15 3C 4E 0D 6C 82 35 C7 23 D7 D7 69 D8 FF  |l$.<N.l.5.#..i..|
00008CA0  E9 25 D8 3F 76 E5 1E ED CC 1F B6 20 1E CF 7F BC  |.%.?v...... ....|
00008CB0  0F 60 FF 2F 1A CB 6D AF BD B1 D9 71 43 D9 96 BC  |.`./..m....qC...|
00008CC0  87 F2 EC B9 15 E9 DE 2D C1 01 14 F1 0F A2 AB BD  |.......-........|
00008CD0  93 74 F9 75 E1 38 D1 2E C9 2E D6 EE A1 B6 30 AB  |.t.u.8........0.|
00008CE0  07 E0 65 36 54 7B 7B 21 7F 7F 07 6D 8C 67 9E 35  |..e6T{{!...m.g.5|
00008CF0  C7 23 F2 1A 0D E8 6F CB 20 DF BF 6E A3 F6 E7 93  |.#....o. ..n....|
00008D00  30 DF BF 1B EE 1D AB 1D F9 37 16 30 BB B6 ED DA  |0........7.0....|
00008D10  B0 CA B2 69 8D 76 D6 3B 91 2E EE 9F 44 35 3F 83  |...i.v.;....D5?.|
00008D20  6C 31 F5 01 10 01 78 58 99 2B FA FF EC 7D 0B 74  |l1....xX.+...}.t|
00008D30  1C D5 99 E6 AD AA 96 B1 8C 31 36 20 7B 49 96 A4  |.........16 {I..|
00008D40  12 04 16 06 13 61 32 40 F0 30 E3 EA EA 92 BA A4  |.....a2@.0......|
00008D50  52 B7 A8 EA 96 B1 42 66 78 98 24 3B D9 B3 10 32  |R.....Bfx.$;...2|
00008D60  26 33 DE CC 19 A9 5B AF 96 AC B7 2C CB 6F 49 D6  |&3....[....,.oI.|
00008D70  C3 B2 6C 4B B6 24 F4 B4 05 6E 1B 8C 71 80 09 9B  |..lK.$...n..q...|
00008D80  89 87 04 66 A0 55 DD AD 0C 21 C3 86 DD 49 CE EE  |...f.U...!...I..|
00008D90  D9 D9 7B 6F 55 4B ED 44 42 6E 4E ED 6E 2D F7 7E  |..{oUK.DBnN.n-.~|
00008DA0  C7 52 B7 DB AE 3A 7D EE BD F5 D5 5F DF FD FF EF  |.R...:}...._....|
00008DB0  97 5D FC 56 59 A2 DB BD 24 42 15 B6 5A 1B F7 1F  |.].VY...$B..Z...|
00008DC0  EE 81 DC 1F EB A9 47 6D 1B 3B 68 F9 BC 2D AF 7A  |......Gm.;h..-.z|
00008DD0  C9 67 C3 6F F5 1F EA 8C B8 3F 2B 89 FB 83 4B C4  |.g.o.....?+...K.|
00008DE0  FF 5D F0 3F 64 EF 28 79 E1 16 1C F7 6F E4 7E D2  |.].?d.(y....o.~.|
00008DF0  B0 71 33 00 2F 72 2F 85 DF 77 54 24 34 1F D4 BB  |.q3./r/..wT$4...|
00008E00  E5 38 CE EF 6F A6 71 FF 3C 9C 6A B8 CD E3 72 6E  |.8..o.q.<.j...rn|
00008E10  E3 65 6A E2 4C E8 0A B0 78 E6 51 EF 96 7D 15 FA  |.ej.L...x.Q..}..|
00008E20  59 64 E1 4F 47 D7 AE 57 BD 1D E3 BC D5 95 46 9E  |Yd.OG..W......F.|
00008E30  CF 0F 52 CF F3 C9 C3 BD DA 37 A0 7B 87 8F 05 E0  |..R......7.{....|
00008E40  EB EC 1B 0E F0 ED F9 1C CF 51 54 DB 15 38 15 09  |.........QT..8..|
00008E50  EE 8D 04 4F D0 E9 37 A1 B8 FC FC A3 7E D9 E7 A5  |...O..7.....~...|
00008E60  43 41 EE 0A B0 96 FB AB 2A F5 F2 1A 18 FD C7 CE  |CA......*.......|
00008E70  EC A1 A3 6B 4F 88 8F DA 51 F3 79 C1 EC DD B2 63  |...kO...Q.y....c|
00008E80  01 EE FF CF CC C2 C7 30 43 1C EA D9 28 AE C1 3D  |.......0C...(..=|
00008E90  1B EF E3 3E 7E E9 BE BB 9D E9 9B B8 E3 6F CE 70  |...>~........o.p|
00008EA0  E7 E6 34 9F 71 DC BA CB 48 EA 19 83 A1 3F BF 95  |..4.q...H....?..|
00008EB0  AE 01 F8 F4 B7 55 F0 68 92 60 F4 6C 14 68 9A 27  |.....U.h.`.l.h.'|
00008EC0  91 2B C0 D2 F3 A1 6E 8D 7B 26 E2 DD D3 3C ED DA  |.+....n.{&...<..|
00008ED0  42 CA 9C 5B 83 57 4D EE 7F C1 E4 FE 83 F0 AF 6F  |B..[.WM........o|
00008EE0  2F 71 CC AF 4F 22 CD 07 AC 45 71 BF D2 7E 1F F3  |/q..O"...Eq..~..|
00008EF0  16 D8 22 BA 56 3E C8 89 DC ED 8E 3C 60 F6 6C 0C  |..".V>.....<`.l.|
00008F00  D6 60 A5 BF 9D 4E FC 55 F0 84 EB 0A 24 8D F7 2A  |.`...N.U....$..*|
00008F10  DB 0A 0A E5 47 2D 6E E3 41 F1 FF C3 0A 90 AD B5  |....G-n.A.......|
00008F20  EF D6 07 A7 F4 DE 0A 3A AE 24 CD B9 35 D8 62 EA  |.......:.$..5.b.|
00008F30  FD 7F 9B 14 F7 FF D5 12 C7 3C 5D B7 0C B4 57 30  |.........<]...W0|
00008F40  32 8A FB DF 3A C9 30 3F CB FC D6 DD D7 AF 78 88  |2...:.0?......x.|
00008F50  3B 5D E6 E2 D2 D9 44 8E E7 48 24 18 C4 D1 BF 91  |;]....D..H$.....|
00008F60  F0 43 65 1F 0C BF C6 6B 82 A6 F9 BD 0A 55 7D 08  |.Ce....k.....U}.|
00008F70  8D 01 05 6B CB 39 E2 0D 47 63 C3 9D D1 E1 FD 74  |...k.9..Gc.....t|
00008F80  68 89 99 73 6B D0 60 C6 FD 25 29 E8 FD 4F 7E 79  |h..sk.`..%)..O~y|
00008F90  3E CF 67 FA 24 03 7E 06 1E 17 A5 15 F7 82 C7 1D  |>.g.$.~.........|
00008FA0  E7 D2 56 30 6E 23 C7 13 95 F3 42 EE 9F 8E 04 2B  |..V0n#....B....+|
00008FB0  D1 9B 60 1F 5D 01 08 82 86 E4 1E 9F E0 92 14 DA  |..`.]...........|
00008FC0  B5 91 48 C0 E9 B7 36 EE EF AE D4 3B 5A 66 26 8F  |..H...6....;Zf&.|
00008FD0  44 6B 42 74 74 C9 98 73 6B F0 ED 2A 83 FB 4B 21  |DkBtt..sk..*..K!|
00008FE0  F7 5F 71 00 F0 53 F8 F3 F7 8E A5 8F 43 DC 8F BC  |._q..S......C...|
00008FF0  DC DA F8 27 D9 06 B0 C5 B9 6E ED 23 E0 FD 97 39  |...'.....n.#...9|
00009000  AE 9C C9 32 F3 FB B1 9F 0F CA F4 AC A6 55 5D 49  |...2.........U]I|
00009010  DC AF 6A 92 47 50 A8 A1 03 C9 2B C0 EA B8 5F 2F  |..j.GP....+..._/|
00009020  1F 8C 4F 1F D3 CB 47 F4 D1 6E BD 2E 40 C7 D8 7E  |..O...G..n..@..~|
00009030  71 BF 1D CB 37 AF 98 9A 4F E0 3A 83 F7 AB E1 FB  |q...7...O.:.....|
00009040  1A F3 DF 7E BE C8 3D E0 2F 7E 04 76 16 86 41 3E  |...~..=./~.v..A>|
00009050  F2 72 7B 99 DF C6 36 64 09 90 FB 5F 67 DE 13 4A  |.r{...6d..._g..J|
00009060  D9 B4 84 A7 43 A0 27 E1 E7 33 44 E7 3E 29 02 10  |....C.'..3D.>)..|
00009070  78 B7 5F 15 C4 70 29 CD EE 27 13 70 FA 2D 3D DF  |x._..p)..'.p.-=.|
00009080  EC 91 E6 D9 23 75 74 5C ED 8C 42 C1 8E 7D BB 9E  |....#ut\..B..}..|
00009090  0B 19 DC 1F 84 DC 5F 01 7F CA E0 CF E1 15 C6 BF  |......_.........|
000090A0  FD 32 7D E1 63 FE DA 0D D6 65 EF 00 0A E2 FE 16  |.2}.c....e......|
000090B0  14 F7 43 EE DF B9 36 CC 7C 53 2C 67 AA 41 82 FB  |..C...6.|S,g.A..|
000090C0  87 22 C1 13 94 F8 17 E0 7E D1 AB 50 1B 4F 82 57  |."......~..P.O.W|
000090D0  80 C5 BD DA 63 BD 8D B3 FB 2A 62 FD 87 A2 D5 25  |....c....*b....%|
000090E0  74 74 6D 1A F7 E7 D8 F1 7A BF 5C 69 70 3F E2 FC  |ttm.....z.\ip?..|
000090F0  4E C8 F9 21 F8 FA 0F 4B 68 3E C5 1B 71 6D 17 8E  |N..!...Kh>..qm..|
00009100  FB 5B 11 F7 DF 23 38 C1 DA 8B CC 7B A5 2F B3 73  |.[...#8....{./.s|
00009110  5E 6E 81 E1 48 30 14 09 74 F1 B8 73 6F 3F 99 CE  |^n..H0..t..so?..|
00009120  6D 0B 5C F9 2E 3E D7 EB F2 6E E3 45 D5 5F 4C 87  |m.\..>...n.E._L.|
00009130  83 40 C0 E9 B7 F4 7C D1 AA 2A BD 6B DF CC 54 35  |.@....|..*.k..T5|
00009140  CA F2 3F 5D 4A 1D DD 08 98 73 6B 70 AB 59 DB 55  |..?]J....skp.Y.U|
00009150  91 7A 6D D7 0B B8 77 0B 8F EE 1D 5B 58 D4 AF F7  |.zm...w....[X...|
00009160  92 EB A9 67 E6 6B BB 46 22 81 41 5C DA DB 08 D9  |...g.k.F".A\....|
00009170  9F 4E FF 7C DC 8F 5B 77 D1 91 20 15 96 F7 ED 6A  |.N.|..[w.. ....j|
00009180  38 1A 6D 9F 9A DD 3F AA 8F ED 86 F4 4F 07 D8 86  |8.m...?.....O...|
00009190  28 CE B5 A3 E6 F3 44 BD 11 F7 57 26 ED F5 26 D6  |(.....D...W&..&.|
000091A0  4F 68 91 FB C1 F2 EB 70 7E FF AD 59 58 F3 D9 C6  |Oh.....p~..YX...|
000091B0  36 64 A3 B8 FF 0D E6 9B 41 8E 79 85 71 9B 9E 0E  |6d......A.y.q...|
000091C0  B8 6F 57 70 37 72 72 0E 1C C5 A6 6E 34 0D 01 73  |.oWp7rr....n4..s|
000091D0  BF 53 F0 E4 C8 92 E2 A2 83 41 24 9C 16 F7 EB 8D  |.S.......A$.....|
000091E0  D5 9F 88 D7 9F 46 76 6E 67 69 8B 24 42 E6 DC 1A  |.....Fvngi.$B...|
000091F0  3C 65 EA FD 21 53 F3 49 E6 FE CA 45 B8 FF AE 6F  |<e..!S.I...E...o|
00009200  80 75 85 61 90 87 FC 7C 34 23 CF E7 E1 9D 6B 2F  |.u.a...|4#....k/|
00009210  30 EF 32 1F B0 F3 7E 3E 7D A8 63 17 EA D6 48 C5  |0.2...~>}.c...H.|
00009220  9E AB B9 5F 11 3C E1 7D D4 B2 9F 54 28 16 F3 00  |..._.<.}...T(...|
00009230  6A DC 52 7D 8C 4A 3D 24 CD B9 35 48 67 0D 71 BF  |j.R}.J=$..5Hg.q.|
00009240  3A 89 E7 63 A6 DE 5F B3 08 F7 97 E7 03 80 B8 7F  |:..c.._.........|
00009250  03 E4 FE 86 4C 81 6D CA 92 9D C5 19 17 98 F7 04  |....L.m.........|
00009260  91 5D C6 26 3C 1D 3A 71 E3 96 E3 28 D1 3F 30 C4  |.].&<.:q...(.?0.|
00009270  23 E9 07 DD 0E AA F1 43 C0 50 24 30 49 28 F7 2B  |#......C.P$0I(.+|
00009280  7E A7 C4 0B 3E B7 22 F9 64 D1 CB 17 0A AA E0 11  |~...>.".d.......|
00009290  24 8F 46 55 20 62 EE FE D6 3E FF EB A3 C3 90 FE  |$.FU b...>......|
000092A0  63 13 43 74 BB D7 B6 28 F4 D8 D1 C4 F8 A6 BA B4  |c.Ct...(........|
000092B0  3F E0 F9 7F 32 B9 BF 7A 11 EE 9F BA 03 E7 F7 E3  |?...2..z........|
000092C0  BD DE 86 4C 06 34 01 37 E4 FE 29 E6 9D 97 EF 60  |...L.4.7..)....`|
000092D0  2F 32 EE 35 06 F7 0F A1 76 5D A8 C2 0B 79 38 D3  |/2.5....v]...y8.|
000092E0  E9 4F 5C F9 5E 55 F6 C9 4E 81 26 F8 13 BB 02 2C  |.O\.^U..N.&....,|
000092F0  9E 79 94 E7 53 B9 2B DE 14 80 37 01 3A BA 36 9D  |.y..S.+...7.:.6.|
00009300  73 BF 1D F3 FB 9B 4C EE DF 95 E2 5E 2F AA ED C2  |s.....L....^/...|
00009310  BD DA 0D EE 57 8B 33 F2 C0 F6 97 3E 78 52 71 98  |....W.3....>xRq.|
00009320  DC 6F 2A FD A7 51 77 46 C3 CC 99 D4 50 FF 2A E4  |.o*..QwF....P.*.|
00009330  C8 B9 7E 49 56 51 A0 4F E9 9F D4 15 60 E9 F9 E2  |..~IVQ.O....`...|
00009340  C3 E3 7A 7D 97 7E 38 38 33 D5 43 95 1F 7B 42 13  |..z}.~883.C..{B.|
00009350  ED 58 C3 5F 00 8C 20 BF 36 89 FB FF 71 89 1C CF  |.X._.. .6...q...|
00009360  EF AE C6 DC EF 46 DC DF 96 F9 2D B6 29 1B 69 3E  |.....F....-.).i>|
00009370  9B 58 FF B9 A7 1D 37 B0 89 B8 7F 18 F7 E4 ED A4  |.X....7.........|
00009380  7A FF 55 C8 F5 CA E1 52 8D 97 28 ED 13 BC 02 2C  |z.U....R..(....,|
00009390  3D 5F B4 AA 6A 66 AA 7A 66 62 1F 25 7E 62 E6 DC  |=_..jf.zfb.%~b..|
000093A0  1A 64 33 06 D1 D7 7F C6 B8 BF 35 73 1B DB C4 CB  |.d3.......5s....|
000093B0  6A 46 F1 83 E0 DD 70 98 AB 65 B2 56 1B 71 7F 35  |jF....p..e.V.q.5|
000093C0  2E ED 45 62 3F 9D FB A4 A7 3F AC F7 7B C2 A5 7E  |..Eb?....?..{..~|
000093D0  2C F7 8B 42 A1 EC 14 54 D9 49 E5 7E 52 E0 11 AC  |,..B...T.I.~R...|
000093E0  F5 EF 8F 0F 4C 20 C1 A7 96 F6 6C B4 2F 54 C1 8E  |....L ....l./T..|
000093F0  7A FF D7 AB 0D CD A7 E1 3A 63 8F F7 5D F8 33 73  |z.......:c..].3s|
00009400  8D 7E 3E 86 E6 23 B0 86 DE 7F 3F D8 FE 92 C4 5D  |.~>..#....?....]|
00009410  66 DD 73 FE FD B8 3F 3B A4 7F 1E 89 3E A8 77 FB  |f.s...?;....>.w.|
00009420  EE 48 A0 97 F4 A7 BF 42 AF EA E3 D1 1D 80 77 79  |.H.....B......wy|
00009430  79 55 12 E5 1C 4A FB A4 AD 00 4B CF 17 1B 1E 88  |yU...J....K.....|
00009440  77 4F C7 CB 9B 69 AF 76 FB 72 BF 2D 9F F3 CB 76  |wO...i.v.r.-...v|
00009450  19 DC DF B8 40 DC BF 3B 7D D1 C3 D6 26 BC DC 4C  |....@..;}...&..L|
00009460  EE CF 2B CE F0 83 ED 5B 04 66 4D 82 FB 83 C3 48  |..+....[.fM....H|
00009470  EF 47 A9 3E 53 68 D3 37 D0 49 57 00 82 24 F2 45  |.G.>Sh.7.IW..$.E|
00009480  B2 2F DC AC CA D4 C5 93 4C 14 59 EC E9 18 9B 1C  |./......L.Y.....|
00009490  D6 BB F6 E9 55 7D 33 13 FB E8 E8 DA F4 7E 6F CB  |....U}3......~o.|
000094A0  B8 FF 83 04 CF A7 A0 F9 38 A6 51 8E 67 C9 33 A8  |........8.Q.g.3.|
000094B0  77 CB C5 CB 1B 41 F4 CA DE FB AF 7F 7E 92 B9 10  |w....A......~...|
000094C0  FC 80 7B 34 E1 DF 8F 22 FE E6 48 70 88 47 7E 6E  |..{4..."..Hp.G~n|
000094D0  81 17 A9 B3 8F 81 1C 91 57 FD 4E D9 C3 E7 0B C5  |........W.N.....|
000094E0  02 35 F5 21 31 06 CC B7 F6 AE AF B7 96 E8 A7 4E  |.5.!1..........N|
000094F0  C5 26 3A F5 93 07 63 87 E9 55 66 47 C0 8B DD 86  |.&:...c..UfG....|
00009500  DF 6A 73 8D 51 DB B5 37 89 FB FF DA 7C BD B0 C8  |.js.Q..7....|...|
00009510  31 E7 39 C6 99 BD 03 F0 A8 B6 AB E9 47 1B C1 D9  |1.9.........G...|
00009520  AC DF 3D BC EA 87 63 CC E6 0B 7C 9A C6 24 B8 BF  |..=...c...|..$..|
00009530  0A E7 F3 B7 46 02 67 71 92 8F 29 01 91 BE 0A 7C  |....F.gq..)....||
00009540  AA E0 2C F6 7A 90 F4 C3 E7 FB 95 F0 01 67 F8 00  |..,.z........g..|
00009550  BD 36 88 5A 01 16 97 F5 C5 42 E3 A8 BC 6B 2C A8  |.6.Z.....B...k,.|
00009560  9F DC 43 65 1F BB 5E F5 76 E4 FE 46 B3 AE F7 90  |..Ce..^.v..F....|
00009570  C9 FD 79 37 03 D0 6D BE 3F B6 6C E1 63 BE D3 87  |..y7..m.?.l.c...|
00009580  6B BB 6E 45 DC FF D6 2F 04 EE A3 AE F1 CD 60 C7  |k.nE.../......`.|
00009590  23 0E C1 F1 34 F7 0A C8 32 B9 BF 0B 53 FE 60 24  |#...4...2...S.`$|
000095A0  78 00 57 F7 76 45 02 13 74 11 00 A7 26 F2 DB BC  |x.W.vE..t...&...|
000095B0  7E 4F 2E EF F4 6E A3 C5 BD 04 62 9B C5 6D BB 67  |~O...n....b..m.g|
000095C0  A6 06 90 A1 C3 E0 94 3E 3E 1C 3F 33 39 33 41 2F  |.......>>.?393A/|
000095D0  33 FB 5D F5 92 1D F3 FB 23 A6 7F FF 11 C8 F7 FF  |3.].....#.......|
000095E0  05 BE FE 1C FE 7C 70 8B F1 6F DB 6F 5E F8 98 2F  |.....|p..o.o^../|
000095F0  76 83 62 18 F7 CB 5F C3 DC 2F B3 1F B5 8F 6F 5E  |v.b..._../....o^|
00009600  B9 43 74 6C 2A 7B 9A F5 80 AC 35 86 8F E7 28 EE  |.Ctl*{....5...(.|
00009610  D6 48 9F 41 AF 46 8E C8 6B B2 97 8A 3D E4 02 4E  |.H.A.F..k...=..N|
00009620  BF A5 E7 9B 6D E9 88 0E 8E D1 71 25 69 CE AD C1  |....m.....q%i...|
00009630  B7 4C 2F B7 AE D4 73 3C 9F BC 0D 72 FF 3B BF 18  |.L/...s<...r.;..|
00009640  E7 DE 01 63 1A 8C FB AF BB 3B 74 3B 17 9A F3 F3  |...c.....;t;....|
00009650  D9 1D 09 74 60 1B E7 6E BC DD 5B 46 57 80 C9 FD  |...t`..n..[FW...|
00009660  45 82 8B DA 37 93 0B 38 FD 96 9E 2F D6 DC 13 3D  |E...7..8.../...=|
00009670  78 20 BE 8B 4A 3D E4 CC B9 35 78 CD E4 FE EE 24  |x ..J=...5x....$|
00009680  EE 3F 62 BE BF BC 40 AE 27 D2 81 CE 6F C6 FE FD  |.?b...@.'...o...|
00009690  3B 1E 80 DC FF E0 BB 32 87 E2 7E D7 8E 13 CC E6  |;......2..~.....|
000096A0  CA CE 34 37 48 F8 78 96 46 82 DD 66 92 0F EA D7  |..47H.x.F..f....|
000096B0  DB 44 57 80 C9 FD C5 E1 03 AA 2C BA E9 58 90 BA  |.DW.......,..X..|
000096C0  02 AC BD F1 C7 6B EA 67 27 EB 66 C6 5A E9 D0 DA  |.....k.g'.f.Z...|
000096D0  16 C5 EA 56 1B 7E AB 74 53 F3 E9 81 7C 3F 0D 0C  |...V.~.tS...|?..|
000096E0  DD FF C8 12 CF 00 17 57 80 95 30 EE 7F EE B6 84  |.......W..0.....|
000096F0  DE 0F C6 F2 5D 3B 5E 64 FA 0B 6F 77 B8 C1 45 B3  |....];^d..ow..E.|
00009700  5F EF 24 4E F5 19 8E 04 7A 31 F7 57 D0 15 80 9F  |_.$N....z1.W....|
00009710  FE 24 B5 48 F2 F9 A8 A1 03 C9 2B C0 D2 F3 E9 1D  |.$.H......+.....|
00009720  87 62 93 C3 B1 10 2D 9F 27 67 CE AD C1 B3 FB 0C  |.b....-.'g......|
00009730  EE 1F 49 E2 FB 9F 2E 71 CC D1 27 41 06 E2 FE 9B  |..I....q..'A....|
00009740  51 9E CF 45 81 9B C9 6C 14 57 AE 1A 75 3C FC 5A  |Q..E...l.W..u<.Z|
00009750  98 CB 9B CB F3 D9 8B 6D 7C 6A 0D 27 1F EA EC 60  |.......m|j.'...`|
00009760  C2 AB F1 4E 49 91 3C C8 D0 47 E3 35 81 BA F8 93  |...NI.<..G.5....|
00009770  06 38 FD D6 C6 FD C3 07 E3 75 A7 F4 FE 3E 78 13  |.8.......u...>x.|
00009780  A0 B6 0E 36 BD EA 25 3B 7A 3A F8 CD 3C 9F 17 4D  |...6..%;z:..<..M|
00009790  EE 9F 84 AF 63 E6 FB 95 0B C4 FF 91 D5 00 C4 DE  |....c...........|
000097A0  C0 7A FF ED 1B 30 F7 CB EC 4C 43 E3 FD 19 AB 06  |.z...0...LC.....|
000097B0  99 89 CB 99 8E D7 12 7A FF 7C 5D 6F 05 2E F2 42  |.......z.|]o...B|
000097C0  39 3F 3C CA F9 44 1D DC 8F 93 1B 01 88 BC 53 15  |9?<..D........S.|
000097D0  72 69 61 17 B9 DC AF 5A 9C DF 3F 16 C4 16 FE ED  |ria....Z..?.....|
000097E0  74 68 89 99 73 6B E0 AE 36 B8 3F C1 F7 E8 1E 30  |th..sk..6.?....0|
000097F0  6C BE FF 68 01 BD FF 4A 3A 00 C7 D2 30 F7 7F 17  |l..h...J:...0...|
00009800  D5 F5 CE 64 42 EE FF B3 26 31 63 D5 06 C7 57 5E  |...dB...&1c...W^|
00009810  FF 20 ED 55 E0 36 FA F5 06 0F 61 A5 DF 20 7E 5A  |. .U.6....a.. ~Z|
00009820  D4 9B 80 A8 F1 05 82 1A AE F5 C9 05 5E 3A 1A 24  |............^:.$|
00009830  02 4E BF A5 E7 9B ED 3B 8E 3C 9C A7 8F C5 EB FA  |.N.....;.<......|
00009840  E9 E8 DA 13 39 7E 3B 66 F6 69 E6 5E EF 84 C9 F7  |....9~;f.i.^....|
00009850  FF 0D 12 77 81 E9 E5 50 B4 88 A7 C3 3B 2C A8 81  |...w...P....;,..|
00009860  DC 9F 95 95 88 FB 4B 1A 20 F7 3F C4 DE F3 E6 57  |......K. .?....W|
00009870  1D 35 8C 99 E3 89 7A B5 04 23 81 33 F0 01 00 86  |.5....z..#.3....|
00009880  FB 95 BC E1 E6 83 9D 7D BA 60 EC 4F EC 2A 10 F9  |.......}.`.O.*..|
00009890  42 21 5C E9 D5 78 97 C4 E7 48 AA 2A C9 2A 7D 08  |B!\..x...H.*.*}.|
000098A0  20 09 85 16 1B 38 C5 87 C7 67 F7 8F C2 D0 9F 0E  | ....8...g......|
000098B0  2D 31 73 6E 0D B6 57 19 DC 7F 2E 85 1C CF ED 00  |-1sn..W.........|
000098C0  C7 FD DF 43 F9 FD 97 DF BA 8F 8B 1F EF C8 77 86  |...C..........w.|
000098D0  36 38 C6 76 05 D3 AE 67 DC AB 13 71 3F 72 72 98  |68.v...g...q?rr.|
000098E0  42 6E 9E 88 F3 69 4C 62 44 7D 5E 9F 5B 52 B7 4A  |Bn...iLbD}^.[R.J|
000098F0  8A 42 77 7B 89 5D 01 56 C7 FD B1 C6 C3 FA D1 52  |.Bw{.].V.......R|
00009900  7D B0 85 8E 2E 19 73 6E 0D 9E 35 F3 7C C2 A9 E7  |}.....sn..5.|...|
00009910  F7 7F EF B6 04 F7 83 76 C8 FD D9 2B EE 59 91 E6  |.......v...+.Y..|
00009920  A8 66 92 F2 7C 86 22 C1 2A 18 F0 1F 36 9A B7 D0  |.f..|.".*...6...|
00009930  25 80 9E B3 7C F7 F2 05 32 0C F7 3D 94 FB 49 5D  |%...|...2..=..I]|
00009940  01 05 96 9E 4F 3F 70 24 76 6A 68 66 AA 87 0E AD  |....O?p$vjhf....|
00009950  7D E3 7E C1 8E 7B BD 75 B5 06 F7 5F 48 81 FB CB  |}.~..{.u..._H...|
00009960  F6 A2 FC 7E 20 23 EE FF C9 8F 04 EE 6C E6 EF 1E  |...~ #......l...|
00009970  5E F9 C3 6C CE 15 CC 63 76 81 2C 43 EF 47 FD 7A  |^..l...cv.,C.G.z|
00009980  87 22 81 69 BC DD DB 45 FD 7C 4C E4 A8 02 72 71  |.".i...E.|L...rq|
00009990  DE E8 13 8A 78 C1 E3 13 94 6D 02 F2 F6 A1 97 07  |....x....m......|
000099A0  31 80 B3 6E 2D F7 9F 0C E9 1D 2D 86 8F 27 F5 F3  |1..n-.....-..'..|
000099B0  21 63 CE AD C1 7B E6 5E EF EB 49 DC FF EA 12 F7  |!c...{.^..I.....|
000099C0  81 70 08 FB 78 3E B5 06 7B B9 C9 DC D9 5D BF DB  |.p..x>..{....]..|
000099D0  04 7E 78 07 F7 62 DA 2F D9 5D 09 3F 9F 00 E6 7B  |.~x..b./.].?...{|
000099E0  C4 FD 43 38 BB A7 1F 3E 00 34 60 17 FF 23 91 C0  |..C8...>.4`..#..|
000099F0  00 B6 7C E8 8D 04 9B 48 BB 1D 14 48 AE F3 83 85  |..|....H...H....|
00009A00  5E 85 77 0A 17 0E 09 F9 17 0E 49 EE F3 83 2A 9F  |^.w.......I...*.|
00009A10  93 4F 2F 10 42 E0 B4 78 AE 67 A6 AA A3 AD 03 FA  |.O/.B..x.g......|
00009A20  C1 1E 64 E7 36 D8 A2 8F 0E C7 1B 8E EA E5 35 7A  |..d.6.........5z|
00009A30  C7 21 AA 02 D9 65 CE 05 3B 5A 77 BD 64 E6 78 5E  |.!...e..;Zw.d.x^|
00009A40  4E 21 EE 7F FB 19 AC F9 3C 7F 03 E4 7E FD 47 A5  |N!......<...~.G.|
00009A50  DC D9 4B BF 73 DE F0 C3 93 EC 7D 8E 5C 6E 1D EB  |..K.s.....}.\n..|
00009A60  4E BF 01 73 7F 3F A6 FF 49 6C DE 4F 83 FE 04 DC  |N..s.?..Il.O....|
00009A70  92 C6 E7 0B 4E C5 0B 7F 6F D3 24 F5 FC 20 0D FB  |....N...o.$.. ..|
00009A80  C9 02 9C 77 6B E3 FE A9 12 44 F3 30 EE A7 41 3F  |...wk....D.0..A?|
00009A90  29 73 6E 0D 36 A5 1B 89 9C 57 52 D3 FB 5D 73 BD  |)sn.6....WR..]s.|
00009AA0  5B DE 43 F7 8E 29 31 63 55 36 D8 BE 65 7B E6 DB  |[.C..)1cU6..e{..|
00009AB0  20 D1 AF B7 D3 2C EA 0D 8C F3 45 74 F6 13 40 9E  | ....,....Et..@.|
00009AC0  0E 5E 75 9B C0 2B 7E B7 E0 D1 68 B8 4F 1C 8A 2D  |.^u..+~...h.O..-|
00009AD0  BE D5 47 07 5A A2 07 07 F9 D8 04 4D A4 B6 2D 84  |..G.Z......M..-.|
00009AE0  22 3B E6 F9 FC 9B A9 F9 FC 83 C9 FD A8 A6 F7 39  |";.............9|
00009AF0  F3 DF 6E 60 AE FE BF E8 73 F7 2D 00 3C E0 04 2B  |..n`....s.-.<..+|
00009B00  12 7A FF 5B D5 19 DC 5B 99 19 E2 CA 67 05 EE 58  |.z.[...[....g..X|
00009B10  A8 83 53 1C 09 BD 1F 7B 3A 04 06 22 C1 E3 46 49  |..S....{:.."..FI|
00009B20  57 3F B6 76 68 23 7C 15 88 92 2A 2A 12 EF 54 FD  |W?.vh#|...**..T.|
00009B30  B9 B9 12 9F AF D1 DB 22 81 2B C0 D2 F3 C5 43 A7  |.......".+....C.|
00009B40  A3 ED 53 86 85 FF EC E9 D2 E8 9E 6E 3A C6 76 83  |..S........n:.v.|
00009B50  53 CD B5 E1 B7 7A CD EC DD F2 0E E4 FE C3 F0 6D  |S....z.........m|
00009B60  D6 32 00 4E 9A FF 76 62 81 DA 2E F9 16 B4 47 80  |.2.N..vb......G.|
00009B70  FC 7C 4A EE DA 80 B9 7F 23 B8 D0 9E 21 BA 9E ED  |.|J.....#...!...|
00009B80  71 74 3A CE A7 55 CD E9 FD 0B D6 F5 1A 7A 3F FA  |qt:..U.......z?.|
00009B90  14 FE 39 11 09 12 57 82 8E FB F5 CA 9E 5C 5E 74  |..9...W......\^t|
00009BA0  0B AA 22 A9 5E 99 D7 68 BE 0F 51 DC EF B6 B6 9E  |..".^..h..Q.....|
00009BB0  23 7A 7A AF 5E D3 14 3B B3 27 D6 4C 53 7D 08 99  |#zz.^..;.'.LS}..|
00009BC0  73 6B B0 D3 CC F1 7C 37 49 F3 49 C4 FB 91 45 74  |sk....|7I.I...Et|
00009BD0  A0 55 5F 36 EA 7A 51 7E FF D7 6A 6E E5 2E BC 97  |.U_6.zQ~..jn....|
00009BE0  91 EF 7A 76 80 5B 5F 19 71 2C 63 2E 9A DC 3F 84  |..zv.[_.q,c...?.|
00009BF0  F9 BD CA AC E6 0A 50 A3 11 8C FC 22 3E 1F B2 BF  |......P....">...|
00009C00  2A E7 51 B9 87 D4 15 60 ED CC C7 7A 1B 63 A1 F1  |*.Q....`...z.c..|
00009C10  F8 48 AB 5E 5E 43 47 D7 A6 73 6E CB 2D BD 52 53  |.H.^^CG..sn.-.RS|
00009C20  EF FF A7 D4 F3 FB 01 E2 7E 70 1C DD 28 1E D3 C0  |........~p..(...|
00009C30  0A 43 EF CF E3 DC AB 57 9A 71 3F 4A F2 69 8E 04  |.C.....W.q?J.i..|
00009C40  3A F9 5C 27 9D 7E 13 2E BF C7 25 28 F9 34 B9 9F  |:.\'.~....%(.4..|
00009C50  E4 15 60 E9 F9 E2 DD D3 FA E1 A0 DE 5B C1 CF 4E  |..`.........[..N|
00009C60  96 C5 9B 0F D2 11 B6 E1 D3 BE CF 8E 71 BF 6A 6A  |............q.jj|
00009C70  3E 89 18 1F E9 3D FD A6 D6 F3 EE 22 F7 83 AD 01  |>....=....."....|
00009C80  E0 84 DC CF 1B 9A CF 7D DC 85 43 19 E2 0D CF 4E  |.......}..C....N|
00009C90  32 1B AF BB 93 5D C5 24 34 9F 09 43 F0 E1 23 C1  |2....].$4..C..#.|
00009CA0  01 5C DB D5 16 09 B6 D3 55 A0 15 F1 C5 7E C5 27  |.\......U....~.'|
00009CB0  6D DC 2A A8 52 AE 54 40 47 84 34 C0 E9 B7 96 FB  |m.*.R.T@G.4.....|
00009CC0  4B F7 E9 83 2D 30 F4 8F 35 F7 CC EE 1F 8D 8F F4  |K...-0..5.......|
00009CD0  C3 FB 00 1D 66 5B 61 AB 2D F5 FE 8F 77 19 DC 7F  |....f[a.-...w...|
00009CE0  D3 F2 F9 CF 32 96 2F 11 F3 AF 42 71 7F C9 5F A0  |....2./...Bq.._.|
00009CF0  FC FE 8B AD 21 EE 75 70 8F 08 4A BE C1 FA D9 A7  |....!.up..J.....|
00009D00  1C 79 73 9E 0E FB B1 A1 C3 A4 D1 A8 9D 4E BF 09  |.ys..........N..|
00009D10  41 E4 DD 5E 55 93 3C B4 57 2F B1 2B C0 DA B6 3D  |A..^U.<.W/.+...=|
00009D20  B3 07 6A 21 F7 47 8F 9C A4 06 CE B6 85 DB 96 9A  |..j!.G..........|
00009D30  CF 71 33 EE BF D9 E4 FB 75 F0 75 CC F1 E9 C7 6C  |.q3.....u.u....l|
00009D40  C1 7A 7F C9 0B C8 BF BF B3 75 84 7B FD D8 46 C8  |.z.......u.{..F.|
00009D50  FD E7 B8 3F 29 67 B9 5C 93 FB 85 DC 1C 3A E5 0B  |...?)g.\.....:..|
00009D60  5D F9 82 EA F6 6B 3C 1D 1D 72 57 80 C5 73 AF 77  |]....k<..rW..s.w|
00009D70  77 C7 83 1D 94 F8 6D 7E D5 DB F0 5B 55 99 7B BD  |w.....m~...[U.{.|
00009D80  C9 B1 7E D5 12 C7 FC 8F B7 41 46 F6 0E 90 85 F4  |..~......AF.....|
00009D90  FE A6 56 81 79 3D 73 E3 E6 1B 4A 26 1D 23 39 41  |..V.y=s...J&.#9A|
00009DA0  AE 92 4D F4 6E 39 6C B4 EB C2 49 3E 7D D4 CE C7  |..M.n9l...I>}...|
00009DB0  44 8E C8 17 C8 2E 5F DE 36 45 11 3C B4 71 0B 91  |D....._.6E.<.q..|
00009DC0  2B C0 5A A1 6F 66 EC 44 74 4F B7 7E 76 54 2F 1F  |+.Z.of.DtO.~vT/.|
00009DD0  A4 A3 6B 4F C0 4B DE 86 DF AA CB 8C FB D7 26 71  |..kO.K........&q|
00009DE0  FF 17 96 D8 F7 5D 73 93 A1 F9 20 EE FF 60 4E F3  |.....]s... ..`N.|
00009DF0  19 E5 A4 F2 08 EA D5 8E E3 7E 2F DD DE 5D 10 5E  |.........~/..].^|
00009E00  17 EA D8 C5 3B 69 96 0F B1 2B C0 E2 2B 23 7A BC  |....;i...+..+#z.|
00009E10  37 B6 77 52 EF 38 44 87 D6 CE 57 BD 0D BF 55 BF  |7.wR.8D...W...U.|
00009E20  C9 FD EB 4C EE FF CE 2D 00 8C 2E A1 F9 5C 5A 8E  |...L...-.....\Z.|
00009E30  F3 7C 1E BD 05 72 FF 39 A4 F9 60 EE FF 63 36 1C  |.|...r.9..`..c6.|
00009E40  FE 8A 23 37 D1 AF 17 C5 FA D5 58 F2 A7 62 7F 12  |..#7......X..b..|
00009E50  54 18 ED 4B AA 46 F3 7C C8 5D 01 16 4F 3D 0C F7  |T..K.F.|.]..O=..|
00009E60  61 D0 4F 35 1F 9B 5F F5 36 FC 56 AF 57 A4 E1 D7  |a.O5.._.6.V.W...|
00009E70  2F 2D 4F F9 D0 1F 20 EE 07 65 E8 DE B1 9C 03 E0  |/-O... ..e......|
00009E80  D0 B2 C1 E5 97 6E 07 A0 7D 39 CE F1 44 9D 7A FB  |.....n..}9..D.z.|
00009E90  12 E5 5D 65 34 BF DF 84 22 68 F9 BC 22 7B 8A E9  |..]e4..."h.."{..|
00009EA0  50 90 BB 02 AC 8D FB 5F 2C 8F D6 84 A2 43 9D FA  |P......_,....C..|
00009EB0  60 4B 7C D7 51 9A E5 6F 43 78 94 42 1B 7E AB 09  |`K|.Q..oCx.B.~..|
00009EC0  B3 57 FB 57 52 E0 FE 2C 3F F2 70 2E 79 32 89 FB  |.W.WR..,?.p.y2..|
00009ED0  C5 EB C5 E3 CC 39 A6 F2 F6 6A F6 E2 EA 39 3F 9F  |.....9...j...9?.|
00009EE0  7E 6C DD 39 89 32 3D 9D 1E BA 02 10 20 F3 6B 3E  |~l.9.2=..... .k>|
00009EF0  BF 5A C0 E7 AA 02 E5 7F 22 57 80 CF 6F E9 F9 66  |.Z......"W..o..f|
00009F00  DB A6 51 8E 67 73 8F DE 71 28 16 1A E7 67 27 1B  |..Q.gs..q(...g'.|
00009F10  63 7B CF D0 71 FE 3C CF B9 35 F8 8D 19 F7 FF 51  |c{..q.<..5.....Q|
00009F20  CA 71 7F C9 C6 7B 10 F7 EF 44 DC FF 09 0B 80 C4  |.q...{...D......|
00009F30  6E 75 9E FB EA 5C DC 1F 80 C4 5F 8F 7F 0F 47 02  |nu...\...._...G.|
00009F40  1D 58 FC E9 A2 8B 00 14 08 A2 28 38 65 DE 27 29  |.X........(8e.')|
00009F50  1B 85 22 B9 88 8A 3F C4 AD 00 8B EB 7C F4 DA 0E  |.."...?.....|...|
00009F60  18 EB C7 86 3B E1 9B E8 E9 E0 CC 54 35 1D 63 BB  |....;......T5.c.|
00009F70  E1 D1 C7 1E B5 E1 B7 FA 73 B3 AE D7 9B 02 F7 7F  |........s.......|
00009F80  C2 E0 BD DE 67 36 21 EE 7F 05 71 FF 2E AD B2 E4  |....g6!...q.....|
00009F90  88 A3 B6 E2 99 3B 2E 82 44 DC 3F 8A BD DC 4E 45  |.....;..D.?...NE|
00009FA0  82 07 20 F1 F3 AA 9B AE 00 84 FC 7C 8D 57 24 D1  |.. ........|.W$.|
00009FB0  CD 17 7A 8B 3D C2 85 20 1D 11 D2 A0 14 7A AD 8D  |..z.=.. .....z..|
00009FC0  FB 5B 3A 90 6D 7F 79 8D DE DE 81 DC 3C 69 D0 6F  |.[:.m.y.....<i.o|
00009FD0  C3 B8 5F 56 6C F8 AD 2E 99 71 7F 20 75 BD FF 39  |.._Vl....q. u..9|
00009FE0  EC E1 DC 84 B8 3F 93 03 E0 76 F6 48 D9 77 32 E7  |.....?...v.H.w2.|
00009FF0  F5 FE 2A AC F9 D4 46 02 63 D8 BE 8D E6 78 62 08  |..*...F.c....xb.|
0000A000  85 5E 89 B6 EA 25 7B 05 58 2B 7F C6 42 E3 B3 A7  |.^...%{.X+..B...|
0000A010  4B F5 8A F2 78 1F CD AA B0 29 7C AA 1D 25 EF 03  |K...x....)|..%..|
0000A020  66 DC 1F 4A 81 FB C7 AE 37 FC 7C 92 B8 7F CE CF  |f..J....7.|.....|
0000A030  E7 C7 9C 19 F7 23 EE EF 8B 04 1B 91 DA 13 AC E1  |.....#..........|
0000A040  73 E9 02 30 9E AF 0A BC 1E 59 A0 E4 4F F4 0A B0  |s..0.....Y..O...|
0000A050  9A FB B1 81 F3 6E 7D 70 4A EF AD A0 C9 9E B6 E4  |.....n}pJ.......|
0000A060  7E 3B FA F9 FC C0 DC EB AD B9 06 EE 3F 61 BE DE  |~;..........?a..|
0000A070  71 3B 03 0A C3 60 0B D2 FB DB AE 3C C9 7E 08 06  |q;...`.....<.~..|
0000A080  37 03 71 92 B9 E8 0A 72 37 B1 59 66 EF 96 31 6C  |7.q....r7.Yf..1l|
0000A090  D2 0C 89 BF 9A A7 7D A9 E6 90 2B AB 5E 0F E5 7E  |......}...+.^..~|
0000A0A0  B2 57 80 A5 E7 D3 C7 76 21 03 E7 89 21 DA BE 85  |.W.....v!...!...|
0000A0B0  98 39 B7 06 BF A9 37 34 9F 5D 0B 70 FF 4A 66 E1  |.9....74.].p.Jf.|
0000A0C0  63 C4 4D B8 57 FB 0E D4 BB 65 E6 4A 23 87 B8 7F  |c.M.W....e.J#...|
0000A0D0  AD 38 C0 BC F1 F2 AB EC 8A 44 DC 1F E8 31 9A 76  |.8.......D...1.v|
0000A0E0  45 02 FD BC 2D EF 7A FF 6F A0 B9 78 B7 5F D2 44  |E...-.z.o..x._.D|
0000A0F0  3A 22 A4 02 4E BF A5 E7 9B 3D DC 83 FA F5 D6 62  |:"..N....=.....b|
0000A100  B1 9F FA 78 12 31 E7 D6 60 8B D9 AF B7 7E 01 EE  |...x.1..`....~..|
0000A110  EF 58 E4 59 A0 76 3D CE F1 7C 08 C5 FD 0D 77 0A  |.X.Y.v=..|....w.|
0000A120  6C 33 50 F2 D6 AE 1B 66 2E E6 FD 12 9C 07 A6 A7  |l3P....f........|
0000A130  03 E4 FE 60 4D 24 B8 17 EF F8 8E 46 82 25 3C 4E  |...`M$.....F.%<N|
0000A140  FA A9 C2 FD 7B C9 ED DC 2B BA 78 BF 47 2E 92 54  |....{...+.x.G..T|
0000A150  4D 76 09 2E 5E 14 7C E1 66 45 A6 B7 02 72 E0 B7  |Mv..^.|.fE...r..|
0000A160  F8 91 4F EF EA 9B 19 9B D4 BB 7A F5 13 B4 77 0B  |..O.......z...w.|
0000A170  45 0A 38 02 0C BD BF 21 89 E7 9B 57 2C 7D DC EA  |E.8....!...W,}..|
0000A180  F5 C0 7D 23 D2 7C 10 F7 67 17 40 EE 3F CD 5C 61  |..}#.|..g.@.?.\a|
0000A190  5C 0E 27 33 9F DF 8F E8 BF 04 B9 FA 04 06 50 D7  |\.'3..........P.|
0000A1A0  5E DC C2 65 1A 73 7F 27 16 83 EA 08 1C 6F C1 EF  |^..e.s.'.....o..|
0000A1B0  12 1E E3 65 9F A0 C8 82 C7 CB 2B 02 9F A3 78 55  |...e......+...xU|
0000A1C0  78 1F A0 4B 91 9C 15 60 2D F7 77 77 C7 CF 9E D5  |x..K...`-.ww....|
0000A1D0  CB 6B 60 F4 1F 2D AB 47 37 81 AA BE 99 89 09 3A  |.k`..-.G7......:|
0000A1E0  D2 14 9F 8E C7 4C 2F B7 C6 05 62 FC CE 45 E2 FE  |.....L/...b..E..|
0000A1F0  BC 26 CC FD CA 83 28 EE CF 12 D8 96 EC 47 9D 6B  |.&....(......G.k|
0000A200  77 8E 30 3F 7F B9 8C BB 11 64 9B FD 7A 3B CD A6  |w.0?.....d..z;..|
0000A210  5D 86 9D 5B 60 88 47 1E 0F F0 09 20 70 0C 9B 3D  |]..[`.G.... p..=|
0000A220  10 1A FA 0B 3E 25 1C F2 C9 A2 97 F7 08 A2 EC F5  |....>%..........|
0000A230  08 0A 5D 83 64 01 CE BB B5 DC BF FF 4C 74 B0 31  |..].d.......Lt.1|
0000A240  D6 7F 28 5A 5D 42 47 D7 9E 28 70 D9 F1 32 AF E2  |..(Z]BG..(p..2..|
0000A250  8C D7 A6 24 9E 7F F2 9A E2 FE 12 19 C5 FD 4D 88  |...$..........M.|
0000A260  FB EF 79 54 5D BB F3 B8 E3 8D 9C 19 C7 7E E0 5E  |..yT]........~.^|
0000A270  63 70 FF 00 FE 33 0D 29 BF F2 EA CE BD 30 E2 3F  |cp...3.).....0.?|
0000A280  40 EC 2A 10 C3 FB 44 BF 4F E0 5D 12 6E DC 5B E4  |@.*...D.O.].n.[.|
0000A290  A5 DB BE A4 AD 00 8B 45 1F 7D A2 19 FD E9 68 A1  |.......E.}....h.|
0000A2A0  F4 4F CC 9C 5B 83 EE 7A 23 EE 6F 4E 31 BF 3F D1  |.O..[..z#.oN1.?.|
0000A2B0  B3 71 6F 16 03 5A 40 A1 0A 76 6E 00 3F 7B E5 19  |.qo..Z@..vn.?{..|
0000A2C0  47 3A 48 F4 6E 39 10 09 76 A1 8D DE 48 B0 14 46  |G:H.n9..v...H..F|
0000A2D0  FD 74 FE 0D 38 BD DB 04 31 5C CA 8B 6E 59 0C 37  |.t..8...1\..nY.7|
0000A2E0  53 E2 27 90 07 DC B2 B5 DC 5F BB 6F 66 62 1F AA  |S.'......_.ofb..|
0000A2F0  EE ED AE 8C F5 36 D2 01 B6 E3 55 2F DA F1 3A FF  |.....6....U/..:.|
0000A300  77 95 46 9E 4F 6B EA B5 5D 2F 6C 44 9A CF 3D B8  |w.F.Ok..]/lD..=.|
0000A310  5F 2F 0B C0 7A F6 71 27 F7 ED F9 DA AE FA 48 B0  |_/..z.q'......H.|
0000A320  15 6B 3E D5 91 C0 69 62 35 9E 3F B8 F2 15 BF 93  |.k>...ib5.?.....|
0000A330  57 64 A7 A4 FA 04 6A DF 4F 22 14 A7 CF 5A EE 6F  |Wd....j.O"...Z.o|
0000A340  AE D2 BB FA 67 F7 8F C6 26 86 A2 ED 53 FA 60 0B  |....g...&...S.`.|
0000A350  1D 63 BB E1 B1 22 3B D6 37 3D 60 E6 F7 B7 A5 CE  |.c...";.7=`.....|
0000A360  FD 20 0B FD BA 17 1D FF 38 9B FC F9 4A 3A D9 8B  |. ......8...J:..|
0000A370  22 39 C9 47 13 3C 7C 81 A0 FA C2 B5 1E DE 25 F1  |"9.G.<|.......%.|
0000A380  85 5E 55 95 68 2B C7 CF FD 0A D0 68 93 66 0A 3B  |.^U.h+.....h.f.;|
0000A390  E0 6B 26 F7 EF FB 0C DC 7F 37 E5 FE D4 E3 7E 8D  |.k&......7....~.|
0000A3A0  17 65 C9 23 A2 2C 1F 3A 1A 44 AE 00 59 A2 83 40  |.e.#.,.:.D..Y..@|
0000A3B0  61 03 5C 6F 6A 3E 07 53 F7 F1 94 51 9E 0F D8 84  |a.\oj>.S...Q....|
0000A3C0  B8 7F 3B E4 FE 4B 8E 4B CB B6 3C 3D AF F9 EC 8E  |..;..K.K..<=....|
0000A3D0  04 FA B0 EC 03 7F 37 A1 22 AF 60 3B 1D 6E 20 0A  |......7.".`;.n .|
0000A3E0  AA 20 0A B4 77 0B C1 2B C0 E2 A9 8F F5 D4 63 4F  |. ..w..+......cO|
0000A3F0  87 5D F1 9A 7A BD B7 82 0E B0 0D 91 93 6B 47 BF  |.]..z........kG.|
0000A400  F6 F7 19 23 BF BF DD E4 FE 7F 4D 07 E0 C8 B2 85  |...#......M.....|
0000A410  FF 6F F2 E7 AB D7 97 FC F1 8D B8 B6 EB 63 A6 99  |.o...........c..|
0000A420  2F C8 03 EB 46 99 CB 17 5F 65 56 CC E5 F7 1F 35  |/...F..._eV....5|
0000A430  0B BB 50 A6 27 DD EA 4D 40 2A 92 54 9F 17 6B 3C  |..P.'..M@*.T..k<|
0000A440  45 72 B8 11 25 FC 28 48 F8 A1 23 43 D0 0A B0 F4  |Er..%.(H..#C....|
0000A450  7C FA E1 A0 3E B5 67 B6 63 9A 0E 2D 45 4A D8 63  ||...>.g.c..-EJ.c|
0000A460  FA 36 24 D7 F0 7E 9C 6E BC C6 17 E8 DD 88 EA 7F  |.6$..~.n........|
0000A470  7B 5D B8 AE 57 79 24 51 D7 BB 09 D5 76 0D 32 5E  |{]..Wy$Q....v.2^|
0000A480  49 E7 5C 4C 56 FA 62 75 BD C1 4A 9C F4 13 3C 4E  |I.\LV.bu..J...<N|
0000A490  72 D4 87 F6 7A 93 45 7F 78 13 10 DD B2 42 75 00  |r...z.E.x....Bu.|
0000A4A0  52 E0 17 AD B5 33 8F EE 9D D0 AB FA 68 5D 2F 45  |R....3......h]/E|
0000A4B0  AA 30 D3 FB AF AA E3 FA 73 33 BF BF 71 11 1D A8  |.0......s3..q...|
0000A4C0  EE 26 A3 AE 17 69 3E 6D 46 6D 57 1E D8 39 CA BC  |.&...i>mFmW..9..|
0000A4D0  C3 F5 B0 0A 48 70 7F 17 0C F7 71 6E FF 3E F3 0D  |....Hp....qn.>..|
0000A4E0  AA F0 3A 8A DF 57 C0 7B 40 07 FE 68 8C B4 67 82  |..:..W.{@..h..g.|
0000A4F0  F9 BC 7E D9 03 DF 4B 1E 97 2C 79 7C 12 5F 20 C1  |..~...K..,y|._ .|
0000A500  07 00 25 5C 4B DB 9B 7D DE 01 67 DA D2 F3 CD 4E  |..%\K..}..g....N|
0000A510  F4 A0 7E BD 87 F6 C4 6A 8E C7 FA 69 C3 46 12 E6  |..~....j...i.F..|
0000A520  DC 1A 7C C1 D4 FB BB 53 D7 FB BF 8F 72 3C 41 52  |..|....S....r<AR|
0000A530  8E 67 8E B3 EC 99 F9 BE 5D D8 CB 0D 69 3E 07 71  |.g......]...i>.q|
0000A540  03 2F F8 D7 11 BA 08 8C B8 3F D7 2F A8 82 27 5C  |./.......?./..'\|
0000A550  4B 87 83 C4 15 90 6B 71 CF C6 C3 3D FA 60 4B 74  |K.....kq...=.`Kt|
0000A560  A8 33 7E EA 58 34 54 47 07 D8 86 70 17 E6 D9 F0  |.3~.X4TG...p....|
0000A570  5B F5 99 9A 4F EF 02 DC FF EB 45 EE 07 71 0E C7  |[...O.....E..q..|
0000A580  FD 5B B0 9F CF BD 4F B2 7B F8 6F E5 81 B5 D9 EC  |.[....O.{.o.....|
0000A590  DF 95 E7 70 97 16 F1 72 33 8D 7C 8E 51 EE 4F D2  |...p...r3.|.Q.O.|
0000A5A0  7C 7C 82 2A 7B 91 EA 63 3C 0D D0 04 4F 12 00 27  |||.*{..c<...O..'|
0000A5B0  DF D2 F3 C5 7A DB 66 4F 97 CE 9C 69 8E 07 4E 53  |....z.fO...i..NS|
0000A5C0  E5 87 E2 DA D1 63 72 FF D1 14 E2 7E EE 56 C3 CF  |.....cr....~.V..|
0000A5D0  07 FB 78 DE 2B B0 7B B2 11 F7 3F C2 BE 51 76 07  |..x.+.{...?..Qv.|
0000A5E0  2B CD 69 3E E3 57 3B 39 0C 45 02 83 3C B2 79 40  |+.i>.W;9.E..<.y@|
0000A5F0  B7 80 71 7C 2F 20 B1 DC 0B 73 BF 86 75 1F 4F 2E  |..q|/ ...s..u.O.|
0000A600  2F AA B2 E6 A3 96 3E 44 41 B3 38 C3 2B 3A 38 1C  |/.....>DA.8.+:8.|
0000A610  DD FB A2 C1 FD 74 74 29 AE 1D B7 98 9A 4F 5F EA  |.....tt).....O_.|
0000A620  F9 FD 0A EE DB 95 8D 6E 1E 4F B0 00 F4 3B 2E 39  |.......n.O...;.9|
0000A630  3A E6 EB 7A 03 27 22 C1 76 44 F4 B8 6F 57 24 78  |:..z.'".vD..oW$x|
0000A640  84 8E 35 82 4B CA 91 3C 9A 57 4D E2 7F 78 37 A0  |..5.K..<.WM..x7.|
0000A650  E3 42 D0 0A B0 98 FC F5 C3 13 7A 6F C5 6C E5 2E  |.B........zo.l..|
0000A660  7D 70 6A 66 62 1F 1D 60 1B E2 51 D5 8E 75 BD D7  |}pjfb..`..Q..u..|
0000A670  99 DC 7F 2C 75 BD 3F ED EA FC 7E 81 7D D9 F1 C4  |...,u.?...~.}...|
0000A680  F6 F9 FC FE FD 91 60 43 24 30 82 7E 53 43 87 24  |......`C$0.~SC.$|
0000A690  EE 4F EC F5 FA C2 A5 A2 5B 56 69 0F 2F C2 E0 B3  |.O......[Vi./...|
0000A6A0  D8 C7 33 36 D1 A3 8F 0E 47 43 75 B1 E6 1E 6A E8  |..36....GCu...j.|
0000A6B0  60 4F E4 15 17 D9 F0 5B CD 9A 9A CF 48 12 F7 57  |`O.....[....H..W|
0000A6C0  2E 71 4C FF 5F 02 D4 B3 F1 FB 28 EE FF D5 65 3F  |.qL._.....(...e?|
0000A6D0  17 7D 67 EF 66 F0 FC 05 B6 A0 AC 93 5D 99 C8 F1  |.}g.f.......]...|
0000A6E0  0C 9E C0 B2 4F 55 24 B8 9B CE FD 3C 72 44 5E F5  |....OU$....<rD^.|
0000A6F0  6A 3E 6F 11 1D 0A 62 57 80 B5 C5 1C B1 33 7B 90  |j>o...bW.....3{.|
0000A700  73 7F A8 4D EF A2 21 96 4D 01 2F 79 1B 7E AB 55  |s..M..!.M./y.~.U|
0000A710  66 DC FF CF A9 6B 3E F9 77 A3 B8 FF AB E8 E6 E1  |f....k>.w.......|
0000A720  82 71 FF A0 E3 92 EB A9 A4 3C 9F A3 98 FB 5B B0  |.q.......<....[.|
0000A730  5F 7F 9D 21 FC D3 45 60 E8 FD 4E AF 12 AE 2D A2  |_..!..E`..N...-.|
0000A740  05 5D 44 02 4E BE A5 E7 D3 0F 07 21 F7 C7 F6 9D  |.]D.N......!....|
0000A750  44 4D 5C 06 26 60 E8 1F 0B 8D D3 61 B6 15 A4 42  |DM\.&`.....a...B|
0000A760  D9 86 DF EA EB B5 46 E0 FF A1 C9 FD C5 B7 00 F0  |......F.........|
0000A770  CD 6B EB DB 05 50 9E 4F 6B D6 36 33 BF 7F 0B 78  |.k...P.Ok.63...x|
0000A780  22 E0 62 57 24 3C 9C 11 E5 0F 45 02 93 46 AB C6  |".bW$<....E..F..|
0000A790  7E D4 C1 2B 40 97 24 EA D9 E8 F5 88 12 2F 0A 8A  |~..+@.$....../..|
0000A7A0  4B A0 79 3D 04 02 4E BF B5 DC 5F DB 01 F9 3E 7E  |K.y=..N..._...>~|
0000A7B0  F6 2C BC 03 D0 D1 B5 27 0A 3C 76 F4 74 B8 D3 E4  |.,.....'.<v.t...|
0000A7C0  FE 5F 5D 43 DC FF DB 5B 8C D7 03 77 33 B8 B6 EB  |._]C...[...w3...|
0000A7D0  81 F9 DA 2E 27 D8 99 C9 6E 63 97 3B DE 9C CB F3  |....'...nc.;....|
0000A7E0  19 8B 04 BB D1 2E 6F C0 D8 EE A5 CF A3 26 F7 17  |......o......&..|
0000A7F0  F2 79 7E 8F EC A5 41 3F A1 80 B3 6F 2D F7 97 35  |.y~...A?...o-..5|
0000A800  E9 83 53 30 E8 A7 62 BF 7D 9F F5 54 3B E6 F2 65  |..S0..b.}..T;..e|
0000A810  98 9A CF 47 9F C1 C7 F3 26 A4 F9 6C 40 F7 0E 1F  |...G....&..l@...|
0000A820  DA EB 05 DB 41 F2 5E EF 40 52 76 67 3F B5 F4 49  |....A.^.@Rvg?..I|
0000A830  70 BF C6 4B 05 92 22 D1 FD 5D 62 9F FF 0B 2C DE  |p..K.."..]b...,.|
0000A840  EB 6D EE 89 37 05 A2 A5 7D FA 41 5A D8 65 53 B8  |.m..7...}.AZ.eS.|
0000A850  B7 D9 F1 7A 67 1B 8C B8 7F A1 3A AE DE 45 EE 07  |...zg.....:..E..|
0000A860  6D 0F 1B 9A 4F 1E E2 FE B9 DA 2E 0D 72 7F 07 53  |m...O.......r..S|
0000A870  30 57 DB D5 99 E8 CA 0E B9 7F 84 C7 D9 9E 87 E8  |0W..............|
0000A880  2A C0 7A 3F 6E D4 5E 2C F0 8A 5C 40 7B B4 93 06  |*.z?n.^,..\@{...|
0000A890  38 F9 D6 C6 FD 55 7D B3 7D C7 E3 A5 2D B1 FD 87  |8....U}.}...-...|
0000A8A0  E9 E8 52 5C 3B FE D6 F4 EF BF 21 FD DA 8F 39 CE  |..R\;.....!...9.|
0000A8B0  33 A0 BD 82 79 6E 03 E4 FE 78 5B 07 77 19 64 DF  |3...yn...x[.w.d.|
0000A8C0  EF 4C EF 67 5F 29 7F 3A 4D 62 B2 D2 8D BD DE 51  |.L.g_).:Mb.....Q|
0000A8D0  EC E9 B0 3B D1 A2 17 86 FE 21 DE B9 95 F4 F1 2E  |...;.....!......|
0000A8E0  94 7C 92 EA F4 AA 5E 7F AE 1B D5 F7 FA 24 17 4D  |.|....^......$.M|
0000A8F0  F2 24 6D 05 58 7A BE F8 60 67 BC FE B4 3E D8 A2  |.$m.Xz..`g...>..|
0000A900  9F 1D E5 E3 CD 07 63 7B CF D0 41 FE 9C CF B9 35  |......c{..A....5|
0000A910  58 61 6A 3E 0F A4 A7 7E EC CD 57 E5 F9 68 E0 67  |Xaj>...~..W..h.g|
0000A920  CB F8 A7 92 FD FB 8D 34 4F 54 CA DB 4F 25 FF 44  |.......4OT..O%.D|
0000A930  DC EF E2 F3 BC 6A AE C4 6F 95 15 0D DE 06 0A 04  |.....j..o.......|
0000A940  0F B5 6F 23 0A 70 E2 AD 8D FB A7 F6 44 87 F7 47  |..o#.p......D..G|
0000A950  5B 07 F4 F2 9A D9 D3 A5 F1 BA 53 74 8C ED 86 1C  |[.........St....|
0000A960  C5 8E 69 1D AF 01 C3 A8 F9 A1 14 B8 FF 4B 37 82  |..i..........K7.|
0000A970  9D C8 D3 21 2B E1 E1 9C 8D 3C 9C 47 98 9F 09 E7  |...!+....<.G....|
0000A980  B9 B4 39 FF FE 9E C4 46 EF 10 9F 48 F8 6C C4 15  |..9....F...H.l..|
0000A990  BE BD F8 46 D0 47 E6 2A 80 A1 7E B8 D9 C3 4B 5A  |...F.G.*..~...KZ|
0000A9A0  A1 10 6E F4 2A 54 F2 21 6F 05 58 6C D7 1D 0F A1  |..n.*T.!o.Xl....|
0000A9B0  0C 9F E8 99 B6 F8 C0 44 B4 26 44 07 98 E2 1A B1  |.......D.&D.....|
0000A9C0  7B 97 A1 F9 7C C3 E4 FE 27 57 00 F0 D8 35 E5 78  |{...|...'W...5.x|
0000A9D0  96 E4 A1 B8 FF B9 AC 67 D8 16 50 E8 04 3B 79 76  |.......g..P..;yv|
0000A9E0  5B C0 B5 EC 32 B8 68 E4 78 22 F7 E6 39 3F 9F 71  |[...2.h.x"..9?.q|
0000A9F0  1E 57 79 51 C9 DF D0 FB 13 D6 6D BC CF 4B 25 7F  |.WyQ......m..K%.|
0000AA00  D2 E0 B3 38 BF 1F 55 75 61 C9 9F 5A FA 10 33 E7  |...8..Uua..Z..3.|
0000AA10  D6 A0 A9 DE E0 FE 47 52 D4 7C 20 F7 FF D9 D7 20  |......GR.| .... |
0000AA20  F7 5F 7E EB 3E 2E 7E BC 23 DF 19 BA 97 7D 33 A7  |._~.>.~.#....}3.|
0000AA30  87 CB 61 12 F9 FD 93 D8 AA BF 8A C7 D9 9E BD 78  |..a............x|
0000AA40  CB 77 9C 36 F1 D2 7C F7 F2 79 5E B7 47 F3 79 3D  |.w.6..|..y^.G.y=|
0000AA50  12 55 FA 89 5C 01 D6 FA F9 EA 07 8E C4 26 7A 62  |.U..\........&zb|
0000AA60  D3 83 30 FA 9F 2D A1 7E 3E 76 44 A1 CF 8E 7A FF  |..0..-.~>vD...z.|
0000AA70  83 A6 A7 83 00 B9 3F E6 00 A0 08 BE BE 64 FE DB  |......?......d..|
0000AA80  96 05 EE 07 FF 1D 12 FB BF F8 C1 DF 40 EE 5F 86  |............@._.|
0000AA90  FC FB 67 32 1B B9 A6 2F 34 6C CE 58 75 2F F7 62  |..g2.../4l.Xu/.b|
0000AAA0  1D 97 96 C7 9A 79 3E 57 99 78 76 46 82 B5 46 A9  |.....y>W.xvF..F.|
0000AAB0  17 F1 AB 00 B9 F9 14 40 DE F7 68 12 AF 51 EA 27  |.......@..h..Q.'|
0000AAC0  91 07 0A AC 8D FB 87 3A 51 6D 57 53 20 5E DD 44  |.......:QmWS ^.D|
0000AAD0  47 97 8C 39 B7 06 9F 54 18 7B BD 39 A9 EF F5 7E  |G..9...T.{.9...~|
0000AAE0  7F 13 DA EB 1D C4 3E 9E 1C 00 12 AB 39 CF 7D 75  |......>.....9.}u|
0000AAF0  7E AF B7 1E B7 EE 32 3A B6 23 C9 BF 13 C7 FD C7  |~.....2:.#......|
0000AB00  13 B7 83 60 24 40 62 19 62 8E C8 0B 9A 4F F0 50  |...`$@b.b....O.P|
0000AB10  A1 87 54 C0 E9 B7 36 EE EF DE 17 6D 1D 8F F5 1F  |..T...6....m....|
0000AB20  8A 56 97 D0 D1 B5 27 DC 85 76 BC DE 8F 2D 37 F6  |.V....'..v...-7.|
0000AB30  7A 73 53 E0 FE B7 AE 03 AE C2 70 89 78 0B E2 FE  |zsS.......p.x...|
0000AB40  A3 88 FB 0B C5 1B 9C 47 1C AD 6E C7 9D 79 6C 96  |.......G..n..yl.|
0000AB50  C9 FD A5 91 E0 5C 76 27 52 7A 78 75 2B 5D 04 20  |.....\v'Rzxu+]. |
0000AB60  47 52 25 8F 58 14 2E 55 BD 9A CC FB 68 E0 4F E2  |GR%.X..U....h.O.|
0000AB70  0A B0 36 EE 3F 8C 2A 7A 67 3B A6 F9 D8 44 27 4D  |..6.?.*zg;...D'M|
0000AB80  F0 B4 25 44 B7 1D B9 FF 3F 99 F9 FD CA 02 DC FF  |..%D....?.......|
0000AB90  C0 22 7B BE EF AC 05 6B 57 AF 07 DF C5 FE FD 17  |."{....kW.......|
0000ABA0  D1 F1 0D 62 C6 AA 0E AE A3 C0 B5 AC 8C 49 70 FF  |...b.........Ip.|
0000ABB0  21 DC 90 17 86 FE 7D BC B3 90 4E 7F 52 DC AF 7A  |!.....}...N.R..z|
0000ABC0  FD 22 8D FB 89 8D FB 55 AF A5 E7 9B ED 3B 8E FA  |.".....U.....;..|
0000ABD0  F5 D6 84 78 48 FC B3 93 8D 74 84 3F FF 73 6E 0D  |...xH....t.?.sn.|
0000ABE0  FE A3 C9 FD DE 05 B8 7F E4 BA 85 8F F9 88 05 C5  |................|
0000ABF0  AB D7 97 AC 4D E6 FE 55 19 FB B9 A3 0D DF 49 DB  |....M..U......I.|
0000AC00  C5 24 F2 7C 76 47 02 1D 58 E3 A1 32 7F 12 72 5D  |.$.|vG..X..2..r]|
0000AC10  BC A4 F9 BC AA AC F0 85 AA 20 D3 5B 00 71 90 2C  |......... .[.q.,|
0000AC20  D6 7C A2 43 BB 51 CF C6 89 09 3A B4 C4 CC B9 35  |.|.C.Q....:....5|
0000AC30  28 AC 36 B8 5F 4B E2 7E C1 7C EF 5B E0 7E E0 81  |(.6._K.~.|.[.~..|
0000AC40  9F 35 AD C2 F9 FD DF DD 80 F7 7A 65 76 A6 1D C5  |.5........zev...|
0000AC50  FD 63 DC 5D 8D 4E 47 0B E3 5E 33 E7 E5 D6 CF 47  |.c.].NG..^3....G|
0000AC60  82 C3 48 DD 37 93 7E A8 89 33 C8 85 A4 5F 24 8B  |..H.7.~..3..._$.|
0000AC70  92 C7 47 B3 7C 88 5D 01 96 9E 4F 6F 08 A1 5E ED  |..G.|.]...Oo..^.|
0000AC80  AD 95 D1 23 27 A9 7B B3 3D E1 B4 A5 5F FB FF 02  |...#'.{.=..._...|
0000AC90  57 F3 FC 34 FC 79 D1 8C F7 B5 45 F6 00 CE A7 E3  |W..4.y....E.....|
0000ACA0  1C 4F 3E 2B C1 FD 8F 21 EE EF 67 FA 0B 1D 69 37  |.O>+...!..g...i7|
0000ACB0  CC F5 6E E9 44 41 3F D2 7C 68 E8 9F 84 02 AF 2A  |..n.DA?.|h.....*|
0000ACC0  C9 2A CE F2 A1 D4 4F EA 0A B0 F4 7C F1 BA FE D9  |.*....O....|....|
0000ACD0  FD A3 33 53 3D 7A 07 F5 CB B2 ED 9C DB F1 5A BF  |..3S=z........Z.|
0000ACE0  CF 8C FB B7 9A 3C 7F D7 1A 00 26 4D EE FF C8 B1  |.....<....&M....|
0000ACF0  E8 61 C5 A8 AE F7 36 C8 FD 4D 17 21 F7 37 21 EE  |.a....6..M.!.7!.|
0000AD00  6F E7 EE 56 F5 B4 1B E7 FC FB 47 30 E5 4F 1B FD  |o..V......G0.O..|
0000AD10  D9 FB 88 2D E4 FD 3D 88 2E 5E 13 3C 3E 81 17 15  |...-..=..^.<>...|
0000AD20  41 A5 8A 0F 81 D0 7C D6 4E BB 7E E0 88 5E 5E 13  |A.....|.N.~..^^.|
0000AD30  AD 09 D1 A2 5E DB 42 10 ED A8 F7 3F 91 6E 10 FC  |....^.B....?.n..|
0000AD40  63 29 E4 F9 FC FC EB 0C C8 DE 51 F2 3C F6 F3 29  |c)........Q.<..)|
0000AD50  43 F7 8E E5 F7 3B D3 7B 1D B5 65 DF CE CC 63 8E  |C....;.{..e...c.|
0000AD60  CE E5 78 06 FB 79 2F 6D 43 7E 35 B6 7A 95 1C CD  |..x..y/mC~5.z...|
0000AD70  29 A9 B9 92 CA 0B 34 F0 27 73 05 58 1B F7 8F F4  |).....4.'s.X....|
0000AD80  EB 83 2D 7C B4 6F 2F DD E8 B5 2B DC 7E 3B D6 F5  |..-|.o/...+.~;..|
0000AD90  FE A5 B9 D7 BB 2D 05 EE 8F 73 D8 C3 19 6B 3E 7B  |.....-...s...k>{|
0000ADA0  AF 34 72 1F 82 C1 FC EB C5 21 A6 20 2C 71 0A 9B  |.4r......!. ,q..|
0000ADB0  F0 F3 E9 44 D9 9D 81 A1 C4 EF 21 5E A0 61 2E 8C  |...D......!^.a..|
0000ADC0  00 5C BC A0 88 5E 55 0C 37 53 0F 37 32 57 80 62  |.\...^U.7S.72W.b|
0000ADD0  ED 2D 7F B6 6D 1A F5 69 EC 6D D4 4F B4 F0 B3 93  |.-..m..i.m.O....|
0000ADE0  65 F1 E6 83 74 90 3F E7 73 6E 0D EE 0A 19 B5 5D  |e...t.?.sn.....]|
0000ADF0  4D 26 F7 BF 0B 1F 03 6E 62 96 3E 2E D1 B3 11 64  |M&.....nb.>....d|
0000AE00  32 A0 09 B8 D5 E2 8C 4D 60 FB 96 4C C7 75 AC 7B  |2......M`..L.u.{|
0000AE10  CD 1C F7 77 60 0B 7F B4 E3 7B 18 15 F6 22 F1 FF  |...w`....{..."..|
0000AE20  04 E9 AB A0 20 1C 52 65 51 A0 6A 3F B9 2B C0 5A  |.... .ReQ.j?.+.Z|
0000AE30  33 B7 D8 A9 21 BD A2 3C 76 66 0F 2D EF B2 2D 0A  |3...!..<vf.-..-.|
0000AE40  72 8B 6C F8 AD A2 0E 43 F3 69 4E D9 CF C7 E0 FE  |r.l....C.iN.....|
0000AE50  D5 06 F7 E7 15 67 FC 11 78 FF 65 26 2D CD 91 C4  |.....g..x.e&-...|
0000AE60  FD 55 78 A3 B7 14 C6 FD 7C 24 30 8C B8 1F 7D 5A  |.Ux.....|$0...}Z|
0000AE70  83 6C 3D 49 DD FE 15 7C 4A 38 E4 93 45 2F 8F 5C  |.l=I...|J8..E/.\|
0000AE80  DD 24 3E D7 2B 0B 1E 19 ED FD D2 2B 84 90 15 20  |.$>.+......+... |
0000AE90  E6 5A 7B 05 57 55 CD 4C EC D3 07 A7 E0 6F 4A FF  |.Z{.WU.L.....oJ.|
0000AEA0  F6 44 AE D7 8E 15 4E AB EB 8C B8 BF 25 05 EE 57  |.D....N.....%..W|
0000AEB0  1C F3 DC DF 96 B9 8D 45 DC 9F 51 BC 09 3C 71 EE  |.......E..Q..<q.|
0000AEC0  19 AE 36 59 F3 19 46 29 FE 81 2E 3A F7 49 57 7E  |..6Y..F)...:.IW~|
0000AED0  91 10 AE A5 41 3F D9 2B C0 D2 F3 CD B6 4D C7 9A  |....A?.+.....M..|
0000AEE0  7B 66 A6 AA E9 D0 DA 16 39 8A 1D F7 7A D7 9B 9A  |{f......9...z...|
0000AEF0  CF 6E 93 FB 51 AA C0 3F 9A F9 3D 8D 8B D4 76 FD  |.n..Q..?..=...v.|
0000AF00  EA 61 00 B2 77 00 70 1B D6 7C 0A D8 26 5E 76 16  |.a..w.p..|..&^v.|
0000AF10  67 6C 06 DB 4B 66 D8 2A D6 EC DB 15 6C C0 1A CF  |gl..Kf.*....l...|
0000AF20  14 BC 09 D0 B9 9F 87 24 F2 4E C1 4D 6B BA C8 05  |.......$.N.Mk...|
0000AF30  9C 7E 4B CF A7 8F 0E 43 E2 87 41 3F 1D 5A 62 E6  |.~K....C..A?.Zb.|
0000AF40  DC 1A DC CF 18 44 DF 9A 14 F7 CF 38 3E FD 98 2A  |.....D.....8>..*|
0000AF50  E9 0F F4 7E C8 FD 1B 20 F7 2F 73 FC 98 49 68 3E  |...~... ./s..Ih>|
0000AF60  93 38 F4 EF 83 F4 4F E7 7E 1E A2 24 A8 E1 52 EA  |.8....O.~..$..R.|
0000AF70  E0 49 F4 0A B0 96 FB 3B 0E C1 D0 9F 26 78 92 34  |.I.....;....&x.4|
0000AF80  E7 D6 E0 8B 35 46 DC BF 3F 05 CD E7 17 BF 61 51  |....5F..?.....aQ|
0000AF90  BF 5E CC FD BB 0D EE 7F B8 38 E3 11 F0 84 F3 15  |.^.......8......|
0000AFA0  E6 7A 66 B9 19 F7 1F 47 5E 9D C1 10 1F 09 B6 1A  |.zf....G^.......|
0000AFB0  15 BE AD E8 4E 10 C0 95 5E C8 E8 6D 2A 12 AC 23  |....N...^..m*..#|
0000AFC0  6F 15 A8 92 8B 77 FA 15 85 77 AA 42 AE E0 F1 C9  |o....w...w.B....|
0000AFD0  1E 2F BD 34 C8 5A 01 4E 6B F3 9E 61 DC 1F 6B 69  |./.4.Z.Nk..a..ki|
0000AFE0  43 1E CE 03 D4 D6 C1 AE 71 7F A1 1D F5 7E DD D4  |C.......q....~..|
0000AFF0  FB DB 53 DF EB 7D 0A 71 7F 8B A1 F7 AB 19 C5 2F  |..S..}.q......./|
0000B000  32 BF 70 DE BE FD B5 C4 5E 2F 6A D0 08 83 7E AA  |2.p.....^/j...~.|
0000B010  42 5E 8D 42 41 15 3C 30 F0 C7 3B BD 74 38 C8 5C  |B^.BA.<0..;.t8.\|
0000B020  01 56 73 3F 0C FA 67 03 47 E8 D0 12 33 E7 D6 E0  |.Vs?..g.G...3...|
0000B030  F1 6A 83 FB 3B 3E 63 9E 8F 66 E6 F9 64 14 3F 02  |.j..;>c..f..d.?.|
0000B040  DE 17 CE 71 17 1D 59 26 F7 1F 34 02 7C 18 F0 EF  |...q..Y&..4.|...|
0000B050  31 1F 02 02 D3 74 15 08 02 5F E8 45 66 3E 85 AA  |1....t..._.Ef>..|
0000B060  E4 A3 AA 3F 89 3C E0 B5 B6 B0 43 9F 38 14 0B 8D  |...?.<....C.8...|
0000B070  47 F7 9E 9C DD 3F AA 77 B4 D0 01 B6 E3 9C DB 32  |G....?.w.......2|
0000B080  EE AF E1 8C D7 AE D4 7B B7 00 E4 DD D0 92 29 A0  |.......{......).|
0000B090  B8 9F 4D FE DC E0 7E 6C E2 16 EC 83 DC 5F 67 64  |..M...~l....._gd|
0000B0A0  FC D0 25 00 51 24 2B 02 EF F1 16 D1 04 7F 82 57  |..%.Q$+........W|
0000B0B0  80 A5 E7 8B 4D A2 B8 3F 3E 30 11 6B EE A1 A3 6B  |....M..?>0.k...k|
0000B0C0  D3 39 57 EC 98 DF 7F 57 A5 11 F7 77 A7 CE FD 0A  |.9W....W...w....|
0000B0D0  8A FB 9B 78 54 08 B6 05 72 FF 23 D7 DD 14 BA 5D  |...xT...r.#....]|
0000B0E0  03 A0 DD ED 00 86 7F 7F 60 1C 86 FA 58 D8 3F 86  |........`...X.?.|
0000B0F0  13 7E 06 71 03 77 A3 93 17 6A E8 C2 EB B5 7B 62  |.~.q.w...j....{b|
0000B100  A7 C8 6A DF 5B A0 F0 2E 29 47 F0 2B 3E 5E 11 7C  |..j.[...)G.+>^.||
0000B110  B2 47 28 90 50 A9 17 BD 3C C8 59 01 2E 8B 7D 3C  |.G(.P...<.Y...}<|
0000B120  BB 7A F5 B1 AA 78 69 4B 7C 64 FF EC 64 5B FC 64  |.z...xiK|d..d[.d|
0000B130  17 0F EF 05 33 63 A5 B1 B3 75 D1 61 DA BB FD F3  |....3c...u.a....|
0000B140  38 E7 D6 60 B9 C9 FD AF A4 CE FD 2F DC 8D F2 7C  |8..`......./...||
0000B150  BE 8A B8 DF 05 B9 DF C3 3E CE BE F4 D4 7C CF C6  |........>....|..|
0000B160  2A AC F7 EF C3 9E 0E B4 99 50 02 48 E7 E7 7D 6E  |*........P.H..}n|
0000B170  89 D7 7C AA D7 93 6B 4F 63 6F 8A FF 83 80 13 6F  |..|...kOco.....o|
0000B180  6D DC 1F 1A 47 5C 7F A6 4F 1F 6C 99 39 D3 40 07  |m...G\..O.l.9.@.|
0000B190  D8 86 F0 A9 76 D4 7C BE 6E FA F9 BC FA 19 34 9F  |....v.|.n.....4.|
0000B1A0  9B D1 AF 7B D1 F1 8F FF 81 E6 43 F1 29 DC AF A1  |...{......C.)...|
0000B1B0  8E ED BC DB 2F 78 44 61 1B CD F3 A1 A0 B8 EA 1A  |..../xDa........|
0000B1C0  D1 DC 74 10 FE 2F E0 21 B3 B6 EB D2 67 DC EB 6D  |..t../.!....g..m|
0000B1D0  98 DB EB FD 32 78 9F 59 9F D6 C4 19 79 3E A2 4A  |....2x.Y....y>.J|
0000B1E0  1D 3C 17 E3 7E 89 77 49 BC 2A E5 0A 3E 41 43 B9  |.<..~.wI.*..>AC.|
0000B1F0  9E 9A AC D0 81 21 67 05 58 7C 65 D0 2B CD FE 28  |.....!g.X|e.+..(|
0000B200  10 ED 98 D3 F7 57 F5 06 F7 FF 3C 75 EE BF F3 1E  |.....W....<u....|
0000B210  C8 FD 6F 5D 11 D8 0F EF 39 A5 01 B1 97 79 8F 39  |..o]....9....y.9|
0000B220  CA 79 80 E9 E1 8C FC FB 1B B0 C0 DF CF 0B 74 75  |.y............tu|
0000B230  CE 5D A9 12 AF 09 4E C1 25 29 0A DD ED 25 12 9A  |.]....N.%)...%..|
0000B240  C5 57 43 BC E1 68 AC B9 47 3F 3B 8A 9C 9C E3 CD  |.WC..h..G?;.....|
0000B250  07 69 BB F6 CF FF 9C 5B 83 7F 5E 6E 14 F1 BE 97  |.i.....[..^n....|
0000B260  02 F7 0F A6 1B 71 FF 46 A4 F7 37 20 CD 87 17 C1  |.....q.F..7 ....|
0000B270  8E 6C B0 7D CB F6 CC 6A E0 9E D3 FB 03 DD 78 A3  |.l.}...j......x.|
0000B280  77 88 57 B7 D2 E9 37 E1 F6 E4 F3 AA 9C 27 E5 D3  |w.W...7......'..|
0000B290  ED 5D 42 A1 E6 E5 5B 7A 3E 7D FF D9 68 69 1F 1F  |.]B...[z>}..hi..|
0000B2A0  9B E8 A4 AC 6F 57 F8 DC 7E 1B 7E AB CD 66 EF 96  |....oW..~.~..f..|
0000B2B0  48 0A DC 3F DB 8D B9 7F 2D EE DD 52 87 B8 FF DF  |H..?....-..R....|
0000B2C0  6F 76 A6 0F 3A 1A 73 22 99 17 99 2C 33 EE EF C1  |ov..:.s"...,3...|
0000B2D0  8D 7A 51 19 2F EF A4 DC 9F 40 61 8E C8 8B 5A BE  |.zQ./....@a...Z.|
0000B2E0  C0 6B DE 1C EA EA 43 E4 93 9F A6 59 CB FD 47 4B  |.k....C....Y..GK|
0000B2F0  A3 ED E3 34 E2 B7 33 B6 CA B9 36 FC 56 0F 9B 7B  |...4..3...6.V..{|
0000B300  BD D1 CF B0 D7 BB 01 FD DA 89 8E FF 24 B1 D7 CB  |............$...|
0000B310  A3 5F 74 AF F7 53 E2 7E A1 D0 2B 29 BC 53 5A 2F  |._t..S.~..+).SZ/|
0000B320  A9 BC E6 96 68 A2 3F 71 2B C0 A9 D1 41 A0 B0 01  |....h.?q+...A...|
0000B330  1E AA 32 B8 FF 97 90 FB 7F 0A 1F 01 AE C0 9F 77  |..2............w|
0000B340  4C 2F B7 E0 22 3E 9E 8F 7D D1 F0 F1 C4 5E 6E FC  |L/..">..}....^n.|
0000B350  93 6C 43 96 E0 5C B7 56 02 DB B7 88 6C 3A 9B 65  |.lC..\.V....l:.e|
0000B360  F6 EB ED C1 4E FD C7 60 DC 4F 47 39 29 EA 13 78  |....N..`.OG9)..x|
0000B370  BF 47 0E 37 7B CC B6 BD 39 D4 D8 81 B8 15 60 ED  |.G.7{...9.....`.|
0000B380  F3 BF 7E E0 48 BC FE 74 BC B4 45 6F A8 A2 A3 6B  |..~.H..t..Eo...k|
0000B390  4F 68 39 76 D4 FB B7 54 19 7B BD BF 4A 8A FB 3B  |Oh9v...T.{..J..;|
0000B3A0  96 7F FA 31 2F DD 84 35 1F 05 ED F5 36 DC 29 B0  |...1/..5....6.).|
0000B3B0  CD D9 05 79 6B D7 8D 38 7E E2 F8 0E 5B 01 12 3E  |...yk..8~...[..>|
0000B3C0  9E C7 70 AF 96 93 B8 4B CB 38 9D FE C4 95 EF E2  |..p....K.8......|
0000B3D0  BD EB DD 72 6E AE EC A1 E1 1F 91 F0 BA 65 6B B9  |...rn........ek.|
0000B3E0  BF BB 5B 1F DB 35 5B D9 18 6D 1D A0 A3 4B 71 ED  |..[..5[..m...Kq.|
0000B3F0  F8 5B 33 C7 F3 A3 24 EE AF 5F 82 FB CF E3 BD DE  |.[3...$.._......|
0000B400  12 E5 E6 04 F7 6F 2A 50 C1 BA 3F E5 DE BE 70 81  |.....o*P..?...p.|
0000B410  E1 18 F7 EA B9 3C 9F A1 48 B0 02 AB FE 9D 91 C0  |.....<..H.......|
0000B420  30 1F 09 0E E0 8F 4A 0C 67 E7 48 80 44 DB 41 C8  |0.....J.g.H.D.A.|
0000B430  FD 28 E0 97 85 5C 2F BF 55 F0 B8 24 55 52 E9 4D  |.(...\/.U..$UR.M|
0000B440  80 A8 18 D0 E2 CD 2F 18 F7 EB 07 06 51 EB AE E6  |....../.....Q...|
0000B450  EE E8 48 69 74 E4 58 BC A4 9C 0E 33 C5 92 98 32  |..Hit.X....3...2|
0000B460  73 3C 7F 9D 72 8E 67 89 92 35 1F F7 AB 6B D7 9D  |s<..r.g..5...k..|
0000B470  62 B6 A6 C5 9E 7A 23 11 F7 A3 EC CE 83 D8 BB 01  |b....z#.........|
0000B480  D2 FF 38 8F 1F 02 4E 44 02 A7 48 8F FB 51 6D 97  |..8...ND..H..Qm.|
0000B490  4B 42 C5 5D 92 C6 CB 8F FA E1 1F 2A FB 90 04 38  |KB.].......*...8|
0000B4A0  E1 96 9E 6F 66 AA 5A 3F 3C A1 97 D7 CC 9C 69 8E  |...of.Z?<.....i.|
0000B4B0  07 A8 87 03 C5 B5 E2 6F CC B8 FF 5F 4C EE FF 38  |.......o..._L..8|
0000B4C0  7D 69 CD 67 D7 0A B0 73 F5 7A 20 DF 98 E0 FE 2C  |}i.g...s.z ....,|
0000B4D0  C4 FD C3 EC 1B 39 51 76 0D B3 08 F7 23 57 B7 C0  |.....9Qv....#W..|
0000B4E0  24 76 F4 9C 22 D8 DA D9 E4 FE 79 FA 57 04 5E 83  |$v..".....y.W.^.|
0000B4F0  C1 BF 87 E6 FC 10 02 45 B0 F6 39 2F 5A 13 42 ED  |.......E..9/Z.B.|
0000B500  5B F6 8F C6 26 86 28 FD 53 5C 3B FE CD 8C FB 3F  |[...&.(.S\;....?|
0000B510  4E 21 EE FF AD 88 F6 7A 4B F2 36 60 EE 7F 86 6D  |N!.....zK.6`...m|
0000B520  BE 07 E9 FD 12 E7 09 97 70 6E 70 D4 D0 7C 90 C0  |........pnp..|..|
0000B530  53 8A 5D FC E9 0E 54 32 F7 BB 90 97 83 E8 96 0B  |S.]...T2........|
0000B540  05 1F 75 73 20 11 70 FA 2D 3D 1F 2A EC EA AE D4  |..us .p.-=.*....|
0000B550  C7 76 47 43 6D 74 74 29 AE 1D 53 66 DC FF 5F 4D  |.vGCmtt)..Sf.._M|
0000B560  EE 6F 5F BE B4 DE 8F 30 E7 E9 80 E2 7E A0 40 EE  |.o_....0....~.@.|
0000B570  7F 10 FC DD 6B 2E CE C3 24 7A B5 CF E7 F9 98 41  |....k...$z.....A|
0000B580  7F 7F 22 E8 EF 23 9B FB CD 3C 1F 18 F0 8B 82 22  |.."..#...<....."|
0000B590  A9 34 E0 27 0B 7E C5 DA 9C 5E 14 F7 D7 76 C4 EB  |.4.'.~...^...v..|
0000B5A0  4E 21 27 67 9A ED 43 71 CD F8 92 D9 AF F7 37 29  |N!'g..Cq......7)|
0000B5B0  C4 FD 97 96 63 EE 77 23 EE DF 6B EE F5 AE 5D F7  |....c.w#..k...].|
0000B5C0  00 FB 13 B1 87 CD 65 2E 2E 5F 58 EF EF C4 1B BD  |......e.._X.....|
0000B5D0  55 D8 C4 B9 03 15 7D 61 8B 67 E2 B8 FF F7 35 1F  |U.....}a.g....5.|
0000B5E0  C1 E3 F3 E6 08 B9 82 46 3B B9 90 01 38 E1 96 9E  |.......F;...8...|
0000B5F0  4F 3F 19 82 11 7F 74 68 B7 5E DD 1E 6D 1D A0 ED  |O?....th.^..m...|
0000B600  5B 28 AE 11 7F 6F 7A 38 7F 92 C4 FD F1 25 7A B5  |[(...oz8.....%z.|
0000B610  CF DC 61 E4 78 DE 7C 55 8E E7 29 E6 C7 CB 75 AE  |..a.x.|U..)...u.|
0000B620  20 11 F7 23 B5 07 F3 BB 91 EA 43 68 7B DE 85 E2  | ..#......Ch{...|
0000B630  FE 42 18 ED 6B B4 51 2F A9 80 D3 6F 2D F7 8F ED  |.B..k.Q/...o-...|
0000B640  46 41 7F EB 00 6D D9 4B 91 12 FE A7 A9 F7 FF 6B  |FA...m.K.......k|
0000B650  0A DC FF 09 83 F7 7A DD 88 FB DB E6 F2 7C CE 3A  |......z......|.:|
0000B660  F2 2A 2A 98 1B 18 F7 F2 24 CD 27 B8 17 FB F7 8F  |.**.....$.'.....|
0000B670  46 82 25 3C 7C 14 80 E1 FF 10 4E F8 9F 44 9D 1C  |F.%<|.....N..D..|
0000B680  E1 C7 C4 D5 7E 19 9A 4F 91 A4 6A B2 4B 70 F1 A2  |....~..O..j.Kp..|
0000B690  D7 23 4A 85 22 12 81 E8 5A 24 03 7E 97 B5 9A 8F  |.#J."...Z$.~....|
0000B6A0  3E 31 AA 77 1C 8A EE 3D 19 EF 9E 8E 4D 97 A2 56  |>1.w...=....M..V|
0000B6B0  2E 27 68 03 2F 8A A5 B1 C2 EC D5 FE BB 14 34 9F  |.'h./.........4.|
0000B6C0  E2 15 38 EE CF BB 79 5E EF 87 DC 3F C0 BC 9D 76  |..8...y^...?...v|
0000B6D0  17 AB 80 44 7E 3F 24 F9 56 1C FA 8F 40 FA A7 03  |...D~?$.V...@...|
0000B6E0  3D CF FD A2 D7 A9 4A 9A 40 7D 9B 09 5D 01 9A C5  |=.....J.@}..]...|
0000B6F0  3D 1B 7B 1B F5 B1 20 CA F3 19 EE A4 A3 4B 71 ED  |=.{... ......Kq.|
0000B700  D8 65 C6 FD 9B 56 5C FB 31 6D 25 69 2B DB 2B 98  |.e...V\.1m%i+.+.|
0000B710  17 6E 81 DC DF D9 26 73 97 5F BA EF 6E 67 FA 59  |.n....&s._..ng.Y|
0000B720  76 2A 50 C6 86 18 77 BA A1 F9 D4 E3 2A AE 29 2C  |v*P...w.....*.),|
0000B730  FB EC 4E C8 3E FD 91 60 88 68 6B 37 B7 DF E5 82  |..N.>..`.hk7....|
0000B740  41 7F 8E 2C 29 2E DE E7 DD EA E1 05 EA E7 43 DA  |A..,).........C.|
0000B750  0A B0 36 EE 6F AE D2 CF 8E 22 CD A7 FE B4 3E D8  |..6.o...."....>.|
0000B760  02 DF 53 5F B7 CF FB 9C 5B 83 D7 4D 3F 9F 07 56  |..S_....[..M?..V|
0000B770  CC C7 F4 13 D7 7D FA 31 65 9C 91 DF 8F 3C 9C 3F  |.....}.1e....<.?|
0000B780  BC 28 B3 33 59 8D 62 C6 AA 2D 8E EC 65 65 AC 87  |.(.3Y.b..-..ee..|
0000B790  71 1B 7E 3E 68 57 77 08 EF F8 F6 D1 B9 BF 2A EE  |q.~>hWw.......*.|
0000B7A0  F7 79 3D 2E 49 A1 3B BB 84 02 4E BF A5 E7 9B 2D  |.y=.I.;...N....-|
0000B7B0  D9 87 B8 BF 26 44 87 96 98 39 B7 06 CF 99 3E 9E  |....&D...9....>.|
0000B7C0  0F A6 10 F7 23 2F 37 C8 FD 5B 50 5D 6F DE 15 06  |....#/7..[P]o...|
0000B7D0  7C 08 06 C5 EB C5 61 C6 1B 3C CF 55 B2 89 DA AE  ||.....a..<.U....|
0000B7E0  7E 1C F4 0F F3 B4 AD D0 EF 71 BF E2 CF A5 DB BC  |~........q......|
0000B7F0  E4 02 4E BF B5 71 7F 6D 67 B4 AA 8A FA F7 93 34  |..N..q.mg......4|
0000B800  E7 D6 E0 79 93 FB 1F 5A 91 DA 71 90 FB 9F 5F 03  |...y...Z..q..._.|
0000B810  B9 5F BB 22 B3 90 FB F3 5D E2 65 E6 CD 97 DB D9  |._."....].e.....|
0000B820  D7 D8 44 9E CF 61 6C DB 33 34 BF CB 7B 14 6F 00  |..D..al.34..{.o.|
0000B830  9C E0 55 92 B7 35 21 F7 17 C8 AA E0 71 85 43 D4  |..U..5!.....q.C.|
0000B840  C6 87 48 C0 E9 B7 96 FB 0F 07 F5 B1 60 EC CC 9E  |..H.........`...|
0000B850  E8 E9 A1 D8 EE 96 D8 A9 21 BD 7C 30 7E F6 2C 3F  |........!.|0~.,?|
0000B860  3B D9 08 6F 08 74 C0 3F 87 73 6E 0D A6 76 19 DC  |;..o.t.?.sn..v..|
0000B870  FF 70 0A DC 5F F5 26 0B DA 2B 18 F9 36 C8 FD BF  |.p.._.&..+..6...|
0000B880  BA 3C C2 45 33 F7 DE 9F F1 FC 69 D6 E3 BA 93 4B  |.<.E3.....i....K|
0000B890  07 47 97 1B 1E CE 03 88 FB 91 D8 5F 87 85 7F BA  |.G........._....|
0000B8A0  DD 8B 91 23 F2 F9 AA A0 79 BC 2E 41 A5 A3 41 22  |...#....y..A..A"|
0000B8B0  F2 2D AE E6 D3 CB 6B A2 35 21 A4 F7 0F 4C 40 CA  |.-....k.5!...L@.|
0000B8C0  D7 07 69 7E FF E7 7E CE AD 41 66 9D C1 FD 8F A4  |..i~..~..Af.....|
0000B8D0  1E F7 7F EF 6B 90 FB 2F BF 75 1F 17 07 ED F9 CE  |....k../.u......|
0000B8E0  D0 58 DA 83 BB 5C DC AB 4C D6 1A 43 EF 2F 31 F5  |.X...\..L..C./1.|
0000B8F0  7E BC CB 4B A7 DF 84 CB EF 71 49 12 ED D7 42 F0  |~..K.....qI...B.|
0000B900  0A B0 78 EE 67 03 CD F1 E9 63 74 5C 6D 3D E7 2E  |..x.g....ct\m=..|
0000B910  3B A6 B7 EC 35 35 9F 3F 49 81 FB CF 31 D8 C7 F3  |;...55.?I...1...|
0000B920  B9 8D 09 EE 3F D7 91 9F EE DC C8 0D D7 F5 70 AF  |....?.........p.|
0000B930  01 B7 C9 FD 27 8C 72 DE 7E 9C E9 6F BA 39 D3 55  |....'.r.~..o.9.U|
0000B940  A0 7A 35 8D 17 BD 7E 8F 6F 1B BD 01 90 BA 02 2C  |.z5...~.o......,|
0000B950  3D 1F 52 7B 5A 07 66 83 1D 74 68 89 99 73 6B F0  |=.R{Z.f..th..sk.|
0000B960  3B 33 EE 17 92 B8 FF E4 12 C7 5C D8 88 B9 9F BF  |;3........\.....|
0000B970  09 72 FF 2B 3F 12 B8 B3 3D BF 75 AE FC 61 26 97  |.r.+?...=.u..a&.|
0000B980  1D 3C 9F F6 63 26 2B DD D0 7C FA B1 E0 D3 8E 0A  |.<..c&+..|......|
0000B990  7C 51 6D 17 E5 7D E3 E9 4F D0 E4 82 42 E1 C2 21  ||Qm..}..O...B..!|
0000B9A0  81 D7 F2 E9 70 90 B9 02 2C 3D 9F 5E DB 81 AC 1C  |....p...,=.^....|
0000B9B0  C6 76 C7 1B 8E D2 D1 25 63 CE AD C1 C5 7A 83 FB  |.v.....%c....z..|
0000B9C0  35 C8 FD 1B 33 8C CF 6E 35 5F 7F 9A 36 FF FF 12  |5...3..n5_..6...|
0000B9D0  9F 79 57 C3 FF B7 0E 73 FF 2A A4 F7 37 B9 DD 6C  |.yW....s.*..7..l|
0000B9E0  A6 D2 E0 2E AE 11 D2 94 0B A5 5C BA 19 F7 6B 62  |..........\...kb|
0000B9F0  2E 8F 98 7F DE C6 07 59 BA C1 27 80 6A E4 E4 0F  |.......Y..'.j...|
0000BA00  1F 02 82 C1 48 90 C0 B4 34 34 2E 05 7E C1 93 EB  |....H...44..~...|
0000BA10  73 7B 3D B9 A8 C6 D7 27 B9 E8 C5 41 10 FE 37 7B  |s{=....'...A..7{|
0000BA20  5F 03 1D C5 75 A5 F9 BA BA F9 11 60 0C 06 C1 26  |_...u......`...&|
0000BA30  B1 B3 15 1B C7 8A 0D B6 30 B6 81 E0 C4 54 57 57  |........0....TWW|
0000BA40  77 97 D4 5D D5 54 75 8B A0 B1 33 FE 21 19 4F 3C  |w..].Tu...3.!.O<|
0000BA50  1B 3B 4E 48 32 4E C8 4A DD E8 5F 02 84 84 10 E2  |.;NH2N.J.._.....|
0000BA60  4F 12 92 40 FC 49 20 61 FD 82 6C 64 6C 12 93 2C  |O..@.I a..ldl..,|
0000BA70  99 C4 83 93 F1 D9 71 D2 AA EE 56 E2 64 32 BB 7B  |......q...V.d2.{|
0000BA80  CE E6 6C 66 B3 5B EF 55 B5 24 1C 01 6E 4E CD 9E  |..lf.[.U.$..nN..|
0000BA90  5A BF FB 1D AB BB 25 5C 75 FA DC 7B EB AB 5B F7  |Z.....%\u..{..[.|
0000BAA0  DD F7 DD 60 D8 5A FD FE D4 AE BD E3 45 4D A9 62  |...`.Z......EM.b|
0000BAB0  28 F3 03 32 C3 7E 83 FA 49 5F 3F C6 A6 C5 08 D5  |(..2.~..I_?.....|
0000BAC0  9A 3A 9E E3 D7 D1 76 D8 7A C7 A4 96 5B 63 0E C7  |.:....v.z...[c..|
0000BAD0  D4 E7 6E C8 5B F2 CA 1A 57 D8 B5 CD F9 76 7A AD  |..n.[...W....vz.|
0000BAE0  F7 1A 2D 37 63 63 D7 7E 43 CC 93 EA DA 24 A7 CA  |..-7cc.~C....$..|
0000BAF0  BC C8 11 11 07 53 CF 4D 2C 90 B1 A0 A7 08 B1 48  |.....S.M,......H|
0000BB00  07 78 AB F5 7C 6A 5A B4 F2 4E 50 EE A7 C9 E7 D6  |.x..|jZ..NP.....|
0000BB10  20 5E 65 90 FF 5F 99 DC FF CC 9C EB 73 FE 54 E0  | ^e.._......s.T.|
0000BB20  FE 7E AC E9 B0 77 82 FB EF 65 7E 11 BB CF D5 34  |.~...w...e~....4|
0000BB30  51 EF 9F 96 FB 71 01 68 80 66 49 FF E9 B9 3F C4  |Q....q.h.fI...?.|
0000BB40  A9 A0 E6 4F 09 42 56 D7 7C FA 77 27 1A BA 12 15  |...O.BV.|.w'....|
0000BB50  8D 40 FF D4 F8 DC 1A E4 98 35 9F 27 33 EF F3 F9  |.@.......5.'3...|
0000BB60  2A 99 D9 98 E3 40 F5 28 A4 A0 57 24 A6 E0 C2 B3  |*....@.(..W$....|
0000BB70  8E AA 34 F7 E3 76 FE 9E 78 AC 0E AB 35 63 E2 87  |..4..v..x...5c..|
0000BB80  6D 87 04 82 54 20 FA 38 8F 0C 0B BD 14 47 80 A5  |m...T .8.....G..|
0000BB90  E7 4B 14 77 26 87 7A B5 CA 66 AD AD 09 AC 4B 87  |.K.w&.z..f....K.|
0000BBA0  CF AD C1 5B 66 DE FF 54 C6 DC 5F 74 D7 0A 92 F7  |...[f..T.._t....|
0000BBB0  FF AB C3 C8 FB 1F 66 7E E1 F4 33 BB 27 F2 FE 63  |......f~..3.'..c|
0000BBC0  44 A4 B3 26 1E ED 8E C7 4E 82 FB 4D 28 A2 2C 09  |D..&....N..M(.,.|
0000BBD0  3E 45 66 47 8B 7D 11 31 C0 A9 AC 47 56 38 0F 07  |>EfG.}.1...GV8..|
0000BBE0  1B BD 28 8A 00 4B CF 37 5E 56 AD B5 B7 6B A5 25  |..(..K.7^V...k.%|
0000BBF0  89 E6 E1 E4 B9 3D E3 65 B5 E3 03 DD 60 E6 8F B5  |.....=.e....`...|
0000BC00  CF AD 41 55 8D C1 FD 5F CE 3C EF 0F 5C CB FD CB  |..AU..._.<..\...|
0000BC10  99 F0 CC 12 57 05 BA 64 EA F9 74 92 AD BC D1 93  |....W..d..t.....|
0000BC20  86 A4 1B F8 DF 00 D6 74 E0 58 61 43 04 4B 38 83  |.......t.XaC.K8.|
0000BC30  39 68 CC 01 2D 9E D5 9E E8 69 D5 EA DA B1 74 73  |9h..-....i....ts|
0000BC40  C9 09 6D A0 07 0C 6C 43 B8 7D 76 CC FB C7 CD 9A  |..m...lC.}v.....|
0000BC50  CF 5F 7F 04 EE FF DF 8B AF C9 FB 03 78 AD F7 4A  |._..........x..J|
0000BC60  CE 33 4C 3D 8B B9 FF 0B CC A6 0B 0E 57 08 A5 B5  |.3L=........W...|
0000BC70  DC 6A 49 77 0F C9 FE A3 23 C6 B8 F6 FD F1 58 5B  |.jIw....#.....X[|
0000BC80  3C 4A F5 0E DF 10 17 D6 93 80 B0 9E EF BB E5 4D  |<J.............M|
0000BC90  1C 3F 5A 0C 17 06 7D 11 60 E9 F9 B4 FE DD C9 8A  |.?Z...}.`.......|
0000BCA0  01 33 FB 3F D0 91 68 E8 02 1B DB 8E FB 37 D9 B1  |.3.?..h......7..|
0000BCB0  C2 EB 32 FB FB F1 1A EF EF 66 23 B4 36 6B F2 3E  |..2......f#.6k.>|
0000BCC0  F0 1B D7 0D F3 7E 32 AF 37 BD D6 8B 5E B9 1F 3D  |.....~2.7...^..=|
0000BCD0  7D E1 2B 2E 25 BD AF 17 CB F6 F7 E8 AC CF 12 05  |}.+.%...........|
0000BCE0  E7 23 E0 7F 33 EF C7 33 1B 45 C9 23 84 04 C9 23  |.#..3..3.E.#...#|
0000BCF0  0A 52 58 60 55 4E 0A 73 AC 57 00 E3 50 01 D5 62  |.RX`UN.s.W..P..b|
0000BD00  4F 6B FB 0F 6B 2D F5 A9 1D B0 CA 4B 8F CF AD 41  |Ok..k-.....K...A|
0000BD10  96 39 B3 F1 D9 39 19 1F FA C5 07 74 EE 47 F7 E3  |.9...9.....t.G..|
0000BD20  7B 47 98 41 E8 0B CC 93 CC FB 9B F1 B4 77 43 CB  |{G.A.........wC.|
0000BD30  6D 2F 59 EB DD 49 DA 3A F5 0F 07 20 02 48 06 C0  |m/Y..I.:... .H..|
0000BD40  29 BC 10 90 25 8E 55 61 B1 97 CE 08 B0 D8 F1 89  |)...%.Ua........|
0000BD50  FD 27 B4 BE 5E AD EB 90 76 A4 34 D1 03 DA 6D B6  |.'..^...v.4...m.|
0000BD60  F4 B9 64 47 31 E3 DB 4D EE 7F 2E 73 EE F7 2F BF  |..dG1..M...s../.|
0000BD70  86 FB 1F 61 7E E2 42 5F 9D E0 7E 73 38 E3 08 A9  |...a~.B_..~s8...|
0000BD80  F8 EF 01 15 7F 13 D7 A6 FC 1E 21 C0 16 70 81 00  |..........!..p..|
0000BD90  E4 FC 14 45 80 C7 DA DA 2F 99 D9 58 AF 1D 1A 4C  |...E..../..X...L|
0000BDA0  EC 3D 05 2A FE 36 7D DA DF 10 B2 E1 B7 7A C0 D4  |.=.*.6}......z..|
0000BDB0  F3 79 29 73 EE 47 8B F0 CB 83 F8 F8 27 99 A9 7F  |.y)s.G......'...|
0000BDC0  9F 07 CE BE 2E B8 4D 1C 1F E1 FD D0 E3 49 73 04  |......M......Is.|
0000BDD0  80 11 00 36 C0 2A 93 FB 5F BE 05 EE 7F 00 B8 3F  |...6.*.._......?|
0000BDE0  63 78 DD 3C 1B 14 02 3E 50 70 A6 15 BA F7 C1 08  |cx.<...>Pp......|
0000BDF0  00 1B 20 D7 E4 FE 6F DE 02 F7 2F 07 EE CF FC E9  |.. ...o.../.....|
0000BE00  2F A2 F2 90 F4 53 1E 01 60 04 80 0D D0 6D F6 78  |/....S..`....m.x|
0000BE10  7E 6B 0A F7 FF CB EC 9B 1F 87 35 1D 70 9F CF CE  |~k........5.p...|
0000BE20  07 39 66 4F CE 53 CA 2B 4B 5A 1D 3F E3 97 CD DC  |.9fO.S.+KZ.?....|
0000BE30  31 B1 AF 77 80 68 3A 0C C7 63 DB 8C EE CE 61 2C  |1..w.h:..c....a,|
0000BE40  E2 16 1D A4 DC DE 2A 96 71 C0 FD 9D 2A CB A9 44  |......*.q...*..D|
0000BE50  DF 21 2C CA 12 C4 21 45 11 E0 B6 B6 E6 63 48 39  |.!,...!E.....cH9|
0000BE60  24 EB 0F 81 69 01 19 E1 51 33 EF FF 36 D4 FB FF  |$...i...Q3..6...|
0000BE70  9F 20 22 89 05 82 A2 E2 9D 5D 2C 3F 5A A1 72 8A  |. "......],?Z.r.|
0000BE80  B1 D8 9B 07 72 3E B4 44 00 5F 00 46 00 D8 00 0F  |....r>.D._.F....|
0000BE90  98 7D 3E E5 19 73 7F 91 03 6B 38 33 9F C4 9F BF  |.}>..s...k83....|
0000BEA0  AF FF 3C CE CC BF D0 AA 3F CE 36 FB F1 B6 80 78  |..<.....?.6....x|
0000BEB0  EC 20 4E FD A3 23 24 F5 3F 46 D2 FE 6E 22 F0 B6  |. N..#$.?F..n"..|
0000BEC0  3B 1E ED 24 1A 6F E5 2C 56 78 8E F6 EB AF F4 D8  |;..$.o.,Vx......|
0000BED0  3B 18 60 3D 82 97 8B 04 C2 7A DE 2F C2 AA 1F 7D  |;.`=.....z./...}|
0000BEE0  08 06 2C 9E D9 D8 76 44 EB 2F 4F 15 D7 A7 CE EE  |..,...vD./O.....|
0000BEF0  1B 1F 6A 4C 9D 6A 63 C7 06 9B 12 BD D0 EF FF F1  |..jL.jc.........|
0000BF00  F5 B9 35 38 B1 DD E0 FE AA 5B C8 FB 17 EA 3F 3B  |..58.....[....?;|
0000BF10  3F CB 31 75 28 F0 17 79 7F 3C 56 15 8F B5 93 E9  |?.1u(..y.<V.....|
0000BF20  EC 27 48 B3 E7 10 44 00 06 EF 61 47 6B 23 EE 80  |.'H...D...aGk#..|
0000BF30  20 A9 D0 D8 49 25 A4 88 1B 8C 40 DB 55 1F B0 E3  | ...I%....@.U...|
0000BF40  FA 7E 4B A9 C1 FD 3B 32 E7 FE AF E2 BC FF FD 66  |.~K...;2.......f|
0000BF50  5C F3 C9 75 22 54 3A B3 E1 CD E4 52 9C F7 1B DC  |\..u"T:....R....|
0000BF60  7F 94 64 FC 27 E3 B1 7A 73 80 8B 39 BD BD 0F 8F  |..d.'..zs..9....|
0000BF70  6D D1 3F 47 07 68 8C 02 21 A2 C8 21 81 93 58 3E  |m.?G.h..!..!..X>|
0000BF80  C0 A9 AA C8 C3 BA 1F 75 11 C0 5B CB 03 89 13 47  |.......u..[....G|
0000BF90  F4 24 3F 39 B4 43 2B E9 07 EB D2 E1 73 6B D0 6A  |.$?9.C+.....sk.j|
0000BFA0  72 FF CE CC B9 3F 87 AC F5 2E C3 DC BF 5E CF FB  |r....?.......^..|
0000BFB0  1B 5C 77 BE BD 79 0A F7 77 11 EE 3F 1E 8F 55 00  |.\w..y..w..?..U.|
0000BFC0  EB 4F 62 A3 AC 04 3C 40 FC 14 63 A3 C5 3C 30 D6  |.Ob...<@..c..<0.|
0000BFD0  DF 90 DC 5D 0D DC 4F 93 CF AD C1 C5 72 83 FB EB  |...]..O.....r...|
0000BFE0  4C EE FF 9F 59 FA 7D E0 23 F5 F9 18 5A 6E A4 E6  |L...Y.}.#...Zn..|
0000BFF0  F3 70 50 59 B2 F4 1E 46 12 CB 5C D9 0E FF 82 F4  |.pPY...F..\.....|
0000C000  BE 5E BC A3 B7 C7 18 D7 D5 41 6A 40 B0 E9 10 D7  |.^.......Aj@....|
0000C010  7C 78 79 43 44 0C BA 65 3C B0 D1 03 4B BC D4 45  ||xyCD..e<...K..E|
0000C020  80 BC C1 D2 F3 25 8F D4 8E 97 D5 6A 35 78 6C A3  |.....%.....j5xl.|
0000C030  B6 B3 1C 0C 0C F8 88 E8 40 86 60 5B 7D 06 79 FF  |........@.`[}.y.|
0000C040  95 59 D3 71 7F B7 23 E4 4B 32 73 1D 97 4C EE EF  |.Y.q..#.K2s..L..|
0000C050  22 22 9E 3D 40 FC 1F E2 FE 10 CB 47 14 91 1F AD  |"".=@......G....|
0000C060  03 EE A7 33 02 22 D6 6E EB D3 06 EB C6 CB AA F5  |...3.".n........|
0000C070  3B 00 8C EC 05 64 84 99 3B 8D 1E CF 03 3A F7 C7  |;....d..;....:..|
0000C080  16 21 F4 8F FA AD A0 EA 26 C7 CC 9E 35 A9 E3 D9  |.!......&...5...|
0000C090  C0 6E 60 76 2E E7 F2 96 2E F9 1C FA A7 6D CB 66  |.n`v.........m.f|
0000C0A0  5C 76 98 FA FD B8 C6 6F 14 7C FA E2 B1 3A 30 74  |\v.....o.|...:0t|
0000C0B0  FA CA E7 58 2E E0 91 55 B1 00 06 F4 D2 09 DD FD  |...X...U........|
0000C0C0  96 9E 6F BC 71 44 EB AE D7 DA 9A 52 ED 23 C9 A1  |..o.qD.....R.#..|
0000C0D0  5E 30 B0 0D 11 0C D9 B1 AF 37 60 CE 6A 3F 34 C7  |^0.......7`.j?4.|
0000C0E0  E0 FD 5F E8 3F B1 59 37 3E E6 C4 67 D1 D2 DC 2D  |.._.?.Y7>..g...-|
0000C0F0  06 F7 23 F6 19 CC FD EE 57 96 3C 82 36 AF FF 1B  |..#.....W.<.6...|
0000C100  46 46 FE D9 13 DC 5F 4E 9A 7C C8 BC 5E FC 00 A0  |FF...._N.|..^...|
0000C110  FF 1E 6D 27 0F 04 07 E3 31 4A 87 4C E8 DC 1F 8E  |..m'....1J.L....|
0000C120  F0 91 E0 68 31 6C E8 A2 94 FB C3 D6 CE 6E D1 F6  |...h1l.......n..|
0000C130  9D D7 53 FF C4 BE E1 E4 F1 83 89 CA 22 30 B0 0D  |..S........."0..|
0000C140  11 8E D8 B1 C7 F3 C5 0A 83 FC 5B 75 EE 7F 57 E7  |..........[u..W.|
0000C150  FD 77 F4 9F 6D 37 E1 FE FB 1F 40 48 E7 FE 00 9E  |.w..m7....@H....|
0000C160  D7 5B 3F C1 FD 43 8E F7 98 BB 5D 73 9D 39 59 13  |.[?..C....]s.9Y.|
0000C170  B3 DA B1 70 3F E9 F0 39 CB C6 A3 6D 86 92 FF 40  |...p?..9...m...@|
0000C180  FA 66 D0 47 55 5F FF 04 F7 7B 70 7F BF 20 A9 1C  |.f.GU_...{p.. ..|
0000C190  BB 89 CD 8B A8 61 91 87 2E 7F AA E0 D9 94 67 71  |.....a........gq|
0000C1A0  DE 7F 46 3B DF 32 D6 BF 3D 71 F2 F0 D8 00 54 56  |..F;.2..=q....TV|
0000C1B0  ED 08 6F C0 8E 79 FF 0B E5 06 F7 77 9A F5 FE 54  |..o..y.....w...T|
0000C1C0  D6 CD F3 7E 1D 4B D3 35 9F 46 83 FB F3 5E 59 B2  |...~.K.5.F...^Y.|
0000C1D0  0E FD 8A 8B 39 2F 3B 8E 5E 33 B7 EB 64 3C 56 49  |....9/;.^3..d<VI|
0000C1E0  1A 7E 60 11 2A 9D F7 E3 D1 5D B2 C4 85 A1 D4 4F  |.~`.*....].....O|
0000C1F0  25 FE 7D E6 76 25 CF ED 49 0E F6 24 2A 1A C1 C0  |%.}.v%..I..$*...|
0000C200  76 F4 B9 62 C7 A7 FC D5 66 DE 7F 6C CA 5A 6F E7  |v..b....f..l.Zo.|
0000C210  47 5C F7 C5 1C 8F 70 BD 9F F4 78 4E C2 58 EB 3D  |G\....p...xN.X.=|
0000C220  4B EA FD 87 F0 D0 5E DC ED 03 DC 9F E6 7E 95 53  |K.....^......~.S|
0000C230  82 58 BE 1F B8 9F 4A A8 16 4B B8 26 CE EC 4D 9E  |.X....J..K.&..M.|
0000C240  EE 49 14 77 6A FB CE 83 75 ED 89 BC 88 1D B9 FF  |.I.wj...u.......|
0000C250  BD 1A A3 C7 33 79 FB 47 3F E6 BE 1F CD 44 EF D7  |....3y.G?....D..|
0000C260  6D FB EE FD 7A DE FF 41 E3 45 E7 E5 D7 56 DE E3  |m...z..A.E...V..|
0000C270  CE 7A DC F5 88 2B E6 F4 A0 1C 73 6E 17 91 6F C3  |.z...+....sn..o.|
0000C280  AC 8F C5 1D 58 05 36 33 12 70 5E 9E 75 CB 11 45  |....X.63.p^.u..E|
0000C290  12 82 72 24 EC 07 83 50 07 DD FB 96 9E 6F 6C B8  |..r$...P.....ol.|
0000C2A0  4B 27 FE 54 75 49 A2 A1 8B 1D 1F AA 4D 0E C2 EC  |K'.TuI......M...|
0000C2B0  AE 8F BB CF 2D 7A 62 34 F3 FE 7F CB 80 FB DD FD  |....-zb4........|
0000C2C0  33 74 EE 77 B1 AB 75 EE FF DD FC 5E E7 2C 74 27  |3t.w..u....^.,t'|
0000C2D0  3B 77 EB 59 47 78 74 9B 33 88 FC A4 DE AF B5 1D  |;w.YGxt.3.......|
0000C2E0  19 2F 3A 3C 36 38 08 8E BF 06 1E 2E 20 72 12 1B  |./:<68...... r..|
0000C2F0  52 64 AF A0 AA A2 2C 71 01 50 74 A6 2B 02 02 D6  |Rd....,q.Pt.+...|
0000C300  CE 70 D2 AF B4 D4 C8 41 B8 D2 EC ED 73 3B A6 BE  |.p.....A....s;..|
0000C310  5F 2A 33 B8 FF CF D3 70 FF A3 8B A7 3F 26 F7 8B  |_*3....p....?&..|
0000C320  33 D0 D3 A7 E6 3C 83 35 1D 76 CD F7 33 3A F7 E7  |3....<.5.v..3:..|
0000C330  A0 AD 07 1D 6A C9 AC 19 33 F4 BC 1F 9F 6A AC BF  |....j...3....j..|
0000C340  32 71 B6 0F BF F6 77 81 EF A7 3C F1 FB 39 C9 E7  |2q....w...<..9..|
0000C350  E7 44 96 68 39 03 EB D3 18 01 D6 72 3F 5C 69 FF  |.D.h9......r?\i.|
0000C360  3F F8 DC 8E A3 9A BA 4C FD FE FF 93 41 DE 7F BC  |?......L....A...|
0000C370  03 CD 0B 8D A2 9C C7 74 EE 5F 63 70 FF FA B9 5B  |.......t._cp...[|
0000C380  F7 39 AE 16 BF E0 7C 1D 19 6B BD 89 93 1D 89 E1  |.9....|..k......|
0000C390  56 AD A6 2E 59 0E 55 C8 29 D8 18 D1 C9 1F 38 9F  |V...Y.U.).....8.|
0000C3A0  E6 08 F0 17 5A 7A 3E 7C A5 9D AE D0 AF 34 AD 1B  |....Zz>|.....4..|
0000C3B0  F6 76 D9 D6 E7 76 E4 FE 47 AB 8D 7A FF BC 05 1F  |.v...v..G..z....|
0000C3C0  FD 98 EC 45 68 09 EE F3 C1 3D 9E 68 19 C7 EC 5A  |...Eh....=.h...Z|
0000C3D0  2E E6 15 66 E7 A2 CD 45 17 9D 97 1C 39 0B 8D B5  |...f...E....9...|
0000C3E0  DE BE 78 EC 70 3C D6 44 C4 1D 8E 82 94 A7 09 73  |..x.p<.D.......s|
0000C3F0  60 CB 68 D9 68 4C 66 79 3F 17 12 78 19 6B 7A B2  |`.h.hLfy?..x.kz.|
0000C400  1E 81 F5 46 C2 82 5B 86 89 7E 1F 6F E8 4E B7 96  |...F..[..~.o.N..|
0000C410  FB CF EC 1D 3B D7 99 3C 52 9B 28 EE 4C 34 40 EA  |....;..<R.(.L4@.|
0000C420  4F 83 CF AD C1 1D 3B 0C EE 9F 3F 85 FB FF D9 75  |O.....;...?....u|
0000C430  F3 E3 30 F7 DF 45 B8 DF 81 76 21 BF 92 5D E8 45  |..0..E...v!..].E|
0000C440  9B 5F 7B F6 D9 80 2B AD E7 73 0C 53 3E 69 E7 07  |._{...+..s.S>i..|
0000C450  DF 4F 42 16 D4 B0 00 79 3F DD 11 60 2D F7 9F 38  |.OB....y?..`-..8|
0000C460  A2 53 7E B2 62 00 4C 6B 5B 88 E1 90 0D BF D5 AA  |.S~.b.Lk[.......|
0000C470  0A 83 FB 6F 5F 90 D9 71 7F C9 FD 77 A0 CD E8 87  |...o_..q...w....|
0000C480  33 C2 0E FF C2 89 1E CF 1E DC E5 8F 27 35 1E 63  |3...........'5.c|
0000C490  71 FA 1F 6B 24 BF 50 DD 86 A0 72 C1 10 27 EA 29  |q..k$.P...r..'.)|
0000C4A0  BF AC 28 A3 95 1C DC 05 68 8C 00 6B B9 FF F0 A9  |..(.....h..k....|
0000C4B0  C4 A1 1D 5A 7B BB 56 D7 AE 95 77 8E 0D 36 81 8D  |...Z{.V...w..6..|
0000C4C0  6D E7 F3 40 D0 86 DF EA 6B E6 CC C6 4F 4D E1 FE  |m..@....k...OM..|
0000C4D0  56 C7 8D 8F F9 DD E3 0E 14 1A 2D 5A 76 87 CE FD  |V.........-Zv...|
0000C4E0  6A 73 D0 71 E5 A5 F5 BC 67 9E 7B 56 47 39 E3 F4  |js.q....g.{VG9..|
0000C4F0  39 72 B2 8C 1E CF 16 AA B5 9A AF 07 2F CF 06 85  |9r........../...|
0000C500  70 21 18 82 E2 08 B0 98 FB 5B 4B A0 D4 63 73 E8  |p!.......[K..cs.|
0000C510  97 BC 0D BF 95 DF E4 FE 3B 17 64 7C E8 33 0B 71  |........;.d|.3.q|
0000C520  DE DF 86 8F F7 3B 11 EA 76 D5 B8 1C 33 11 6A 26  |.....;..v...3.j&|
0000C530  FD FD 21 41 8D C7 3A F0 A6 5E 3D D5 8F 95 62 E5  |..!A..:..^=...b.|
0000C540  7E 50 F2 34 B8 9F 8B F8 54 77 44 F1 81 31 A8 84  |~P.4....TwD..1..|
0000C550  EE 7E 4B CF A7 5F 69 A9 E2 FA F1 46 98 D5 6E 5F  |.~K.._i....F..n_|
0000C560  84 04 3B 8E EA C8 37 B9 FF AE 69 B8 7F F9 8D EF  |..;...7...i.....|
0000C570  07 9B 1F BB 86 FB 9B 5C 0D AE B7 9D 69 EE 4F EB  |.......\....i.O.|
0000C580  78 36 C7 63 BB 4C 55 9F 58 05 F9 CB 6E AA A3 C0  |x6.c.LU.X...n...|
0000C590  2F 28 61 3F C7 BA 55 A8 F5 50 0A AB 5D 6F EA 78  |/(a?..U..P..]o.x|
0000C5A0  1E 29 D5 4A 7A B5 B6 26 A2 E9 79 1C CC 6C AF FB  |.).Jz..&..y..l..|
0000C5B0  3D EF B5 E1 B7 7A DD 9C DB F5 E9 69 78 3E 79 E3  |=....z.....ix>y.|
0000C5C0  43 C5 C5 D7 70 FF C1 99 4D E5 F8 64 26 F7 63 AD  |C...p...M..d&.c.|
0000C5D0  CE E3 F1 E8 09 22 EC A3 BF 56 42 04 60 84 55 1F  |....."...VB.`.U.|
0000C5E0  BB 72 CD DA B5 AC 5F F6 7A 05 C9 2F 88 41 30 0A  |.r...._.z../.A0.|
0000C5F0  6D 11 60 2D F7 77 9E D0 F9 3E 59 B7 5F EB DF 3D  |m.`-.w...>Y._..=|
0000C600  BE AF 2F 39 D8 03 36 B6 1B 82 3E 3B AE F5 FA CC  |../9..6...>;....|
0000C610  BC FF 3F DE 42 CD E7 A1 6B B8 FF D3 8C 7E 1F 99  |..?.B...k....~..|
0000C620  39 C9 FD C6 88 F6 33 24 D7 6F C0 73 5C 70 D9 67  |9.....3$.o.s\p.g|
0000C630  1B ED 51 E0 51 79 16 EB F9 48 A2 9E FC 8B 42 40  |..Q.Qy...H....B@|
0000C640  F0 0A 16 EB B9 03 6C 1F 01 96 9E 6F 6C B8 23 D1  |......l....ol.#.|
0000C650  3C AC F5 C7 B4 F2 CE 54 F5 51 30 B0 0D 11 F0 D9  |<......T.Q0.....|
0000C660  71 85 EF 09 93 FB D9 CC B9 1F 91 6D BF 13 DC 3F  |q..........m...?|
0000C670  89 79 E0 EC EB A2 C0 1B 60 DD 32 EF 8F 04 F5 F4  |.y......`.2.....|
0000C680  FF 91 35 60 10 EA A0 7B 1F 8C 00 B0 01 D6 9B DC  |..5`...{........|
0000C690  7F EF 2D 70 FF 43 C0 FD 19 43 0D 15 F8 7C AC 4F  |..-p.C...C...|.O|
0000C6A0  11 22 61 BF A0 B0 DE D1 FD 0A 28 BA 51 05 9F E2  |."a.......(.Q...|
0000C6B0  05 23 00 6C 00 D1 E4 FE CF 4D C3 FD BF BA F1 A1  |.#.l.....M......|
0000C6C0  CF 3F 78 4D CD E7 88 AB F6 4D FF 94 B5 DE 21 52  |.?xM.....M....!R|
0000C6D0  E7 A9 22 BB 7B 8F C7 A3 B0 FC 44 B0 F2 41 D6 CB  |..".{.....D..A..|
0000C6E0  B3 F9 A3 0D 01 98 DB 45 27 F2 65 C1 D2 F3 69 2D  |.......E'.e...i-|
0000C6F0  07 C7 CB AA 13 CD C3 C9 C1 1E AD A6 55 AB 69 01  |............U.i.|
0000C700  1B DB 2E E3 B3 65 57 DF 90 B9 D6 3B 5D 4F CF 5D  |.....eW....;]O.]|
0000C710  37 7E 16 F8 50 BD FF A0 AB 76 DB 94 B5 5E DC E7  |7~..P....v...^..|
0000C720  33 6C 56 FD 63 FB C8 C8 AE BE 78 AC 3D 1E 1D 21  |3lV.c.....x.=..!|
0000C730  85 7F 5A E5 FC 0D EE 8F 48 A2 2C B1 6E 41 09 88  |..Z.....H.,.nA..|
0000C740  70 0B A0 0C 11 C9 5A 4D 47 ED 50 6C 6C B8 63 7C  |p.....ZMG.Pll.c||
0000C750  7F 8D D6 76 3C D1 70 4E 6B A9 87 3D BE 76 83 E0  |...v<.pNk..=.v..|
0000C760  B7 63 8F E7 41 87 21 E0 B0 52 E7 79 46 A7 F1 37  |.c..A.!..R.yF..7|
0000C770  F4 CF 0F DF A4 FE F3 BD 6F E3 BD 5D C8 8F FB 7C  |........o..]...||
0000C780  76 BD EB 40 1F A0 EE 75 FC DC 63 0E DF E8 98 EB  |v..@...u..c.....|
0000C790  47 13 FB 7A 75 EE EF 8C C7 76 B2 1C 28 F7 4F 81  |G..zu....v..(.O.|
0000C7A0  47 C0 02 9E 62 81 CC 72 01 AE 60 B4 42 05 93 50  |G...b..r..`.B..P|
0000C7B0  06 DD EF 96 9E 6F BC 71 24 51 55 91 AC EB 60 53  |.....o.q$QU...`S|
0000C7C0  75 07 92 7B CF 81 85 ED E8 73 3B CE 6C FC 86 59  |u..{.....s;.l..Y|
0000C7D0  F3 C1 7C 8F 79 1F F3 FF CA 9B 70 FF 6F 6B C8 BE  |..|.y.....p.ok..|
0000C7E0  DE 99 78 76 CB D8 BB 1C F3 C1 A5 D3 AB 96 CC 6D  |..xv...........m|
0000C7F0  76 BE 35 23 CB 55 85 D2 7A 3E 47 C9 AE AE 9D F1  |v.5#.U..z>G.....|
0000C800  D8 71 96 53 C0 FD E9 A7 3F 0F 2B 88 6E 30 08 C5  |.q.S....?.+.n0..|
0000C810  39 A0 68 79 DE AF 13 BF D6 5D CF 26 07 5B 75 FA  |9.hy.....].&.[u.|
0000C820  07 0B 7F FC 7D 6E 0D 0E 98 7A 3E AB A6 E1 FB BF  |....}n...z>.....|
0000C830  BB 8E B6 43 F9 22 A2 E7 F3 F2 72 9D FB 43 46 DE  |...C."....r..CF.|
0000C840  CF F3 FC 59 C7 5B C5 6D CE B7 D2 79 3F DE CB 5B  |...Y.[.m...y?..[|
0000C850  43 4A FE 78 62 3B 64 FF 26 78 0F 1B 16 24 41 11  |CJ.xb;d.&x...$A.|
0000C860  BD 02 18 83 4A E8 EE B7 F4 7C C9 8A 01 AD B4 64  |....J....|.....d|
0000C870  BC AC 3A D5 3B 00 A9 3F 1D 3E B7 06 23 A6 7E BF  |..:.;..?.>..#.~.|
0000C880  3F 83 3E 9F A2 35 0E 3C B3 F1 85 DB 26 67 B7 AC  |?.>..5.<....&g..|
0000C890  41 5B 8F 3A 7E C6 3F EF 64 90 9F CC 6E D1 4E 9F  |A[.:~.?.d...n.N.|
0000C8A0  4E 1C 38 3D 7E B2 2B 15 3B 97 E8 E9 D6 7F 85 08  |N.8=~.+.;.......|
0000C8B0  20 79 BF 9F 93 3C B2 E4 63 C3 9C A8 82 94 3F 95  | y...<..c.....?.|
0000C8C0  4F 7E D6 AA 74 EB 97 D6 58 FF FE F1 33 C5 70 A5  |O~..t...X...3.p.|
0000C8D0  D9 D8 E7 76 1C CE BD 71 BB C1 FD B2 C9 FD CB B3  |...v...q........|
0000C8E0  11 BA 23 DB FC C6 D3 CC 6C BF 53 FF B7 4B 88 E4  |..#.....l.S..K..|
0000C8F0  FD 9B B1 8E 27 E3 F7 33 CB D8 9D A1 C2 AA 73 8E  |....'..3......s.|
0000C900  77 1C CF 39 AB D1 25 32 BB 25 1E 2B 8E C7 0C 29  |w..9..%2.%.+...)|
0000C910  07 63 63 D7 30 44 00 C9 FB FD B2 E4 8E 28 22 70  |.cc.0D.......("p|
0000C920  3E C5 11 60 E9 F9 12 8D ED 89 93 1D 7A DE 0F A6  |>..`........z...|
0000C930  05 64 84 27 CC 59 ED E1 0C F2 FE 85 2B 19 94 BB  |.d.'.Y......+...|
0000C940  05 7D 0B D7 FB DF 6E 5C E1 BC 8C 72 57 B9 B3 2E  |.}....n\...rW...|
0000C950  B8 F6 8B 77 3B E7 A5 EB FD 98 F2 8D 26 9F 72 52  |...w;.......&.rR|
0000C960  F6 E9 24 6D 3F 15 AC B2 91 6A 7B BB 15 41 0A 7B  |..$m?....j{..A.{|
0000C970  65 C5 03 E4 4F 6F 04 58 9B F7 F7 E3 3E 9F 64 C5  |e...Oo.X....>.d.|
0000C980  40 B2 63 87 76 BE 0F 57 FD A1 EC F3 31 F7 B9 35  |@.c.v..W....1..5|
0000C990  78 19 19 7D 3E 1B 33 E0 FE 0B 9F 24 79 FF F3 38  |x..}>.3....$y..8|
0000C9A0  EF 4F 35 B6 60 EE CF AF 70 F3 AE C7 4B 7E CD E4  |.O5.`...p...K~..|
0000C9B0  3B 72 CC 1E 4F 9D F5 7B D3 2A 6E E5 46 EA CF 42  |;r..O..{.*n.F..B|
0000C9C0  D1 9F 97 0B 74 F2 57 36 B1 BC 18 DE 04 FC 4F 67  |....t.W6......Og|
0000C9D0  04 58 7A BE 54 51 2C D1 50 A6 1D 8C B2 B0 D0 4B  |.Xz.TQ,.P......K|
0000C9E0  8B CF AD C1 F7 CC 3E 9F A7 33 E0 FE 0D 3C E1 FE  |......>..3...<..|
0000C9F0  6F 61 EE FF C7 C6 4D CE CB BF 5E B9 CE 9D 75 DC  |oa....M...^...u.|
0000CA00  D5 25 C6 66 78 26 F2 FE 3D 38 EF C7 73 BB 74 E2  |.%.fx&..=8..s.t.|
0000CA10  EF 61 37 02 ED 13 84 14 41 0D CB 12 2B C9 4A D8  |.a7.....A...+.J.|
0000CA20  CF 0A 12 E4 FF D4 45 80 64 6D 0E 98 D8 7B 6A 7C  |......E.dm...{j||
0000CA30  5F 5F A2 A1 6B BC 65 04 D6 7A 6D 7B D5 DB F0 5B  |__..k.e..zm{...[|
0000CA40  6D 35 B9 FF D9 69 B8 BF F2 3A 7D 3E 9F 58 E4 42  |m5...i...:}>.X.B|
0000CA50  EF D7 B9 5E 30 F2 7E 9D FB AF AC 7C C0 9D F5 D0  |...^0.~....|....|
0000CA60  8C 27 66 DC EB 9A 3B 91 F7 F7 91 A4 7F 77 3C 7A  |.'f...;......w<z|
0000CA70  98 54 7B 8E 93 82 0F F5 77 00 D5 2F 78 BD A2 10  |.T{.....w../x...|
0000CA80  F0 E0 FD 5D 61 01 A8 9F C2 08 88 58 9B F7 77 B7  |...]a......X..w.|
0000CA90  A6 76 9C C1 D2 CD E7 FB D8 F1 A1 DA E4 60 2B 18  |.v...........`+.|
0000CAA0  D9 6E 3E F7 DA B1 A9 FB 47 26 F7 3F 6F 72 FF A0  |.n>.....G&.?or..|
0000CAB0  FE 53 77 93 B9 5D 4F 17 91 BD 5D 4B 31 F7 AF 6F  |.Sw..]O...]K1..o|
0000CAC0  DE C0 5C 41 78 6E 57 C0 F9 79 FE D7 8E E0 04 F7  |..\AxnW..y......|
0000CAD0  B7 C6 63 87 C8 2B 68 CA 4E 01 17 14 05 49 65 41  |..c..+h.N....IeA|
0000CAE0  BE 9F DE 08 B0 5A C7 73 B0 29 B9 BF 19 EC 6A F3  |.....Z.s.)....j.|
0000CAF0  AB DE 86 DF EA 92 C9 FD 5F CF 7C 5E EF 4A CC FD  |........_.|^.J..|
0000CB00  0F 37 3B 90 CE FD EA 3C CF 31 47 DE E8 57 5C 59  |.7;....<.1G..W\Y|
0000CB10  8E A3 A6 86 73 11 D1 70 3E 4D C4 7C 60 A4 5C 1A  |....s..p>M.|`.\.|
0000CB20  11 35 C0 7A 22 52 BE A0 6C 88 40 87 3F 8D F0 E4  |.5.z"R..l.@.?...|
0000CB30  6F B0 F4 7C 89 DD 1D 5A F9 10 CE FB 4B AA C0 BA  |o..|...Z....K...|
0000CB40  74 F8 DC 1A BC 6D 72 FF 37 A7 E1 FE 6F 5D E7 7E  |t....mr.7...o].~|
0000CB50  D0 ED C2 DC 5F C4 DE 45 E6 F5 FE 0A 73 7F BE 67  |...._..E....s..g|
0000CB60  DE 79 47 70 74 33 73 3B 73 C9 AC F7 D7 C6 63 C7  |.yGpt3s;s.....c.|
0000CB70  C0 EB 1F 46 88 53 44 15 0A 3D 34 47 80 C5 CE D7  |...F.SD..=4G....|
0000CB80  FA 7A C7 87 B6 43 44 D9 DA E7 8A 1D B5 5B 5E 30  |.z...CD......[^0|
0000CB90  B9 7F 8B C9 F3 EF A0 6B E7 B6 4F 87 DA 2D A4 E6  |.......k..O..-..|
0000CBA0  F3 1C E6 FE 35 06 F7 AF F3 CC 7B C4 F9 79 E1 39  |....5.....{..y.9|
0000CBB0  97 80 D2 35 1F 63 95 B7 93 7C 68 30 4A FE 10 04  |...5.c...|h0J...|
0000CBC0  48 E1 59 35 AC 70 AA 5B 8E 28 3E 96 0B A8 1C 0F  |H.Y5.p.[.(>.....|
0000CBD0  E9 3F 65 11 60 2D 0F 24 1A BA 92 15 03 89 AA 0A  |.?e.`-.$........|
0000CBE0  FD 83 D6 0C 22 9E 76 84 7E C9 DB F0 5B D5 98 DC  |....".v.~...[...|
0000CBF0  FF BD 0C 6A 3E 9F 73 38 50 EE 96 A2 67 17 E9 DC  |...j>.s8P...g...|
0000CC00  FF FE 29 7C FC 93 EB 84 39 43 CC EB CC 11 47 1E  |..)|....9C....G.|
0000CC10  73 D4 D8 DB 85 7B 3C 61 D1 E9 2F C0 CB 41 99 5D  |s....{<a../..A.]|
0000CC20  B9 36 77 35 98 82 D6 08 08 5A BB B7 2B 79 A4 36  |.6w5.....Z..+y.6|
0000CC30  B5 1D D2 2A AA 7C 6E 0D B2 CD 66 9E EF 67 C0 FD  |...*.|n...f..g..|
0000CC40  57 B6 21 CC FD 5B 72 74 EE 6F 3C 25 32 57 BF FC  |W.!..[rt.o<%2W..|
0000CC50  65 5E 98 D3 E7 F8 A7 E2 CD 4E 2F E3 5F 68 70 7F  |e^.......N/._hp.|
0000CC60  17 D9 DB D5 4A 54 7D 86 E3 51 D8 D7 4B 10 51 59  |....JT}..Q..K.QY|
0000CC70  5E 11 82 B2 24 A8 90 EF D3 C9 03 56 EF ED 2A A9  |^...$......V..*.|
0000CC80  1A DF D7 A7 D3 BF 56 5A A2 B5 1C 04 03 53 E0 73  |......VZ.....S.s|
0000CC90  6B F0 F7 A6 A6 43 49 06 DC FF F3 A5 A4 DE FF 35  |k....CI........5|
0000CCA0  CC FD 57 4E ED 76 5E FD C1 53 F9 C2 9C D5 CE 3C  |..WN.v^..S.....<|
0000CCB0  67 07 33 DB 99 D6 74 30 36 76 E9 C4 BF 0D B7 79  |g.3...t06v.....y|
0000CCC0  46 E1 19 80 A0 40 90 84 42 91 83 8A 3F BD 11 20  |F....@..B...?.. |
0000CCD0  59 3B BB 55 3B 5A AC 75 0F 27 1A A0 9F 82 1E 9F  |Y;.U;Z.u.'......|
0000CCE0  5B 83 55 26 F7 97 67 C0 FD 87 1F 62 B0 86 F3 37  |[.U&..g....b...7|
0000CCF0  30 F7 EF 3C 75 D2 79 75 D9 53 EB 84 39 ED 8E 51  |0..<u.yu.S..9..Q|
0000CD00  C7 6F 98 3C 74 69 B6 C1 FD 7B 09 F1 4F 6E ED 85  |.o.<ti...{..On..|
0000CD10  08 C0 70 EB DC 8F 77 F6 CA 2C CF 05 78 51 06 8B  |..p...w..,..xQ..|
0000CD20  50 18 01 96 9E 2F D5 7B 40 CF F8 13 0D 65 89 8A  |P..../.{@....e..|
0000CD30  46 B0 2E 1D 3E B7 06 3F 36 6B 3E 95 19 70 BF F3  |F...>..?6k>..p..|
0000CD40  3B A4 E6 C3 2F D4 B9 3F 7E CA 81 AE A2 27 79 61  |;.../..?~....'ya|
0000CD50  4E AF 23 C4 8F 39 7F 88 FC 66 DE BF 3B 1E 3B 19  |N.#..9...f..;.;.|
0000CD60  8F F6 C7 63 DB C9 42 6F 0D 44 00 86 57 91 55 51  |...c..Bo.D..W.UQ|
0000CD70  92 25 01 B8 9F DE 08 B0 36 EF 1F DE 93 3C B7 27  |.%......6....<.'|
0000CD80  D5 3E 92 EA 1A D4 6F 02 60 60 0A 7C 6E 0D BE 61  |.>....o.``.|n..a|
0000CD90  BE D7 64 C0 FD 23 7F 4F 6A 3E 5F BF EB 1A EE 5F  |..d..#.Oj>_...._|
0000CDA0  E9 7C DC A9 39 F3 99 74 CD E7 04 99 CD 58 AC E7  |.|..9..t.....X..|
0000CDB0  FD E0 FB 49 44 54 36 20 F0 D0 DB 43 2F 74 F7 5B  |...IDT6 ...C/t.[|
0000CDC0  9B F7 6F 3F AD 95 97 81 5D 69 F2 B9 35 E8 2C 37  |..o?....]i..5.,7|
0000CDD0  F2 FE 9D 0B 32 3E 54 35 6A 3E 9D CE AB EC 53 AA  |....2>T5j>....S.|
0000CDE0  30 E7 A4 E3 32 27 B8 7E EA 68 36 6B 3E 4D 44 C7  |0...2'.~.h6k>MD.|
0000CDF0  61 98 A4 FE 87 C1 FD 26 38 9E 0D 09 4A C4 27 72  |a......&8...J.'r|
0000CE00  90 F8 D3 09 DD FD 96 9E 6F EC 5C 27 16 EF EF 3D  |........o.\'...=|
0000CE10  0F A6 A5 C6 E7 D6 60 B1 C9 FD B5 19 72 7F 68 B4  |......`.....r.h.|
0000CE20  E8 65 DC E3 79 E1 D4 33 CC D5 5F 3E 95 5F A6 73  |.e..y..3.._>._.s|
0000CE30  FF 7F D5 B9 FF B2 C3 EC F3 89 D5 C7 A3 67 C1 EB  |.............g..|
0000CE40  D3 71 BF A8 72 B8 CD 73 2D 58 83 4A 1E 10 2D EE  |.q..r..s-X.J..-.|
0000CE50  EF EF AA 4F ED 3C 0A 76 A5 C9 E7 D6 60 93 D9 DF  |...O.<.v....`...|
0000CE60  5F FF 11 B8 FF 15 F3 FD E9 75 B8 DE 8F 5E CA 21  |_........u...^.!|
0000CE70  35 1F 8E B9 9A FB 14 2F CC 39 E3 B8 57 58 E6 CA  |5....../.9..WX..|
0000CE80  4B F7 F9 44 CF 92 B2 8F 9E FA 57 C5 A3 23 A4 E4  |K..D......W..#..|
0000CE90  5F 09 41 80 6B 3E 2A 17 10 14 49 0C 73 12 07 F6  |_.A.k>*...I.s...|
0000CEA0  A0 0F BA FB 2D 3D 9F 4E FC 5A D5 2E AD 7B 58 6B  |....-=.N.Z...{Xk|
0000CEB0  A9 4F 0E 82 78 16 0D 3E B7 28 0F 35 B9 7F 4F E6  |.O..x..>.(.5..O.|
0000CEC0  35 1F F4 10 7E 79 17 1F DF ED 9C FA F7 79 E0 EC  |5...~y.......y..|
0000CED0  EB C2 1D 51 7C B2 CA F2 5E 30 05 BD 11 00 46 00  |...Q|...^0....F.|
0000CEE0  D8 00 2B B6 1B 73 BB 0E 65 AE E5 F6 D9 C5 38 EF  |..+..s..e.....8.|
0000CEF0  7F 97 63 3E 68 3E AD 66 F3 BD 8E 77 8A 7D CC EC  |..c>h>.f...w.}..|
0000CF00  B4 8E 27 6E F2 E9 C6 AF 38 E3 AF 8A C7 8E 80 80  |..'n....8.......|
0000CF10  33 C9 FB 3D 6C 40 F6 29 F2 68 AD A0 82 35 68 84  |3..=l@.).h...5h.|
0000CF20  EE 7E 4B CF 97 E8 DD 97 68 1E 4E 9E DB 83 53 FF  |.~K.....h.N...S.|
0000CF30  F6 76 98 DB 45 81 CF AD 81 50 6E 70 7F DB 34 DC  |.v..E....Pnp..4.|
0000CF40  FF C2 75 B4 9C 1B 67 13 EE FF 0E D1 70 D6 F3 FE  |..u...g.....p...|
0000CF50  0F 50 77 FE 5C 3E 97 09 31 B3 9C 6F 21 53 CB 2D  |.Pw.\>..1..o!S.-|
0000CF60  7A 2C 1E AB 8B 47 8F 62 D9 7E A8 6D 4C 40 11 B8  |z,...G.b.~.mL@..|
0000CF70  00 2B 17 88 82 07 56 79 E9 84 EE 7C 4B CF A7 F3  |.+....Vy...|K...|
0000CF80  7D 72 A8 57 6B 6B 82 B9 5D D4 F8 DC 1A 78 CC 9A  |}r.Wkk..]....x..|
0000CF90  CF D1 5B A8 F9 AC C0 2F 50 F3 C9 08 AA 87 E5 82  |..[..../P.......|
0000CFA0  B2 22 B8 45 21 0C B7 44 1A C1 05 E1 AE 0F B0 03  |.".E!..D........|
0000CFB0  C6 CC 9A CF C9 8C 6B 3E 45 9F C3 79 FF 95 77 83  |......k>E..y..w.|
0000CFC0  0E 9C F7 2F E1 CF 39 DF 8A DD E3 9C 3B A1 E1 BC  |.../..9.....;...|
0000CFD0  9B 24 FD 3D 58 CA 13 EB 78 EA AF 45 F0 00 80 78  |.$.=X...x..E...x|
0000CFE0  2F EB 8D 08 52 80 73 2B 9C 07 CC 41 21 BC 16 CF  |/...R.s+...A!...|
0000CFF0  6D D0 BA AA 13 C5 9D 89 AA 0A AD 3F A6 BF A6 CE  |m..........?....|
0000D000  9F 87 07 80 8F BB CF AD C1 A3 26 F7 77 67 C0 FD  |..........&.wg..|
0000D010  FF F9 A7 44 C3 D9 9F 43 6A 3E B8 DE DF BD 6A C9  |...D...Cj>....j.|
0000D020  DC C3 8E 1F 3B 96 CD BC 34 C1 FD 27 E2 D1 13 A4  |....;...4..'....|
0000D030  C9 E7 48 3C 3A C0 72 50 EC 37 B8 DF C3 06 04 1F  |..H<:.rP.7......|
0000D040  27 8D 56 40 B9 9F 4E E8 EE B7 F4 7C 78 6F 57 65  |'.V@..N....|xoWe|
0000D050  33 91 75 E8 82 79 BD 74 F8 DC 1A B8 CD 9A 4F AF  |3.u..y.t......O.|
0000D060  CE FD 8C FE 71 A5 FE FE F0 94 FB C0 1B 37 38 76  |....q........78v|
0000D070  21 7E 81 9A 4F 46 20 F5 7E 55 E6 45 C1 C3 79 58  |!~..OF .~U.E..yX|
0000D080  8F C0 7A 47 9B C2 6E 39 C0 C2 BD 91 96 08 50 A1  |..zG..n9......P.|
0000D090  E6 03 B0 03 2E 22 17 79 FF 79 06 79 FF 3B 8B 49  |.....".y.y.y.;.I|
0000D0A0  CD 67 0F AE F9 EC 34 D6 7A 79 9E FF B4 F3 0B DE  |.g....4.zy......|
0000D0B0  7B 67 56 3A FC E6 5A EF F1 78 AC 8C 28 78 EA 49  |{gV:..Z..x..(x.I|
0000D0C0  3F 14 37 26 F2 FE D1 62 8F 58 08 3D 9E 14 47 00  |?.7&...b.X.=..G.|
0000D0D0  E7 B1 F4 7C 5A 4D 4B 6A E4 18 4E FA C7 87 B6 41  |...|ZMKj..N....A|
0000D0E0  B5 87 0A 9F 5B 83 E2 32 A3 E6 F3 4E 06 DC DF 80  |....[..2...N....|
0000D0F0  50 F6 82 FB D0 FA E5 84 FB 6B 9D 1F 2C 3B AD CE  |P........k..,;..|
0000D100  E7 97 32 E2 B6 AF B9 FE 4B 7A 5E 2F E6 FE E3 64  |..2.....Kz^/...d|
0000D110  57 57 63 3C 56 C9 4A 90 D7 12 78 79 96 E7 94 30  |WWc<V.J...xy...0|
0000D120  E7 13 60 67 17 A5 3C 10 B6 F6 F9 5F E7 7E AD A5  |..`g..<...._.~..|
0000D130  3E 75 F6 78 72 B0 47 A7 FF 5A A8 F9 7C FC 7D 6E  |>u.xr.G..Z..|.}n|
0000D140  0D 1E 35 FB 38 E3 26 F7 FF 4A 7F 0C 08 64 19 9F  |..5.8.&..J...d..|
0000D150  5F BB CE 31 0B E6 93 1E CF E7 EF D7 B9 7F 6C 99  |_..1..........l.|
0000D160  C8 8C 2D AF E5 B3 E7 E7 39 0F 54 31 8C DF 61 CE  |..-.....9.T1..a.|
0000D170  ED 8A ED 8F 47 5B 89 86 33 4E FD F5 9B 00 44 00  |....G[..3N....D.|
0000D180  86 5B E6 0A 44 35 0C 02 FE 34 47 80 C5 DC DF 34  |.[..D5...4G....4|
0000D190  DE 38 92 1C EA C5 33 1B 5B EA C1 C0 14 F8 DC 1A  |.8....3.[.......|
0000D1A0  74 CE 36 6A 3E 89 0C F2 FE FA 85 A4 E6 C3 3F A6  |t.6j>.........?.|
0000D1B0  73 3F 2A C5 37 8F 79 3C 2A 3A EE AA 29 FD CA B2  |s?*.7.y<*:..)...|
0000D1C0  8B 8E 9C 85 46 DE 7F 94 4C EA AD 8B C7 74 EE EF  |....F...L....t..|
0000D1D0  60 DD 7E 88 00 8C 0D 9C C2 B9 B9 37 0E B2 DE 7C  |`.~........7...||
0000D1E0  30 06 AD 11 60 2D F7 1F 8A E9 AC 9F E8 AA 4F 0E  |0...`-........O.|
0000D1F0  76 C0 5A AF 3D 21 A8 76 2C 7B 7C 3E CB E0 FE 3F  |v.Z.=!.v,{|>...?|
0000D200  66 BE AF 57 C1 FB 7A D1 CF 31 F7 1F 55 51 D1 80  |f..W..z..1..UQ..|
0000D210  AB D6 3B 7A 4F 59 7A 6F 57 6C 1F 69 ED C4 FB 7A  |..;zOYzoWl.i...z|
0000D220  59 1F 14 7C D2 B8 D8 9C CF AA 01 B9 80 93 58 B7  |Y..|..........X.|
0000D230  C2 85 45 35 C0 15 40 F1 87 26 E8 DE B7 F4 7C E3  |..E5..@..&....|.|
0000D240  FB 6B B4 FE 58 F2 DC 1E A8 F7 DB 16 7E D9 8E 0C  |.k..X.......~...|
0000D250  38 5C 6A D4 FB FF 94 F9 DE AE 67 EE C0 DC 7F 1E  |8\j.......g.....|
0000D260  73 FF F7 9D 08 35 B9 1A DE 48 2D 43 A8 79 F6 44  |s....5...H-C.y.D|
0000D270  7F 7F 4B 3C DA 86 5B FC A3 C3 44 D9 61 2F 59 01  |..K<..[...D.a/Y.|
0000D280  A0 7B B6 9C 97 67 55 BF A0 88 5E 2F 1B 16 15 4E  |.{...gU...^/...N|
0000D290  0D C9 01 B8 34 E8 E2 7E BF B5 BD DE A9 1D 67 70  |....4..~......gp|
0000D2A0  83 67 CF B9 54 EF 81 44 33 8C C5 B6 E5 55 2F D9  |.g..T..D3....U/.|
0000D2B0  B1 A3 FB A7 26 F7 3B 17 66 7C 68 DE 43 98 FB C9  |....&.;.f|h.C...|
0000D2C0  CC C7 3B 75 EE BF D3 E5 71 B9 EE 9B E0 7E BC D6  |..;u....q....~..|
0000D2D0  5B 4A B6 74 F5 1A 37 01 88 00 8C 90 4E FE 81 88  |[J.t..7.....N...|
0000D2E0  47 F6 C9 8A 10 56 D9 95 6B 1F 79 14 8C 42 15 74  |G....V..k.y..B.t|
0000D2F0  EF 5B 7A 3E AD A6 25 59 31 90 A8 AA 48 D6 75 8C  |.[z>..%Y1...H.u.|
0000D300  0D 83 56 AE 1D C1 2B 05 36 FC 56 7B 6A 0C EE 9F  |..V...+.6.V{j...|
0000D310  9B 01 F7 3F EF 26 F5 FE 97 70 8F E7 BF 36 6E 72  |...?.&...p...6nr|
0000D320  5E BE B2 92 47 EE 23 8E 20 EF 9C 99 E5 48 D7 7C  |^...G.#. ....H.||
0000D330  C8 E0 96 58 B9 9E F7 B3 1B A1 A3 79 F2 CA 0F CB  |...X.......y....|
0000D340  12 1B 96 37 4A B0 DA 4B 6D 04 58 CC FD AD E3 2D  |...7J..Km.X....-|
0000D350  23 6C A2 73 2F 54 FA 69 F1 B9 45 79 BF B9 B7 EB  |#l.s/T.i..Ey....|
0000D360  8E 0C B8 FF A5 A5 86 7E 3F E6 7E B5 F9 2E C7 15  |.......~?.~.....|
0000D370  B4 3E DF 33 EF A8 E3 09 61 F3 8C DB 90 A9 E3 89  |.>.3....a.......|
0000D380  45 3C 8F A7 87 F5 36 E8 9F 59 32 C2 37 A6 DF 0E  |E<....6..Y2.7...|
0000D390  56 AD A1 37 0A 7C 8A 20 C9 EE 80 C0 7A 65 39 CC  |V..7.|. ....ze9.|
0000D3A0  D2 6C 09 7A 23 C0 DA DA 6F A2 79 58 AB DA 85 87  |.l.z#...o.yX....|
0000D3B0  F5 F6 C7 B4 6E E8 F3 A1 C1 E7 D6 E0 35 93 FB 17  |....n.......5...|
0000D3C0  67 58 F3 59 70 1F FA 04 E6 FE 9F 36 07 31 F7 AB  |gX.Yp......6.1..|
0000D3D0  C8 73 1F 53 70 C1 3D 33 88 CC BD 5D 78 95 B7 8C  |.s.Sp.=3...]x...|
0000D3E0  CC 6C 1C 04 DF 4F 42 91 3D 42 21 CB 15 08 9B 14  |.l...OB.=B!.....|
0000D3F0  3D FF C7 37 00 37 17 80 92 3F 5D 11 60 E9 F9 B0  |=..7.7...?].`...|
0000D400  7A F3 F9 3E B0 2B 4D 3E B7 06 E3 66 CD E7 81 0C  |z..>.+M>...f....|
0000D410  B8 7F 8E C1 FD 2F 2F 27 5A 6E 64 5F AF 8A F8 4F  |.....//'Znd_...O|
0000D420  32 9B DC 9D AE B7 D1 E4 DE 2E DC E3 59 4A E6 F5  |2...........YJ..|
0000D430  1E C1 95 1F D8 DE 85 88 9E 0F CF A9 61 21 10 18  |............a!..|
0000D440  AD 93 C0 1C 34 46 00 67 ED BA 9F 56 D3 92 68 E8  |....4F.g...V..h.|
0000D450  4A 56 0C 68 E5 9D C9 91 62 D8 DE 45 81 CF AD C1  |JV.h....b..E....|
0000D460  6A 33 EF 5F 9D F9 5A 2F 5A 84 5F 1E C4 C7 3F C9  |j3._..Z/Z._...?.|
0000D470  4C FD 3B E8 F9 5C 1F 11 49 2C 10 14 55 C4 6A 3E  |L.;..\..I,..U.j>|
0000D480  E1 D1 0A 5E 12 79 0E CB FA F0 5C 1E 17 E4 14 1E  |...^.y....\.....|
0000D490  FA 3D 3F F6 11 10 86 75 1E 80 1D F0 45 93 FB D7  |.=?....u....E...|
0000D4A0  DC 02 F7 E7 E0 97 5C 7C FC D3 69 EE 7F 1A B8 FF  |......\|..i.....|
0000D4B0  66 19 00 AB 08 52 18 6F ED 05 21 4F 3A 9F FF 05  |f....R.o..!O:...|
0000D4C0  78 DE 03 D8 01 8F 9B DC BF F6 16 B8 7F 35 7E 79  |x............5~y|
0000D4D0  18 1F BF 19 B8 FF 23 C2 23 84 64 25 2C 16 C8 6C  |......#.#.d%,..l|
0000D4E0  80 63 7D 11 4E 54 40 DE 81 B2 08 08 F8 C0 08 00  |.c}.NT@.........|
0000D4F0  1B 60 87 C9 FD 0F 2D FA E8 C7 9C 78 07 61 FD FE  |.`....-....x.a..|
0000D500  E7 57 E0 7A FF 29 52 F3 59 F7 E2 9C B5 CE B5 BC  |.W.z.)R.Y.......|
0000D510  C7 59 E3 C8 59 48 F4 7C B0 98 CF 09 DC D7 13 3D  |.Y..YH.|.......=|
0000D520  4B 26 B8 54 C4 63 C7 F4 3F 52 FF C4 AF B2 5C 40  |K&.T.c..?R....\@|
0000D530  50 55 4E F2 28 22 C7 F2 5C 80 17 65 76 E5 DA 95  |PUN.("..\..ev...|
0000D540  0F 43 2C D2 01 DD FD 96 9E 6F BC 71 44 DB 5E AA  |.C,......o.qD.^.|
0000D550  9D 3E 9D 1A 39 36 36 D8 04 06 A6 C0 E7 D6 E0 7F  |.>..966.........|
0000D560  95 19 DC FF 70 06 DC FF 3F 1C C6 5A 2F 99 D7 AB  |....p...?..Z/...|
0000D570  73 FF 55 F4 64 3E 12 3A 1D 3F 7F BD CC 59 EA 38  |s.U.d>.:.?...Y.8|
0000D580  3A DB D0 72 6B 25 94 BF 2D 1E 6D 01 DF 4F 89 02  |:..rk%..-.m..O..|
0000D590  9E 0D CA 52 21 94 F5 A9 45 D0 E2 FD FD A9 5D 7B  |...R!...E.....]{|
0000D5A0  13 15 DB C1 AE 34 F9 DC 1A FC F7 0A 83 FB 57 65  |.....4........We|
0000D5B0  C0 FD 57 66 11 EE DF 8C B9 3F 9E E6 FE 39 7D 8E  |..Wf.....?...9}.|
0000D5C0  BF 1A F5 38 67 31 7E 53 C7 F3 00 E9 EF 2F 4B B7  |...8g1~S...../K.|
0000D5D0  F8 D7 40 04 60 84 64 C5 23 48 B2 24 98 29 3F 58  |..@.`.d.#H.$.)?X|
0000D5E0  84 C2 08 B0 F4 7C 89 9E 56 ED 7C 1F EE EF 2F 2D  |.....|..V.|.../-|
0000D5F0  01 EB D2 E1 73 6B F0 FB 1D 46 8F E7 BA 0C B8 FF  |....sk...F......|
0000D600  6F BB 19 BC B7 EB DB B8 E6 A3 1A DC BF 4E 98 E3  |o............N..|
0000D610  75 BE BE 6D 9B E3 87 8C 9F E4 FD 6A 88 83 AE F5  |u..m.......j....|
0000D620  69 80 ED C2 3E 9C BB 72 15 98 82 DE 08 B0 96 FB  |i...>..r........|
0000D630  1B BA B4 FE DD B0 AB CB CE F0 0A 76 E4 FE 0F 76  |...........v...v|
0000D640  1A 79 FF FA 0C B8 FF 0F 73 88 A6 C3 CB 8B 48 BD  |.y......s.....H.|
0000D650  FF 19 E6 EA A5 A7 F2 85 39 A7 1C E2 C5 AF 3A DF  |........9.....:.|
0000D660  62 2E 19 79 7F D4 90 70 83 B2 CF B5 E0 65 55 90  |b..y...p.....eU.|
0000D670  0A 39 C8 FA 69 8E 00 4B CF 97 3C 52 9B 38 7C 0A  |.9..i..K..<R.8|.|
0000D680  CA 3E 34 F9 DC 1A 5C AE 34 B8 5F 34 B9 3F 4F 7F  |.>4...\.4._4.?O.|
0000D690  3F 36 D3 F8 FC 37 D7 B9 1F 94 DC 45 6A 3E 2C D6  |?6...7.....Ej>,.|
0000D6A0  70 1E 7B EF B4 F3 F7 6D 03 3C DA F2 0F CE 57 67  |p.{....m.<....Wg|
0000D6B0  AC 67 F2 50 9A FB 5F 25 0A 9E 5D F1 58 39 4B A6  |.g.P.._%..].X9K.|
0000D6C0  B6 EB FF F5 40 14 60 1D CF F0 83 AC 8F 0B 04 04  |....@.`.........|
0000D6D0  89 5D B9 66 F5 5A B0 09 65 79 BF C5 6D 3E DA FE  |.].f.Z..ey..m>..|
0000D6E0  C3 5A 65 F3 D8 70 07 98 D6 C6 3E B7 E3 02 DF DC  |.Ze..p....>.....|
0000D6F0  1D 06 F7 07 75 9E FF 4C 36 42 8B F4 9F E5 D9 C6  |....u..L6B......|
0000D700  BF DD 91 3D FD 31 9F 31 EA FD 0B 70 BD 7F 97 DF  |...=.1.1...p....|
0000D710  CF 2C FB E4 CE 50 61 D5 32 26 E4 9A E3 CC 43 7E  |.,...Pa.2&....C~|
0000D720  D2 E7 E3 F6 B1 F1 58 2D D6 72 8B B6 C7 63 CD FA  |......X-.r...c..|
0000D730  2F 1D F1 58 25 D1 74 2E 25 AA 3E 15 74 46 81 6E  |/..X%.t.%.>.tF.n|
0000D740  97 10 17 F6 47 82 6C 44 12 C3 82 07 1A 3C E9 8B  |....G.lD.....<..|
0000D750  80 90 A5 E7 4B EC 1B 4E 75 F7 25 B7 0F 25 77 C5  |....K..Nu.%..%w.|
0000D760  C0 BA 80 8F 8E 52 B3 C7 53 CE A0 E6 F3 DB 10 EE  |.....R..S.......|
0000D770  F1 2C FA 46 8E CE FD EF CF 47 68 16 BA 33 17 6D  |.,.F.....Gh..3.m|
0000D780  ED 74 FC AC B8 93 29 46 C6 5A AF 36 18 D3 FA 0E  |.t....)F.Z.6....|
0000D790  6A 5D D5 5A E5 3E B0 F2 24 7C 11 4E F2 15 FA E5  |j].Z.>..$|.N....|
0000D7A0  08 CB 8B E1 4D C0 FC 14 46 80 E2 B5 36 EF 1F 18  |....M...F...6...|
0000D7B0  81 2B CD EE 3E 2F B4 63 9F CF 85 2A 83 FB 9F 9D  |.+..>/.c...*....|
0000D7C0  C2 FD 79 E6 67 F1 3A 79 FF D8 BD 46 CD 07 AF F5  |..y.g.:y...F....|
0000D7D0  FE C3 7B A2 F3 F7 A8 9F 47 5B 5E 77 8C 78 47 19  |..{.....G[^w.xG.|
0000D7E0  AF 99 F7 93 26 9F 6D F1 E8 11 F2 01 8A 3D 69 10  |....&.m......=i.|
0000D7F0  F9 FE 42 41 81 BD 9D B4 42 77 BF B5 DC 5F D3 AA  |..BA....Bw..._..|
0000D800  B5 1C 4C 14 77 82 69 A9 F1 B9 35 A8 30 B9 7F 73  |..L.w.i...5.0..s|
0000D810  06 79 FF 85 55 46 7F FF 6A BC D6 FB 1E 87 B9 3F  |.y..UF..j......?|
0000D820  DF B3 E5 ED 99 77 97 3F C3 F0 28 DD DF 7F 92 88  |.....w.?..(.....|
0000D830  78 92 AA 7F AC 9A 25 C2 6E 07 48 B7 E7 71 AA A3  |x.....%.n.H..q..|
0000D840  80 8B A8 9C 24 09 AC 8A F7 F7 C2 55 41 65 04 58  |....$......UAe.X|
0000D850  7A BE 44 EF BE 44 4B ED D8 B9 BA 54 F4 0C 58 97  |z.D..DK....T..X.|
0000D860  0E 9F 5B 83 BD D5 06 F7 7F 45 E7 FE F6 59 08 7D  |..[......E...Y.}|
0000D870  57 FF CC 1B 7F 42 CF 5D E7 7E 20 CD 23 DC 1F C0  |W....B.].~ .#...|
0000D880  7D 3E A1 F7 9E 22 DC 3F 67 CB E7 5D 0F BE F1 9C  |}>...".?g..]....|
0000D890  B3 D4 31 99 F7 E3 15 5E 9D EB A1 01 E1 C3 79 BF  |..1....^......y.|
0000D8A0  8F 93 A0 C5 87 DE 1C D0 DA C5 5E 9C F7 57 36 A7  |..........^..W6.|
0000D8B0  BA 40 2A 9D 1E 9F 5B 83 99 0B 8C 59 ED 2F 2C CA  |.@*...[....Y./,.|
0000D8C0  FC 58 BC D6 6B 7C CA 75 4E FE B5 D9 8F 5F E3 D1  |.X..k|.uN...._..|
0000D8D0  63 46 92 1F 8F 55 B0 F1 D8 7E F2 10 D0 06 62 FE  |cF...U...~....b.|
0000D8E0  61 BF C0 CA 01 0F EB 96 37 81 96 1B 9D 11 60 F5  |a.......7.....`.|
0000D8F0  BE DE A2 E2 64 7D 9F 76 12 6A 3E F4 F8 DC 1A 7C  |....d}.v.j>....||
0000D900  AD DC 48 F2 63 26 F7 A7 B2 10 3A 30 E7 C6 C7 6C  |..H.c&....:0...l|
0000D910  73 A2 A5 0B EE 2B CA C3 DC DF C8 6E 60 76 E6 72  |s....+.....n`v.r|
0000D920  79 AF 2C E9 73 FC 32 9A 74 EC 60 72 8C 9A 4F 74  |y.,.s.2.t.`r..Ot|
0000D930  88 54 7B CA C9 C8 DE E3 2C EE F7 27 37 82 78 6C  |.T{.....,..'7.xl|
0000D940  27 AB 7A 04 5A A3 80 E7 58 5E 90 C2 0A 17 60 F9  |'.z.Z...X^....`.|
0000D950  D1 3A C5 23 BB 41 DE 81 B2 08 B0 78 8F E7 58 FF  |.:.#.A.....x..X.|
0000D960  49 AD ED 54 F2 48 AD D6 5D AF B5 35 25 EB A0 D9  |I..T.H..]..5%...|
0000D970  D3 76 B0 27 E1 FD C8 EC EF DF 95 71 DE 5F B4 E5  |.v.'.......q._..|
0000D980  36 9C F7 B7 E1 E3 FD 7A DE 7F D0 75 B8 7C D6 8C  |6......z...u.|..|
0000D990  89 59 ED B1 E2 F4 42 2F 99 D5 8E 85 DC FA E2 B1  |.Y....B/........|
0000D9A0  76 DA A3 40 71 B3 01 41 0C 15 8A 20 E6 48 6D 04  |v..@q..A... .Hm.|
0000D9B0  58 BB E1 5D 2B 2F D3 6A 5A 75 CA 1F 2F AB 4E 34  |X..]+/.jZu../.N4|
0000D9C0  74 81 81 ED 78 BF 2F B0 E3 BE DE 45 65 86 A6 C3  |t...x./....Ee...|
0000D9D0  9E CC B9 3F FF 0E CC FD 13 1A CE 6B 99 9F CD 7C  |...?.......k...||
0000D9E0  FA 2B 13 DC 1F 3D 1A 8F 8E C4 63 CD F1 58 17 49  |.+...=....c..X.I|
0000D9F0  FD AB E2 B1 61 08 02 3D EF 57 38 B7 EC 96 A1 BB  |....a..=.W8.....|
0000DA00  93 E2 08 B0 96 FB 0F C5 B4 96 FA 64 67 E9 D8 60  |...........dg..`|
0000DA10  53 A2 AA 22 F1 6A 09 DC 01 EC 06 21 1C B4 E1 B7  |S..".j.....!....|
0000DA20  3A 67 F6 F7 B7 E9 DC 7F 45 7F 1F D1 7F 4E 7C 84  |:g......E....N|.|
0000DA30  00 5E 70 1F FA 36 D9 DB 75 49 64 C6 DE AD E5 B3  |.^p..6..uId.....|
0000DA40  E7 5F 65 EE 9F D7 EC C8 72 A6 D7 7A 77 93 74 FF  |._e.....r..zw.t.|
0000DA50  20 C9 F8 CF 41 9B A7 09 2F CF 7A B9 20 17 10 F9  | ...A.../.z. ...|
0000DA60  D1 18 AC F7 52 19 01 9C B5 3C 90 EA 1D 18 EF 3C  |....R....<.....<|
0000DA70  A1 95 77 6A 35 2D 5A 7B 3B 18 D8 86 28 90 BC 36  |..wj5-Z{;...(..6|
0000DA80  FC 56 4F 6E 37 B8 FF 55 9D FB CB 66 21 F4 AE 0B  |.VOn7..U...f!...|
0000DA90  A1 AA 9B 1C B3 FE 41 B4 34 34 5A C4 E3 FE FE 7A  |......A.44Z....z|
0000DAA0  A3 DE FF F9 57 96 5C 70 6C E0 EF 76 5E 44 B3 CD  |....W.\pl..v^D..|
0000DAB0  7A FF 08 9E D4 8B CB 3E 27 E2 D1 01 36 1E 2B BB  |z......>'...6.+.|
0000DAC0  A6 E6 4F 6F D6 C7 86 B1 9E 83 22 C0 52 2F 9D 08  |..Oo......".R/..|
0000DAD0  5B 2C 72 A8 27 FD 5A F9 9E F1 7D 7D 90 EE DB F7  |[,r.'.Z...}}....|
0000DAE0  AA B7 A5 8E E7 6F 5C 46 9F 4F 5F 86 35 1F 3D EF  |.....o\F.O_.5.=.|
0000DAF0  37 FA 7C 96 39 D0 2E E4 57 B2 0B 57 A0 CD 28 E1  |7.|.9...W..W..(.|
0000DB00  0C 31 FE 85 46 BD BF 01 97 7A 30 FD 77 18 C4 1F  |.1..F....z0.w...|
0000DB10  6B C2 3D FF F8 96 30 40 71 14 F8 94 D1 CA A0 28  |k.=...0@q......(|
0000DB20  B3 82 9A 9E DF E5 56 38 55 04 CD 53 6A A0 FB DB  |......V8U..Sj...|
0000DB30  5A EE EF 8F 25 AA 2A B4 FE 6A AD BB 7E EC 5C 67  |Z...%.*..j..~.\g|
0000DB40  A2 77 9F 7E 37 80 FB 80 AD 10 12 EC 78 81 E7 DE  |.w.~7.......x...|
0000DB50  63 BC F7 DF 52 8F 27 42 75 06 F7 FF C5 AC 76 B2  |c...R.'Bu.....v.|
0000DB60  B7 2B 3D AE 2B 56 09 EE 37 11 90 F1 C0 2E 89 63  |.+=.+V..7......c|
0000DB70  05 A8 F7 53 1B 01 96 9E 6F BC A9 54 3B DF 37 5E  |...S....o..T;.7^|
0000DB80  56 9D 1C 84 BA 2A 25 3E B7 06 17 CD 7A FF 6F 33  |V....*%>....z.o3|
0000DB90  CF FB 89 A6 83 DA 1C 74 5C 41 EB D5 79 9E E5 CC  |.......t\A..y...|
0000DBA0  C8 5B F7 CC 10 1D 47 CD 3E 9F 03 B0 B8 3B 5D 06  |.[....G.>....;].|
0000DBB0  C0 45 60 99 97 F6 08 B0 F4 7C 78 76 CB 21 D8 3F  |.E`......|xv.!.?|
0000DBC0  49 95 CF AD C1 9B 26 F7 7F 90 01 F7 37 DF 4E F4  |I.....&.....7.N.|
0000DBD0  FB 57 60 EE FF 6E 33 3E 7E BD EA 99 B7 DA E9 71  |.W`..n3>~......q|
0000DBE0  B6 11 1D 4F A3 CF A7 8B 74 77 1E 26 D2 9D C3 2C  |...O....tw.&...,|
0000DBF0  D9 E7 DB 41 EA FF 54 67 27 11 95 DD 10 11 0A C4  |...A..Tg'.......|
0000DC00  40 60 D3 0A 45 8E 08 12 1B 1C AD 08 2B 72 48 0E  |@`..E.......+rH.|
0000DC10  08 70 8D D0 80 0D 11 8B FB 7C DA B7 27 87 7A B5  |.p.......|..'.z.|
0000DC20  F2 CE F1 33 C5 89 C6 28 18 D8 8E 79 7F 68 83 0D  |...3...(...y.h..|
0000DC30  BF D5 7F 32 B9 FF 4F D3 70 7F 38 6B FA 63 BE 98  |...2..O.p.8k.c..|
0000DC40  6B CC 6C C4 DC 8F 2E E1 E3 77 AE CB 9E BF D2 79  |k.l......w.....y|
0000DC50  EC 27 2E 97 DF E1 CF 32 FA 7C 8E C5 A3 C7 58 32  |.'.....2.|....X2|
0000DC60  B2 5D BF 05 1C 01 FF 1B F0 F2 6C 81 58 28 04 60  |.]........l.X(.`|
0000DC70  47 17 AD D0 DD 6F E9 F9 C6 CB AA B5 F6 F6 F1 C6  |G....o..........|
0000DC80  11 FD 0E 00 D6 A5 C3 E7 D6 E0 8D D9 C6 5A 6F D6  |.............Zo.|
0000DC90  E2 CC 8F BD 8E A6 C3 F3 F8 75 AC BF 21 B9 BB 7A  |.........u..!..z|
0000DCA0  BC B8 3F 51 B9 1F 7C 3F 89 8D B2 12 F0 B0 AA 10  |..?Q..|?........|
0000DCB0  10 F8 B0 28 83 9A 27 8D 11 60 6D 87 97 79 A5 15  |...(..'..`m..y..|
0000DCC0  55 24 AA 60 6C 23 25 3E B7 06 EF 96 1A 7B BB E6  |U$.`l#%>.....{..|
0000DCD0  64 CC FD 45 79 0B 31 F7 FF 11 7F FE 83 9E FC 3F  |d..Ey.1........?|
0000DCE0  C2 3C C9 A0 99 93 FB 7A 4B 71 C1 07 6F EC EA 89  |.<.....zKq..o...|
0000DCF0  47 CF 81 FB 4D F0 81 88 9B 95 04 9E FB 12 64 FE  |G...M.........d.|
0000DD00  74 42 B2 78 95 3F B5 2B 3A D6 5F 96 EC 6D 05 D3  |tB.x.?.+:._..m..|
0000DD10  DA 16 61 BF 1D F3 FE 92 72 83 FB 17 66 C8 FD 93  |..a.....r...f...|
0000DD20  3D 9E CF 30 46 8F E7 83 68 73 51 16 73 D9 91 AE  |=..0F...hsQ.s...|
0000DD30  F7 F7 C7 63 ED 46 BD C7 14 F6 C1 03 BC 86 F5 BF  |...c.F..........|
0000DD40  53 1D 05 02 CF E6 45 0A 04 29 1C F1 40 7D 9F 4A  |S.....E..)..@}.J|
0000DD50  E8 EE B7 F4 7C E3 07 76 69 03 BD 63 83 A0 E3 69  |....|..vi..c...i|
0000DD60  E3 8C EF 4B 76 CC FB 67 32 46 CD 67 D1 2D 70 FF  |...Kv..g2F.g.-p.|
0000DD70  EA 6B FA FB BF 80 36 AF 17 9E BD 63 A2 BF 7F 3F  |.k....6....c...?|
0000DD80  D1 74 D8 1D 8F 76 C6 A3 BD AC 1A 82 08 C0 70 CB  |.t...v........p.|
0000DD90  61 CE 2B FB 40 D3 81 DE 08 B0 F8 52 D0 6A 9A F0  |a.+.@......R.j..|
0000DDA0  F6 AE E1 3D 89 F2 72 B8 CA EC 09 25 64 47 1D CF  |...=..r....%dG..|
0000DDB0  7F AE 32 F2 FE C5 B7 9C F7 A7 B9 FF 31 B4 F9 35  |..2.........1..5|
0000DDC0  8D 99 EB B8 B4 C0 C8 FB 7B 48 BA BF 9B B4 FA B4  |........{H......|
0000DDD0  92 CA CF 59 08 02 C4 79 58 5E 96 BC 22 27 8D 96  |...Y...yX^.."'..|
0000DDE0  41 D5 87 CA 1C D0 EA FE FE C6 11 BC B7 AB A6 25  |A..............%|
0000DDF0  55 3D 30 36 D2 A2 8D C0 D4 5E FB 5D F5 8A 1D AF  |U=06.....^.]....|
0000DE00  F5 04 32 F2 FE EC 5B E4 FE 86 65 9B 98 5D AC 98  |..2...[...e..]..|
0000DE10  97 5D F8 29 F4 74 F4 37 CE 3A 97 91 F7 F3 2A 30  |.].).t.7.:....*0|
0000DE20  DB B4 57 BE CA 72 01 CE 27 C3 F4 16 7A 23 80 B3  |..W..r..'...z#..|
0000DE30  F5 F9 00 FF 0E DC EF B3 63 CD 67 C8 CC FB 97 64  |........c.g....d|
0000DE40  C6 FD 4B 31 F7 E3 1E CF C6 65 1C B3 2B 57 D4 F3  |..K1.....e..+W..|
0000DE50  FE 05 E8 69 A6 7C 66 98 F1 2F 48 F7 F7 E3 59 2D  |...i.|f../H...Y-|
0000DE60  AD 14 6B F7 4C 7B A5 46 44 CE 3D 5A 0C DB 7A 69  |..k.L{.FD.=Z..zi|
0000DE70  8E 00 4B CF A7 B5 6F C7 CA FD 7D D0 E0 49 8F CF  |..K...o...}..I..|
0000DE80  AD 41 A0 D2 E0 FE A5 26 F7 8F E9 8F 01 BB B3 6E  |.A.....&.......n|
0000DE90  7C CC 4B 4B D1 2B 3A F7 93 D9 2D 3B 97 6D C0 79  ||.KK.+:...-;.m.y|
0000DEA0  BF BB 30 7B 21 F3 24 F3 77 AE 9A 74 CD C7 A8 F4  |..0{!.$.w..t....|
0000DEB0  E3 1D 5D 23 58 CE 8D CC EE 85 20 40 5E 59 09 73  |..]#X..... @^Y.s|
0000DEC0  01 A1 10 44 1D 28 8E 00 4B CF 97 EC D8 A1 B5 D4  |...D.(..K.......|
0000DED0  A7 B6 9F 4E ED 3C 0A D6 A5 C3 E7 D6 A0 65 B6 F1  |...N.<.......e..|
0000DEE0  FE 89 5B EA EF 47 A8 FE BA 7A 3E 3A DF 43 DB D9  |..[..G...z>:.C..|
0000DEF0  5F 66 00 81 88 5B 60 3D 32 AB 08 41 A8 FA D0 19  |_f...[`=2..A....|
0000DF00  01 0A 18 81 32 B8 6D B9 97 F3 E7 66 7F FF 67 32  |....2.m....f..g2|
0000DF10  EF EF F7 2F BA A6 BF 3F 87 F1 CC 9E 31 39 B7 2B  |.../...?....19.+|
0000DF20  7A 96 24 FD C7 E3 B1 46 D0 72 9B 92 01 E0 1E CF  |z.$....F.r......|
0000DF30  D1 62 45 28 04 5B D0 89 BC 88 B5 3C A0 A7 FB 64  |.bE(.[.....<...d|
0000DF40  5A 63 7F EA EC 71 90 73 B3 27 0A 37 D8 71 4C 5F  |Zc...q.s.'.7.qL_|
0000DF50  75 95 A1 E9 90 9B 01 F7 FF 78 58 67 F8 52 07 E9  |u........xXg.R..|
0000DF60  F1 DC 35 DF CF CC 42 77 AE C9 DE 9A 83 AE 7A C7  |..5...Bw......z.|
0000DF70  99 18 32 66 B7 8C 97 D5 24 4A 5E D5 CE D5 8D 0D  |..2f....$J^.....|
0000DF80  1D D6 2A F7 69 FD A5 10 01 24 EB F3 CB 92 6F 83  |..*.i....$....o.|
0000DF90  28 F9 D8 80 C8 49 BE 3C FC C2 72 61 7F 40 08 8B  |(....I.<..ra.@..|
0000DFA0  3C 34 7E D2 10 01 1B 3C 96 9E 4F BF D2 B4 C1 52  |<4~....<..O....R|
0000DFB0  B8 D2 EC ED 73 3B 3E EB 7D C6 9C DD F2 70 06 DC  |....s;>.}....p..|
0000DFC0  FF 44 3F 9A FB 7E DD B6 FB 1F 9B E4 FE DC 39 5B  |.D?..~........9[|
0000DFD0  5B 1C EA C5 92 19 5E 74 74 01 E6 FE C4 99 1E AD  |[.....^tt.......|
0000DFE0  7A 4F 6A 47 97 D6 B6 43 1B E8 4F 76 EC 80 08 C0  |zOjG...C..Ov....|
0000DFF0  F0 0B 6E 41 04 8E A7 39 02 DC D6 3A DF B8 D2 B4  |..nA...9...:....|
0000E000  9A ED 70 A5 D9 D8 E7 76 E4 FE F3 3B 0C EE 5F 95  |..p....v...;.._.|
0000E010  01 F7 7B 4E 90 BC 7F F7 04 F7 6F BE 73 0D DA BA  |..{N......o.s...|
0000E020  CF 11 9A D1 E9 E2 CC BC 1F 47 64 CD 1E 6D 68 30  |.........Gd..mh0|
0000E030  D1 7E 12 7C 3F 95 FB 25 4E 62 55 3D F9 57 FD FA  |.~.|?..%NbU=.W..|
0000E040  87 80 FE 21 28 48 70 33 A0 28 02 A4 3C CB B9 9F  |...!(Hp3.(..<...|
0000E050  5C 69 63 FD 4D 60 5D BB FA DC 8E DC DF 58 66 70  |\ic.M`]......Xfp|
0000E060  FF A3 D3 70 FF 9F 6F 9F FE 98 A2 DB 5C E8 FD 3A  |...p..o.....\..:|
0000E070  D7 6C DC E7 B3 7B 3E 42 7A DE 9F 83 B6 EE 71 5C  |.l...{>Bz.....q\|
0000E080  E1 B7 33 3F 44 47 C9 CC C6 B1 FE CA C4 D9 BE 64  |..3?DG.........d|
0000E090  5F AD B6 BF 3B 59 DF 93 AA 3C 0D 11 80 81 19 DF  |_...;Y...<......|
0000E0A0  E7 E7 44 56 D5 EF 02 FE 08 07 AC 4F 5F 04 58 AD  |..DV.......O_.X.|
0000E0B0  E5 46 AE B4 A1 11 B8 D2 6C EC 73 3B EE EB 5D 59  |.F......l.s;..]Y|
0000E0C0  63 70 FF EA 69 B8 FF B1 EB 3C 0B 2C F8 29 C9 FB  |cp..i....<.,.)..|
0000E0D0  59 CC FD 7F 98 EF 77 E2 9A 4F F6 D6 BB 98 4D 4C  |Y.....w..O....ML|
0000E0E0  CA 15 45 97 48 CD 47 6B EB 4C F4 B6 27 7A BA C7  |..E.H.Gk.L..'z..|
0000E0F0  8B 41 5D 70 0A C2 22 27 E5 89 12 AB FF E0 7C 3F  |.A]p.."'......|?|
0000E100  2C FA 04 05 F8 9F AA 08 C8 0B 5B 7A BE 89 2B 2D  |,.........[z..+-|
0000E110  75 FE 3C 58 D7 AE 3E B7 23 F7 AF 36 D7 7A 9F 98  |u.<X..>.#..6.z..|
0000E120  C2 F3 8F DE BC FE 33 77 C1 7D 68 37 E6 FE 4B 46  |......3w.}h7..KF|
0000E130  DE EF CF DE 9A CD 28 D1 15 4E 9F C3 4F B8 1F 2B  |......(..N..O..+|
0000E140  4C F5 BC 3A 3E B4 4D CF 49 F4 CF 89 7E 98 1F 4A  |L..:>.M.I...~..J|
0000E150  80 97 79 3D 1C C8 F9 50 1C 01 1E BF A5 E7 C3 57  |..y=...P.......W|
0000E160  DA 99 7D C6 95 06 D6 B5 AB CF ED C8 FD 77 9A 79  |..}..........w.y|
0000E170  FF FA 0C EA FD 57 FE E4 C0 79 BF 0B D7 FB 7F 6D  |.....W...y.....m|
0000E180  D6 7C E6 E1 9A 0F 97 35 A3 D2 AC F9 24 FA 4E 6B  |.|.....5....$.Nk|
0000E190  FB 7B C6 CE F5 68 25 A5 50 F2 9F FA F4 27 48 85  |.{...h%.P....'H.|
0000E1A0  7E A8 F0 53 1C 01 85 F9 96 9E 6F EA 95 06 25 7F  |~..S......o...%.|
0000E1B0  BB FA DC 8E F5 FE 53 66 9F 0F 37 85 FB FF ED F6  |......Sf..7.....|
0000E1C0  1B 1F 93 DA 8B E6 87 46 8B 3E 75 D7 64 9F 8F 9E  |.......F.>u.d...|
0000E1D0  F7 77 38 D4 19 3E D7 45 B3 E6 93 3C D4 A3 9D 7A  |.w8..>.E...<...z|
0000E1E0  35 55 D3 98 E8 EE 4F 34 56 83 FB 4D F0 9C E4 2B  |5U....O4V..M...+|
0000E1F0  F4 CB 11 36 28 FA FC E1 4D 6C 40 94 25 15 6E 04  |...6(...Ml@.%.n.|
0000E200  34 45 40 30 60 E9 F9 8C 2B 4D 1B DC 06 57 1A 35  |4E@0`...+M...W.5|
0000E210  3E B7 06 39 66 CD 47 98 26 EF BF 5E 99 E6 CE 35  |>..9f.G.&..^...5|
0000E220  0E 94 BB 05 6D C1 B3 5B D6 D4 77 3A 7F B4 F3 73  |....m..[..w:...s|
0000E230  EB B6 BC F8 A8 F3 8B CE E7 96 CD 66 72 48 DE 1F  |...........frH..|
0000E240  8F 0E C4 63 9D E9 91 BD AD 6C 3C B6 87 FC 4E 7B  |...c.....l<...N{|
0000E250  03 9A 9A CF AA 01 AE 40 E4 D8 90 C2 F9 41 85 8B  |.......@.....A..|
0000E260  C2 08 B0 78 8F A7 D6 1F 4B 54 55 24 9A 87 13 0D  |...x....KTU$....|
0000E270  5D FA 87 E4 50 EF D8 20 64 FF 80 9B 63 7F 85 C1  |]...P.. d...c...|
0000E280  FD 5E 93 FB F1 63 C0 A9 9B 1C 53 1D 21 3A 9E EC  |.^...c....S.!:..|
0000E290  43 98 FB 2B 4F 3B D7 57 66 F3 E8 C5 6E E7 DD B3  |C..+O;.Wf...n...|
0000E2A0  66 39 83 8C D1 DF 9F CF A9 F1 E8 31 32 A8 BD 89  |f9.........12...|
0000E2B0  F2 F1 EC D7 40 B7 0B 2B 44 42 02 4C 6B A4 15 BA  |....@..+DB.Lk...|
0000E2C0  F7 AD E5 FE F6 F6 B1 E1 4A ED 1C D4 55 E9 F1 B9  |........J...U...|
0000E2D0  35 A8 A9 36 B8 DF 67 72 FF E0 2C 84 8E 1B B2 CE  |5..6..gr..,.....|
0000E2E0  E8 E9 29 CF 02 A7 CC BF 75 EB EF 47 B6 A2 2C 3D  |..).....u..G..,=|
0000E2F0  EF FF 04 E6 FE 2B 95 B5 CE 8B 5F 5F CC CF 7F F1  |.....+....__....|
0000E300  8C AB F5 CD 31 E7 65 94 CE FB 5B CD 71 5D 78 6C  |....1.e...[.q]xl|
0000E310  E3 B0 9E F6 43 04 60 28 F2 26 2E C0 72 52 78 A3  |....C.`(.&..rRx.|
0000E320  A0 84 A0 D6 43 21 74 DF 5B CB FD A7 2A 92 15 03  |....C!t.[...*...|
0000E330  5A CD F1 C4 DE 53 60 5D 3A 7C 6E 0D B6 99 7B BB  |Z....S`]:|n...{.|
0000E340  FC 3A CF BF BF 00 A1 DB A6 E4 FD BF 98 35 FD 31  |.:...........5.1|
0000E350  9F FA 26 BA 4D CF FB FF 76 05 E1 FE CF 38 2F 0E  |..&.M...v....8/.|
0000E360  2F E6 F9 17 87 9C DD 17 79 E7 9B 8E 1C B2 B7 2B  |/.......y......+|
0000E370  BF 80 C5 79 3F 96 EF 1C C0 B3 7B F1 7D A0 0C 82  |...y?.....{.}...|
0000E380  00 DB 45 96 D5 B0 20 C1 C8 46 6A 23 C0 5A 0D 3F  |..E... ..Fj#.Z.?|
0000E390  3D EF 4F 34 74 69 07 3A B4 F3 D0 E7 63 53 C8 B6  |=.O4ti.:....cS..|
0000E3A0  9C D5 3E 58 6E 70 BF A8 73 FF 3B FA FB AB 3A DF  |..>Xnp..s.;...:.|
0000E3B0  9F 34 73 FC 5F 5E 87 FB FF BC 80 D4 7C 26 F3 FE  |.4s._^......|&..|
0000E3C0  B6 EC FC F9 2F BE E6 FA 74 85 87 79 DB 61 EC EB  |..../...t..y.a..|
0000E3D0  8D C7 4E 92 82 8F FE DF 71 FD 2E 70 94 E8 F9 0F  |..N.....q..p....|
0000E3E0  91 5F 62 CD F8 7E A0 FF AE FF 2F D4 55 83 8C BC  |._b..~..../.U...|
0000E3F0  5F F8 12 2F 04 D8 A0 1C 51 79 45 86 F2 0F 5D 11  |_../....QyE...].|
0000E400  20 04 2D 3D 5F B2 B3 14 73 7F 49 D5 F8 F9 BD C9  | .-=_...s.I.....|
0000E410  33 E7 53 55 B0 B7 CB 76 D0 AF 74 1B 7E AB 1F 98  |3.SU...v..t.~...|
0000E420  6B BD 79 66 7D 67 17 32 72 7F 8C 74 ED 67 2A 4E  |k.yf}g.2r..t.g*N|
0000E430  E8 7F FB 6F 3B 50 E1 82 FB 8A 48 BD FF B6 CA 47  |...o;P....H....G|
0000E440  D1 C5 53 D9 FC 9C 17 D7 39 3B B2 96 39 F3 1C FE  |..S.....9;..9...|
0000E450  2C A3 E6 D3 67 D4 7C 58 52 F7 31 6E 04 65 50 F9  |,...g.|XR.1n.eP.|
0000E460  57 45 29 BC 22 AC 44 44 8F 20 B1 05 05 70 59 D0  |WE).".DD. ...pY.|
0000E470  17 01 61 6B BD AE ED 3F AC ED 3B AF 75 D7 27 F7  |..ak...?..;.u.'.|
0000E480  0E 81 75 ED EA 73 3B EA 78 FE C4 EC F1 CC 5F 7C  |..u..s;.x....._||
0000E490  2D BF 63 74 B9 A6 3F E6 FB 9F 24 35 9F EF 60 EE  |-.ct..?...$5..`.|
0000E4A0  7F 18 D7 7C AA B3 F3 3D 2F BA 9D 8F F2 77 3B 2B  |...|...=/....w;+|
0000E4B0  26 F2 FE AE 74 C1 A7 73 E2 26 B0 97 4C 74 39 42  |&...t..s.&..Lt9B|
0000E4C0  B4 FD 29 BD 09 E4 17 28 2A BB 91 E3 D4 00 27 79  |..)....(*.....'y|
0000E4D0  56 B8 85 02 41 81 75 5F AA B0 D1 6D 6D B5 4F AB  |V...A.u_...mm.O.|
0000E4E0  D9 4E F2 FE 6E ED 7C 5F AA F7 80 36 BC 67 6C B8  |.N..n.|_...6.gl.|
0000E4F0  03 CC 6C 2B E8 D7 B9 0D BF D5 8F CD B5 DE C0 14  |..l+............|
0000E500  EE 7F 2F EB DA F7 0F E3 B6 BF 46 28 77 4B D1 CB  |../.......F(wK..|
0000E510  A4 BF FF B2 C8 24 7E B0 77 5D F6 CB ED 8E 61 9E  |.....$~.w]....a.|
0000E520  9F 39 DB 91 93 35 B1 D6 BB 3B 1E 3B 48 58 3F DA  |.9...5...;.;HX?.|
0000E530  4D 52 FF C1 78 AC 5A 7F 00 A0 39 0A BC 3C CB E5  |MR..x.Z...9..<..|
0000E540  FB 83 5C 98 F5 29 72 A1 B4 09 AE 0B DA A0 BB DF  |..\..)r.........|
0000E550  D2 F3 25 9A 87 93 E7 F6 68 25 03 5A F7 70 AA E2  |..%.....h%.Z.p..|
0000E560  BC 56 57 9E 1A 29 87 DA BF AD E0 53 EC 98 DF 3D  |.VW..).....S...=|
0000E570  6F D6 7C 82 19 EC EB 2D 5F 4E EA FD 0F E1 D9 2D  |o.|....-_N.....-|
0000E580  6F 5C 76 A0 04 6A E4 D1 CB 0F 39 F3 F9 52 67 10  |o\v..j....9..Rg.|
0000E590  5D 9A EC F3 39 4E 4A FC 95 46 95 BF 3C 1E 6D D7  |]...9NJ..F..<.m.|
0000E5A0  1F 02 28 8F 02 CC FD 8A 2A 48 5C 80 0D 47 02 D0  |..(.....*H\..G..|
0000E5B0  DF 4F 21 F7 2B D6 AE FB 69 FB CE 27 AA 2A B4 92  |.O!.+...i..'.*..|
0000E5C0  B3 5A 5F BB B6 3D 0A 06 B6 21 F4 4B DD 86 DF EA  |.Z_..=...!.K....|
0000E5D0  6E 53 D3 21 94 01 F7 FF 71 09 E1 FE CD 98 FB 2F  |nS.!....q....../|
0000E5E0  5C 16 9C 06 F7 DF CB E4 BB DF 74 BD 69 EE EB 8D  |\.........t.i...|
0000E5F0  47 3B 48 81 A7 05 1C FF 61 EE 8F 78 81 F2 29 86  |G;H.....a..x..).|
0000E600  D5 EE 1F 1B A8 4E F4 EC 06 BB D2 E4 73 6B F0 6D  |.....N......sk.m|
0000E610  33 EF DF 90 01 F7 3F F0 1F 08 F7 BF 84 7B 3C FF  |3.....?......{<.|
0000E620  E5 F2 39 97 CE FD F9 E8 E5 FF DB DE D5 00 B7 51  |..9............Q|
0000E630  5D EB AB 1F 3B 26 7F 38 24 0E 10 C8 63 A1 81 18  |]...;&.8$...c...|
0000E640  08 34 65 4A 9B 52 5A BC 92 D6 DA B5 A4 5D 65 25  |.4eJ.RZ......]e%|
0000E650  39 D8 EF 67 A0 A4 4C DF EB 7B 2D A5 85 30 4C 98  |9..g..L..{-..0L.|
0000E660  71 24 92 58 76 48 6C C7 38 26 76 12 DB B1 E3 38  |q$.XvHl.8&v....8|
0000E670  7F 56 E2 04 3B 8E 63 17 9C A4 E1 2F 35 94 4E E9  |.V..;.c..../5.N.|
0000E680  DF 1B FA E4 95 64 1E 6D 79 33 9D 79 D0 69 E1 ED  |.....d.my3.y.i..|
0000E690  BD BB 92 4D 12 82 37 DD B6 FB B8 E7 1B 2C 29 09  |...M..7......,).|
0000E6A0  BB 23 9F 7B F6 DB B3 E7 9E F3 9D 83 B6 73 2F 3A  |.#.{.........s/:|
0000E6B0  F2 E2 53 B9 1F CF 6A 87 85 BF 80 FB 65 35 E8 AF  |..S...j.....e5..|
0000E6C0  E0 7C 6C 98 93 05 D1 15 91 BD 60 16 AA 3C C0 DC  |.|l.......`..<..|
0000E6D0  9A 0F CC FD 6A DC 9F 00 B9 5C 0B 73 BF 6C 45 EE  |....j....\.s.lE.|
0000E6E0  3F AC D7 F7 CB 53 B8 FF F4 8C 4B 1F 73 6F 25 E6  |?....S....K.so%.|
0000E6F0  FE AA 5B 31 F7 FF 64 6D C0 31 BC E4 03 D7 DC 35  |..[1..dm.1.....5|
0000E700  3D B6 13 8E B4 43 44 FC 64 BE 5F DB E5 ED 24 3B  |=....CD.d._...$;|
0000E710  BE 3B E0 3E 40 9E F8 2B C2 5C E0 54 A2 92 61 FD  |.;.>@..+.\.T..a.|
0000E720  AC 58 C1 86 82 12 4C EE A6 CC 03 4C CE F4 4D 34  |.X....L....L..M4|
0000E730  8F 10 EE 1F 1A 1F DC 3E 7E 72 6B 26 7A 04 6C FC  |.......>~rk&z.l.|
0000E740  59 5F 73 73 B0 43 DF EB 0D 19 88 FB EF 65 49 DC  |Y_ss.C.......eI.|
0000E750  FF 10 AE F3 09 AE 65 ED 1A F7 17 3B 06 9E 3E ED  |......e....;..>.|
0000E760  AC 45 D9 BD DE 43 C9 58 37 D9 DE DD 90 8C 81 BE  |.E...C.X7.......|
0000E770  48 16 DE D1 A6 CA 30 17 E4 98 90 0F 8C 41 A7 07  |H.....0......A..|
0000E780  48 95 A6 9E 4F D9 DA 85 37 7A DB 1B 53 BD 10 FA  |H...O...7z..S...|
0000E790  53 B2 E6 E6 60 50 E7 FE B0 01 EE 2F AC 25 DC 5F  |S...`P...../.%._|
0000E7A0  8C EB 7C CE AC BD D6 31 FC C8 FB 2E CF 9A CF 39  |..|....1.......9|
0000E7B0  7A 37 A6 9C 7C 8E FB FB 20 E8 BF 08 4E 25 C2 E1  |z7..|... ...N%..|
0000E7C0  53 89 52 D6 C7 F0 92 DF 73 2A 21 7A 19 9F 04 0F  |S.R.....s*!z....|
0000E7D0  00 14 C1 67 72 33 5F BA BB 1E 82 7E CA D6 DC 1C  |...gr3_....~....|
0000E7E0  54 E8 33 1B CB 8D D4 F9 2C 26 39 9F 6B 30 F7 97  |T.3.....,&9.k0..|
0000E7F0  AC 15 70 CE A7 0C AD B9 CB 71 24 DF E3 3C A7 CF  |..p......q$..<..|
0000E800  EB C5 BD 5C B8 92 BF 96 21 75 9E 3D A4 C3 0B 6E  |...\....!u.=...n|
0000E810  04 A8 82 13 4F 25 98 80 FA 10 18 06 C2 A7 D3 03  |....O%..........|
0000E820  02 E6 3E FF A7 9A 12 13 3D 07 52 B5 F1 4C 43 14  |..>.....=.R..LC.|
0000E830  EE 00 D6 44 C0 6F 45 3D 9F 8C 9E EF 5F 35 85 FB  |...D.oE=...._5..|
0000E840  1B 0A 2E 7D 4C E3 3C 12 F7 23 5C E7 B3 A6 D8 86  |...}L.<..#\.....|
0000E850  1A 51 50 46 4F 7E 1E 3D 10 4D AA DC 9F DD EB ED  |.QPFO~.=.M......|
0000E860  48 C6 F6 E9 8A 6E D1 63 0C 91 F3 24 0D BE B8 B1  |H....n.c...$....|
0000E870  8B DE 4A 4F D6 2F B0 62 25 CB 04 B9 B0 2C F9 39  |..JO./.b%....,.9|
0000E880  19 06 F6 52 E8 01 A6 9E 6F A2 79 44 A9 EE 51 0E  |...R....o.yD..Q.|
0000E890  C5 33 75 7B C1 BA D6 84 4B B6 62 8C F7 81 AE DF  |.3u{....K.b.....|
0000E8A0  70 FF 14 EE FF 6D C1 A7 1F A7 72 3F 8F B9 BF B9  |p....m....r?....|
0000E8B0  98 B5 37 2E 5F 59 86 9E BC D1 FE F3 51 67 FE 4F  |..7._Y......Qg.O|
0000E8C0  B2 7D BD 98 F5 AB 09 D1 6F 20 12 FE 7D 2A FD 37  |.}......o ..}*.7|
0000E8D0  25 A3 FB C9 33 C0 4E 72 47 38 40 A1 17 B8 59 C6  |%...3.NrG8@...Y.|
0000E8E0  15 71 B3 32 1B 60 45 2F D4 7A D2 C8 03 11 73 6F  |.q.2.`E/.z....so|
0000E8F0  F6 CA 40 4C 79 A6 1D 4B F8 B7 0C A5 DA 86 C0 C0  |..@Ly..K........|
0000E900  14 AC B9 39 D8 AB C7 FD 95 3A F7 77 A8 BC 5F 39  |...9.....:.w.._9|
0000E910  73 5A DC EF 2F 56 B9 FF B9 1C F7 DF 69 7F 6D 86  |sZ../V......i.m.|
0000E920  3B EF CD 6C CE 27 B6 05 77 F3 E2 3B C0 81 64 F4  |;..l.'..w..;..d.|
0000E930  B8 4A FC 1B 19 B2 07 A0 92 7F 3C 19 AB A3 D5 0B  |.J........<.....|
0000E940  CA 58 6F 84 95 39 18 D5 85 28 F6 00 73 B9 BF A6  |.Xo..9...(..s...|
0000E950  4D E9 22 B2 0E C3 FD 24 F7 DF A8 74 6E 4F 6F 05  |M."....$...tnOo.|
0000E960  59 07 2B 45 7C 2E 2B 86 79 33 EB 34 EE CF 6A F5  |Y.+E|.+.y3.4..j.|
0000E970  63 FD B6 5F 7F 5A 8D E7 95 A8 48 E5 FE 07 71 DC  |c.._.Z....H...q.|
0000E980  1F AC 61 1D A7 9B 17 F8 3C DF BD DB FE A5 68 A7  |..a.....<.....h.|
0000E990  A3 2C 9B F3 C1 E2 3D 43 A4 B5 F7 78 32 D6 92 8C  |.,....=C...x2...|
0000E9A0  C5 D4 C7 00 70 02 E4 63 5C 1C 27 87 DC BC 14 66  |....p..c\.'....f|
0000E9B0  CA 21 EE A7 31 06 E4 CC D5 F3 49 F5 36 AA 7C 9F  |.!..1.....I.6.|.|
0000E9C0  89 36 81 69 2D 8B 55 7E 2B E6 7C 16 EA 7D BD 0F  |.6.i-.U~+.|..}..|
0000E9D0  5E 44 CB 2D F1 09 5A 6E F7 DD 34 39 B7 6B 0C 73  |^D.-..Zn..49.k.s|
0000E9E0  3F C2 DC 7F D0 BE 5C 38 E3 A8 41 DA DC 2E 89 67  |?.....\8..A....g|
0000E9F0  48 8C 3F 94 95 6F 83 D1 5D 04 AA 5D FC 5C A4 1C  |H.?..o..]..].\..|
0000EA00  F4 DB 28 F6 00 73 FB FB 53 DB BA 33 C7 F6 A7 07  |..(..s..S..3....|
0000EA10  8F E0 3B C0 E6 C3 13 47 D6 A5 0E 3F 0F 66 B6 14  |..;....G...?.f..|
0000EA20  D4 4B DE 82 DF EA 43 3D E7 F3 AD 29 DC 5F 3C E3  |.K....C=...)._<.|
0000EA30  D3 8F C3 7B BD B8 B7 EB A7 4D 36 F4 0A 5A 16 42  |...{.....M6..Z.B|
0000EA40  55 2B D0 6F D6 B9 9C 2F E7 72 3E 64 70 0B 2E F3  |U+.o.../.r>dp...|
0000EA50  DC AA 7E 80 E5 CF 7A 41 85 E8 75 55 30 2E A8 EE  |..~...zA..uU0...|
0000EA60  A7 D8 03 CC E5 FE 9D DB A0 B2 9F B2 35 37 07 3F  |............57.?|
0000EA70  D3 E3 FE 7F 9B C2 FD 0B A7 B7 D7 FB 20 E6 FE E5  |............ ...|
0000EA80  4D 2F A1 57 3C 77 F8 50 D5 3D 76 F6 C5 71 7B DC  |M/.W<w.P.=v..q{.|
0000EA90  96 AD F3 D1 54 DC 86 C8 4D A0 4B D7 73 8E F6 D2  |....T...M.K.s...|
0000EAA0  EE 05 A1 D1 66 D1 C3 C9 65 15 21 1F C7 94 4A 1E  |....f...e.!...J.|
0000EAB0  97 E4 87 4B 83 2E 0F 28 33 39 E7 D3 5E AF 0C F7  |...K...(39..^...|
0000EAC0  A7 9E E9 C7 29 FF 5D 83 60 60 0B 82 67 3D 16 FC  |....).].``..g=..|
0000EAD0  56 79 76 ED FD FB 06 EA FB FF 4B 22 DC 2F E0 9C  |Vyv.......K"./..|
0000EAE0  4F AA 49 B0 AB 71 BF CA FD AC E3 26 F7 A8 FD 95  |O.I..q.....&....|
0000EAF0  2C F7 C7 8E 26 A3 ED 64 62 CB 01 58 FB 49 94 73  |,...&..db..X.I.s|
0000EB00  65 7E 0E C2 7E 9A 3D C0 E4 C5 4F 9F 38 9A EE EE  |e~..~.=...O.8...|
0000EB10  55 AA 7B C0 B4 56 BE EA 2D F8 AD 5E 2A D0 92 FA  |U.{..V..-..^*...|
0000EB20  4F 1A E0 FE 70 D4 B6 30 38 AA D5 F7 A3 53 F8 B9  |O...p..08....S..|
0000EB30  A1 FA AB 6E F7 72 B4 BA 64 F5 92 99 8E E2 2B 66  |...n.r..d.....+f|
0000EB40  13 EE EF C9 D5 F5 A8 B1 7F 6D 32 B6 9B 61 5D E0  |.........m2..a].|
0000EB50  05 01 C9 EF 51 03 7E E0 7E 9A 3D C0 DC B8 BF 36  |....Q.~.~.=....6|
0000EB60  9E EE AE 9F 38 B2 4E EB EE 65 32 5B 77 A4 9F 3B  |....8.N..e2[w..;|
0000EB70  09 76 B6 12 FC AC 15 AB FA 76 EA 9A 0E 09 23 1A  |.v.......v....#.|
0000EB80  CE 83 36 3C BB E5 21 CC FD 2F 60 1D CF 07 B6 87  |..6<..!../`.....|
0000EB90  D0 A3 4B EC 9E 17 6F 75 D4 E7 7A BB 4E 26 63 EB  |..K...ou..z.N&c.|
0000EBA0  60 D5 CF 47 B0 D4 CD 84 24 37 2F 80 29 28 85 BA  |`..G....$7/.)(..|
0000EBB0  FA E6 C6 FD 47 3B 94 AE 7A B0 2B 4D 6B 6E 0E D6  |....G;..z.+Mkn..|
0000EBC0  E9 F9 FE 23 06 B8 3F E3 D0 F4 7C 70 BE 7F 85 36  |...#..?...|p...6|
0000EBD0  BB 45 E5 FE 5E 5B 64 74 D4 19 CC EA F9 C4 1A C8  |.E..^[dt........|
0000EBE0  50 F6 83 B0 F0 1F 83 4A FD 3E 5E 08 F8 80 FB 69  |P......J.>^....i|
0000EBF0  85 CF E4 FB BE 32 B0 49 E9 DE 00 99 7E 9A D6 DC  |.....2.I....~...|
0000EC00  1C BC 54 A3 71 FF F3 0B 8C 1D A7 72 FF BF E3 B8  |..T.q......r....|
0000EC10  FF 75 6D 76 8B CA FD 27 9C 03 67 4E D9 57 66 67  |.umv...'..gN.Wfg|
0000EC20  36 62 F5 86 21 D2 DA 8B 87 76 1D 4D 46 7B 48 B1  |6b..!....v.MF{H.|
0000EC30  FF 51 32 BF B1 87 FC 5B 9C 4E EE 97 A5 B0 24 33  |.Q2....[.N....$3|
0000EC40  E5 92 DF 2B 79 65 4B 6E 02 01 FE 8A 90 CB CD ED  |...+yeKn........|
0000EC50  ED 4A 1D 6D 49 C7 8F 8F 0F 6D C1 5D 5D 35 6D A9  |.J.mI....m.]]5m.|
0000EC60  B6 21 A5 B6 01 CC FC 99 5E 73 73 D0 A9 CF 6A 1F  |.!......^ss...j.|
0000EC70  34 CC FD 55 DF BA 13 F7 76 BD 9A E7 48 0D 3F A7  |4..U....v...H.?.|
0000EC80  72 FF 32 C7 2B 67 96 3A AE B2 67 35 1D 46 48 81  |r.2.+g.:..g5.FH.|
0000EC90  67 6B 32 06 33 85 3E CE FD 61 36 E0 92 CA C1 14  |gk2.3.>..a6.....|
0000ECA0  94 42 5D 7E 73 E3 FE 1D 7B 52 7D 1D 4A 27 08 E5  |.B]~s...{R}.J'..|
0000ECB0  D2 B3 E6 E6 20 5F CF F9 FC C8 78 DC FF 2D 5C E7  |.... _....x..-\.|
0000ECC0  F3 EA 98 0D 65 50 9B CF 15 EF 76 7C 65 E3 EA 3C  |....eP....v|e..<|
0000ECD0  3E 57 E7 B3 8F 44 FB BB 89 72 4F 82 74 F7 56 43  |>W...D...rO.t.VC|
0000ECE0  87 17 F2 0B E5 82 E8 0D 85 25 11 54 1D A8 F5 00  |.........%.T....|
0000ECF0  73 B9 BF BA 27 D5 B4 31 D5 D4 3B D1 3E 02 D6 A5  |s...'..1..;.>...|
0000ED00  63 CD CD C1 16 7D AF 77 C2 38 F7 3F 82 B9 DF 8F  |c....}.w.8.?....|
0000ED10  F5 FB DB 3E 90 3D 6B AE 75 F4 96 96 39 1B 74 2D  |...>.=k.u...9.t-|
0000ED20  37 97 8B 49 46 F7 92 34 CF 20 29 F6 69 03 FD 66  |7..IF..4. ).i..f|
0000ED30  A4 D9 85 93 2B 23 72 24 00 02 CE 74 42 5D 7E 53  |....+#r$...tB]~S|
0000ED40  CF 37 3E 54 83 2B FB 77 EC C1 A2 6E 89 46 17 14  |.7>T.+.w...n.F..|
0000ED50  D3 7D F6 D7 DC 1C DC AF CF EB 7D 67 0A F7 CF B3  |.}........}g....|
0000ED60  5D FA 98 4E 17 F2 E0 DE 2E CC FD 0D 6B 7F ED C4  |]..N........k...|
0000ED70  73 BB BE BB 66 89 E3 B6 53 4B 9D 73 ED 93 71 7F  |s...f...SK.s..q.|
0000ED80  74 08 F8 FE 7C 8C 6E 64 2B 7C 11 99 91 85 4A 0E  |t...|.nd+|....J.|
0000ED90  B3 3F CC EF A2 0D EA CA 9B 7A BE 89 8D 9B 52 7D  |.?.......z....R}|
0000EDA0  27 33 23 75 4A 0D 68 38 53 B2 E6 E6 E0 3E 5D D3  |'3#uJ.h8S....>].|
0000EDB0  E1 BF 0D C4 FD F7 DB 49 DC FF 28 DE EB 4D AE FD  |.......I..(..M..|
0000EDC0  82 6D F8 0C 9E DD B2 CB 36 60 5B 9A 37 37 AB E1  |.m......6`[.77..|
0000EDD0  1C DB 88 AB FA 71 D0 BF 0F EE 00 93 A8 88 E0 19  |.....q..........|
0000EDE0  ED 7E C6 83 67 B8 54 FA 4F 25 20 FC A7 0C 1E D1  |.~..g.T.O% .....|
0000EDF0  E4 B8 FF C4 6E 25 31 84 C7 36 56 F7 C0 E0 16 3A  |....n%1..6V....:|
0000EE00  D6 DC 1C AC 8A 6B DC FF EE 14 EE FF B4 D9 BD 3F  |.....k.........?|
0000EE10  28 99 E4 FE 86 B5 36 34 8C DE 77 A1 35 F5 8E CF  |(.....64..w.5...|
0000EE20  9F 9E 99 B7 39 A7 DF 7F 20 19 1D D0 67 B7 E0 91  |....9... ...g...|
0000EE30  BD DB A0 A1 09 C3 CB 56 9E 4A B0 62 98 0B 82 3D  |.......V.J.b...=|
0000EE40  28 F5 80 4A 73 67 38 E1 DA 9E 63 9B 95 43 F1 54  |(..Jsg8...c..C.T|
0000EE50  5F 22 F5 DC 21 30 30 05 6B 6E 0E FE 47 8F FB DF  |_"..!00.kn..G...|
0000EE60  33 10 F7 17 7F 8E E4 7C 56 E7 E2 FE B6 0F 5C B3  |3......|V.....\.|
0000EE70  D7 9C B4 3F EF 72 3B 66 DB 8A E7 CD 41 FA EC 96  |...?.r;f....A...|
0000EE80  3E 7D 56 0B 9E DB DE 85 6F 05 B1 2E DA BD 20 E0  |>}V.....o..... .|
0000EE90  E3 18 56 F4 B1 32 EB 1D 6D 75 8F B6 C2 75 41 1B  |..V..2..mu...uA.|
0000EEA0  D4 D5 37 97 FB 0F C5 B5 D9 2D 4A 4D CB C4 C6 2D  |..7......-JM...-|
0000EEB0  60 60 0A D6 DC 1C DC AC 73 FF 1F A7 70 FF FD D3  |``......s...p...|
0000EEC0  9B DD A2 69 3A E4 66 36 DE 85 56 97 DC E2 98 81  |...i:.f6..V.....|
0000EED0  F8 C2 5C CE 67 07 D9 E5 25 73 BB 70 3D 7F AB 36  |..\.g...%s.p=..6|
0000EEE0  B9 F1 00 51 F9 A1 54 7E C4 C3 05 25 39 2C 94 4B  |...Q..T~...%9,.K|
0000EEF0  4C 90 93 39 41 06 09 7F EA 3C 20 68 6E 8E 6F FC  |L..9A....< hn.o.|
0000EF00  64 CF 44 4B BF CA FD 90 F0 B1 2C 82 96 9C D9 F8  |d.DK......,.....|
0000EF10  E3 0D 79 E4 DD 51 64 F8 50 1F 9E DB 85 DE 27 4F  |..y..Qd.P.....'O|
0000EF20  0D EA 0D E4 7A A7 3F 7F A3 7A B2 B6 82 D9 D9 B8  |....z.?..z......|
0000EF30  9F 0C 6E D1 0A FD A3 87 C1 03 48 04 10 F6 8F C6  |..n.......H.....|
0000EF40  C3 82 5B 62 42 AC C8 F8 23 42 08 6C 42 17 42 A2  |..[bB...#B.lB.B.|
0000EF50  B9 7A 3E 13 CD 23 13 47 D6 A5 BB 9A 70 A9 4F D7  |.z>..#.G....p.O.|
0000EF60  E6 F1 A1 1A B0 B1 E5 AE 7A 4B D6 F9 FC AE 46 E3  |........zK....F.|
0000EF70  FE 39 C6 B9 1F DD A1 FE D4 DD C2 DA B7 22 BF 7D  |.9...........".}|
0000EF80  EA DF CF BE 20 EE C7 33 1B DB 49 C9 7F 23 51 73  |.... ..3..I..#Qs|
0000EF90  1E 48 C6 76 D3 E9 05 6E 7F C4 C5 78 38 46 8B FF  |.H.v...n...x8F..|
0000EFA0  B9 10 13 E0 FC 42 50 F0 FB E1 01 80 12 04 B8 20  |.....BP........ |
0000EFB0  18 01 D6 DC 02 38 AD E7 7C AE 52 B9 3F 34 13 A1  |.....8..|.R.?4..|
0000EFC0  EB D4 F7 65 FA 7D 20 30 FF E2 C7 FC 61 11 E9 EB  |...e.} 0....a...|
0000EFD0  9D FB 65 BC D7 CB F3 F6 25 8B EA F8 A2 DA 5E DB  |..e.....%.....^.|
0000EFE0  9B 4F 2B 0E 57 2E E7 53 9D 8C 76 69 32 9E 2A F1  |.O+.W..S..vi2.*.|
0000EFF0  D7 91 D8 5F FD AF 57 FD C3 1E AC EC 8F F3 3E 1B  |..._..W.......>.|
0000F000  C8 28 47 AA A4 1D C2 72 84 63 5C AC E8 F5 49 3E  |.(G....r.c\...I>|
0000F010  26 22 0A 61 CE 03 4D 5E 54 21 EC 32 77 86 53 AA  |&".a..M^T!.2w.S.|
0000F020  65 28 93 E8 CF AC 6B 54 EA 60 28 2A C0 00 AE D4  |e(....kT.`(*....|
0000F030  E7 F5 CE D7 F9 FE C6 A2 4F E6 FC 9C F7 7E 8D E4  |........O....~..|
0000F040  FB 0B EE C8 72 3F 53 17 AC AC BD CE 1E 3E 73 2A  |....r?S......>s*|
0000F050  7F 46 6E 5E EF 3A 6D 54 23 D9 EB ED A4 9C F1 A7  |.Fn^.:mT#.......|
0000F060  C4 FD BC A0 12 BF CC 0A 40 FC 94 22 E4 36 99 FB  |........@..".6..|
0000F070  07 D6 67 36 1F 56 B9 1F 4C 0B 30 84 7E 5D CF A7  |..g6.V..L.0.~]..|
0000F080  48 E5 FC 6B D5 9F 62 F5 67 F1 34 F2 3F 38 EE C7  |H..k..b.g.4.?8..|
0000F090  7B BD 1D 98 FB 1F A9 0B A2 DA 3D B6 D7 5F 48 4F  |{.........=.._HO|
0000F0A0  99 D5 5E 43 E4 FB 87 74 FA C7 1F D6 25 63 BB 93  |..^C...t....%c..|
0000F0B0  D1 7E F2 79 A7 7A 37 D8 99 8C 3D 9D 8C 55 51 65  |.~.y.z7...=..UQe|
0000F0C0  6F 91 F5 F1 92 C8 C8 6C D8 CD B3 21 21 C0 32 01  |o......l...!!.2.|
0000F0D0  B6 D2 C3 C2 2D 80 1E 0F 90 CD D5 76 99 88 EE 4E  |....-......v...N|
0000F0E0  F7 0C A6 6A E3 A9 5D 5D 58 D9 A1 07 66 25 01 A6  |...j..]]X...f%..|
0000F0F0  85 07 75 1D CF AB 55 BE BF 46 FD B9 5E CF FD 5C  |..u...U..F..^..\|
0000F100  0A 6B 8B 08 F7 3F 86 E3 7E 46 CB F9 A8 DC BF CC  |.k...?..~F......|
0000F110  EE 77 3A F3 6A 72 FA FD C7 B0 8E 03 8E F0 AB 55  |.w:.jr.........U|
0000F120  9A DF 46 C2 7F 6D 8E 4B 1F 43 6E 00 B8 FC 87 C2  |..F..m.K.Cn.....|
0000F130  A8 8F 0D 44 C2 4C 50 66 7D AC C8 B8 85 70 05 B0  |...D.LPf}....p..|
0000F140  3E 6D 1E 10 34 77 C1 33 35 07 53 5B EA 26 5A D6  |>m..4w.35.S[.&Z.|
0000F150  43 E8 0F 30 84 62 5D CB ED 9A 29 B1 7E 68 7A 35  |C..0.b]...).~hz5|
0000F160  9E CD 98 FB 4B F8 12 C7 92 25 F5 41 4F ED 76 DB  |....K....%.AO.v.|
0000F170  1B EB 66 3B E2 B9 59 ED 3B B4 8E 5E 86 24 79 40  |..f;..Y.;..^.$y@|
0000F180  C6 5F 47 50 F2 0B 6E 8E 09 73 B2 04 AC 4F A7 07  |._GP..n..s...O..|
0000F190  B8 CD ED F3 C9 1C DC A3 F4 EE 4A C7 8F A7 4F 6E  |..........J...On|
0000F1A0  03 EB 02 A6 8F 23 FA 5E 2F CE F7 E0 FD DE EB A6  |.....#.^/.......|
0000F1B0  C4 FD 9F 74 0F 68 F8 8F C9 7C FF BB 5A BE 9F 47  |...t.h...|..Z..G|
0000F1C0  B5 3B 6D 3F B1 71 F9 2F E7 72 3E 3B 34 FD 7E 30  |.;m?.q./.r>;4.~0|
0000F1D0  F1 79 DC 2F 87 81 F4 29 F7 00 53 CF 97 EA 4B 28  |.y./...)..S...K(|
0000F1E0  2D 27 53 03 BD CA 96 DD 60 5D 80 01 E8 71 FF A2  |-'S.....`]...q..|
0000F1F0  29 39 9F 9F E6 4D 2B EE 7F 62 7E 76 AF B7 04 EF  |)9...M+..b~v....|
0000F200  F5 6E B3 BD E6 BE 22 4F B4 69 75 3E C1 70 36 D3  |.n...."O.iu>.p6.|
0000F210  83 D3 FC 5D C9 58 2F C9 FF 50 1F 99 04 49 C2 C7  |...].X/..P...I..|
0000F220  CD 47 D8 20 DC 02 28 F5 00 73 EB FD 94 FE A3 99  |.G. ..(..s......|
0000F230  D6 2A 65 D7 20 8C 6B 07 18 42 9E CE FD D7 E9 7B  |.*e. .k..B.....{|
0000F240  BC D7 EB F1 FF A5 F0 44 DE A4 7E FF 62 FE 07 08  |.......D..~.b...|
0000F250  EF F5 56 D6 EE 74 9C E1 F7 3A 5F CD E5 7C A6 EC  |..V..t...:_..|..|
0000F260  EF C6 9A 48 6D 3F 2E F6 DC A5 8D F2 A2 56 DB 4D  |...Hm?.......V.M|
0000F270  DB E4 75 45 64 81 09 08 61 39 C8 4B 7E B8 07 D0  |..uEd...a9.K~...|
0000F280  E5 01 01 73 B9 5F DB E5 55 06 62 13 1B 37 29 83  |...s._..U.b..7).|
0000F290  20 12 02 98 2E 1C 3A F7 63 CE 5F 34 A5 C6 1F 43  | .....:.c._4...C|
0000F2A0  2A BC 64 DC 3F 1B E7 7C 0A F9 31 1B 8E FB 51 ED  |*.d.?..|..1...Q.|
0000F2B0  AD 0E 9F BB D4 29 67 B9 1F 77 F4 92 3A 9F E8 48  |.....)g..w..:..H|
0000F2C0  32 DA 09 86 D6 11 8A F8 78 29 CC B3 02 30 3E BD  |2.......x)...0>.|
0000F2D0  1E 60 EA F9 D2 47 DB 94 2D BD A9 BE 04 98 16 60  |.`...G..-......`|
0000F2E0  08 E5 7A 8D 67 B6 AE 73 D9 34 EA FB 1F B8 62 B2  |..z.g..s.4....b.|
0000F2F0  C6 93 E4 7C EE C1 71 FF AD 8E D7 3D A3 79 5B A6  |...|..q....=.y[.|
0000F300  70 7F AC 9E 14 78 EA 41 3F D8 5A BB F2 83 3C 2B  |p....x.A?.Z...<+|
0000F310  92 B8 1F C8 9F 56 0F 30 9B FB 53 8D 55 A9 83 7B  |.....V.0..S.U..{|
0000F320  D4 B8 1F AC 0B 98 3E FE A8 73 7F F1 94 3C CF B2  |......>..s...<..|
0000F330  69 D5 F7 A3 87 17 4F F6 F5 AA DC 7F CC 76 7F EC  |i.....O......v..|
0000F340  66 C7 DC DC 5E 6F 4F 32 B6 57 AF E9 04 96 9B 7C  |f...^oO2.W.....||
0000F350  E2 67 2B 24 D1 0B 16 A1 D8 03 2A 44 73 B9 FF E4  |.g+$......*Ds...|
0000F360  36 A5 76 63 E6 F9 BE 74 5D 6C 7C E4 F0 F8 F1 BA  |6.vc...t]l|.....|
0000F370  89 18 0C 71 01 7C 3A 9E D4 73 3E CB F4 7C FF 55  |...q.|:..s>..|.U|
0000F380  45 D3 AD F1 AC 42 5A 5F 6F 15 C2 35 9E 95 B5 D7  |E....BZ_o..5....|
0000F390  D8 83 F9 9B ED 62 6E 5E 6F 75 36 E5 0F A5 3E 53  |.....bn^ou6...>S|
0000F3A0  10 96 59 A8 F3 A1 DD 03 4C 3D 1F 96 ED AF 8D A7  |..Y.....L=......|
0000F3B0  E3 C7 C1 B4 00 43 E8 7C 46 2B EA F9 8A 41 2D 37  |.....C.|F+...A-7|
0000F3C0  35 EE F7 63 EE 6F 5A 52 61 6F 40 BC 5C 54 D9 68  |5..c.oZRao@.\T.h|
0000F3D0  FB C7 98 CF F9 86 8D 2F D4 74 3C F7 11 C1 E6 1E  |......./.t<.....|
0000F3E0  52 E5 BF 8F 09 C2 70 2A 02 29 C8 C9 A3 EB 64 41  |R.....p*.)....dA|
0000F3F0  62 4A 39 59 96 CA 05 ED 0F 1C DC 0D 28 F2 00 73  |bJ9Y........(..s|
0000F400  B9 FF 40 B7 32 F0 AC 92 68 54 AA 7B 94 AE 2E 30  |..@.2...hT.{...0|
0000F410  B0 05 11 F4 5A 51 CB ED FA 8D 1A F7 DF 63 5C C7  |....ZQ.......c\.|
0000F420  F3 71 A2 E1 7C 1B 7E 6E 08 DB 11 5A 61 5F E5 FA  |.q..|.~n...Za_..|
0000F430  C6 EA 49 0D E7 3E 92 F2 EF C8 36 79 F5 27 A3 1D  |..I..>....6y.'..|
0000F440  E0 04 C8 C3 F9 4B 47 9F 11 99 10 90 3D BD 1E 60  |.....KG.....=..`|
0000F450  EA F9 D2 DD F5 A9 A6 DE CC E6 FD A9 BE 0E 95 FE  |................|
0000F460  33 5D 23 E3 83 DB C1 CC 96 82 3B 14 B0 E0 B7 9A  |3]#.......;.....|
0000F470  A3 73 FF D7 0D 73 7F 95 1B EB 78 A2 BB 30 F7 AF  |.s...s....x..0..|
0000F480  56 B9 FF 98 F3 9C F3 C1 6F E6 B8 5F A5 FC E8 61  |V.......o.._...a|
0000F490  AC DD 86 05 9B BB 61 F9 75 70 A1 70 C4 23 E0 A1  |......a.up.p.#..|
0000F4A0  8D 21 2C E5 1C 18 8D CB 02 C8 F9 50 E6 01 E6 C6  |.!,........P....|
0000F4B0  FD 2A E5 AF AF 1D 1F AA 81 B8 DF BA 71 FF 4A BF  |.*..........q.J.|
0000F4C0  05 BF D5 D0 33 0E F2 7E DF 65 E8 F7 E3 BD 5E F4  |....3..~.e....^.|
0000F4D0  0E E6 FE 37 63 08 DD 5E B5 FA 87 67 D5 7B C0 EE  |...7c..^...g.{..|
0000F4E0  1A AD CE 67 80 54 F8 F4 90 09 2E 23 97 59 CC EF  |...g.T.....#.Y..|
0000F4F0  15 5C 32 EB 0F B3 7F 59 C2 C8 9C B3 9C DB 7A EE  |.\2....Y......z.|
0000F500  B9 73 0D E7 DA CF D5 9F 6B 39 D7 A9 BE B6 FF 7F  |.s......k9......|
0000F510  FF 8D CC 39 8B 9B 73 71 FE 53 09 F5 34 C2 DF 7D  |...9..sq.S..4..}|
0000F520  30 9D 39 BF D1 5F DD EA A6 9E 2F DD 72 54 19 88  |0.9.._..../.rT..|
0000F530  A5 4F 6E 9B 78 AE CA 02 F6 17 FC 61 4E B6 C2 38  |.On.x......aN..8|
0000F540  BA B1 AD 63 CD 63 F5 63 6D 63 75 63 2D 63 1D EA  |...c.c.cmcuc-c..|
0000F550  6B 9B F5 3C EA EF EB 89 2F E8 DC 5F 72 B9 DC FF  |k..<..../.._r...|
0000F560  1D 3C B6 E5 57 4F 23 F4 B9 92 D5 25 F6 19 08 75  |.<..WO#....%...u|
0000F570  E8 DC DF 97 8C 9E 4C C6 FE B2 5E 13 9F 14 92 CA  |......L...^.....|
0000F580  A5 BF D4 52 E6 9C E5 DC F6 73 BB CE ED 56 7F 1A  |...R.....s...V..|
0000F590  CE ED FA 6C FC 46 26 9E C5 22 93 67 CC F9 8D FE  |...l.F&..".g....|
0000F5A0  EA F6 32 F5 7C E9 EE FA F4 D1 8E D4 91 D8 67 DE  |..2.|.........g.|
0000F5B0  FE 06 B9 7F FB D8 CE B1 76 F5 A7 61 6C E7 67 E3  |........v..al.g.|
0000F5C0  37 32 FB 5B 7D 41 AF F1 F4 1B E0 FE 7F 9E 81 BE  |72.[}A..........|
0000F5D0  5B B8 14 31 98 FB C7 D6 B2 8E 61 F4 7E 99 67 CD  |[..1......a.~.g.|
0000F5E0  21 C7 ED A7 1F 76 BC 8C 8A 0B B4 3A 9F 2D 5A 57  |!....v.....:.-ZW|
0000F5F0  17 C9 FA 53 DA C4 7B 11 B0 61 D6 C7 9E DE C9 F0  |...S..{..a......|
0000F600  EA 87 8A 90 D9 DA 2E 00 EB 83 0F 57 98 7A 3E 65  |...........W.z>e|
0000F610  6B B5 D2 DE 98 6A EA 55 DA DA C1 BA 74 AC B9 39  |k....j.U....t..9|
0000F620  F8 D5 46 8D FB C5 CB 8A FB 11 6A 64 6C A8 0E 95  |..F.......jdl...|
0000F630  5C 64 66 A3 26 E6 B3 81 0C EC 3A 01 CB 9F CD 90  |\df.&.....:.....|
0000F640  B0 4C D0 CF 86 39 31 C4 81 31 A8 44 10 C6 73 52  |.L...91..1.D..sR|
0000F650  87 72 BF 64 C1 6F B5 6C BB C6 FD DF B9 0C EE 27  |.r.d.o.l.......'|
0000F660  ED BF 77 E2 E3 FF E9 02 EE 07 7C 42 DC EF 61 DC  |..w.......|B..a.|
0000F670  AC 18 96 FC AC 04 C6 A0 F4 EE 2F 82 11 00 16 C0  |........../.....|
0000F680  42 BD CE E7 11 E3 75 3E 65 58 D3 61 92 FB 07 9C  |B.....u>eX.a....|
0000F690  6F 78 BE E1 9C AC F1 EC 48 C6 3A 49 87 57 2F 58  |ox......H.:I.W/X|
0000F6A0  79 12 DA 8C 76 A1 5C 62 5C 82 C8 BA 05 49 64 41  |y...v.\b\....IdA|
0000F6B0  CC 8D 2A A8 EB 6E EA F9 26 9A 71 51 67 2A DE 9C  |..*..n..&.qQg*..|
0000F6C0  DE BA 07 AC 6B D1 88 AF 82 B7 E0 B7 BA 4B 8F FB  |....k........K..|
0000F6D0  BF 07 71 FF DF 98 FB 03 11 51 70 0B 41 D6 0F 46  |..q......Qp.A..F|
0000F6E0  A1 0A EA BA 83 11 00 16 C0 D7 74 EE FF FE 65 70  |..........t...ep|
0000F6F0  FF ED C0 FD C6 23 00 BF C0 8A 95 2C C3 86 FD A3  |.....#.....,....|
0000F700  F1 B0 E0 96 98 50 C4 EF 67 45 C8 01 53 E3 01 6C  |.....P..gE..S..l|
0000F710  08 8C 00 B0 00 EE D0 B9 FF 31 88 FB FF 26 70 B3  |.........1...&p.|
0000F720  B2 5F 0A 31 EC 9D 4C 80 15 C5 88 DB 2D 80 4D 68  |._.1..L.....-.Mh|
0000F730  F3 80 00 18 01 60 01 BC 8B 9C E4 FD D4 65 70 FF  |.....`.......ep.|
0000F740  1D F8 E5 2D CC FD 09 07 70 FF F4 10 F1 30 82 4B  |...-....p....0.K|
0000F750  A8 84 30 9F 5A A8 CB 0F 46 00 58 00 B7 EA 71 FF  |..0.Z...F.X...q.|
0000F760  8F 2F 83 FB 8B 21 EE 37 FE C4 AF E7 7C 22 A2 50  |./...!.7....|".P|
0000F770  CE C9 21 C1 C3 7A C0 28 74 79 00 E4 FB 01 96 C0  |..!..z.(ty......|
0000F780  1A 7D 56 FB 82 85 C6 8E 2B 5C 5A F5 6D 84 3E FA  |.}V.....+\Z.m.>.|
0000F790  A8 6E AD 80 7B BB 64 B4 66 BF 33 71 EA 8C 63 91  |.n..{.d.f.3q..c.|
0000F7A0  AD F8 0A AD B7 EB D9 64 B4 1D D7 F7 47 77 AB 9F  |.......d....Gw..|
0000F7B0  99 64 74 3F AE F7 8F 1E 22 C3 7B FB C8 38 97 AE  |.dt?....".{..8..|
0000F7C0  64 94 BA 1A A0 52 36 7C 2A C1 33 3E 56 66 BD A3  |d....R6|*.3>Vf..|
0000F7D0  AD 01 79 B4 D5 C7 84 7C E0 87 14 79 80 CF DC 7C  |..y....|...y...||
0000F7E0  BF F2 4C 7B AA 36 AE 6C E9 C4 AF EB 6B C1 C0 56  |..L{.6.l....k..V|
0000F7F0  5C F3 B0 15 EB 7C 3A 0A B4 F7 EB 17 1A 3F 16 E7  |\....|:......?..|
0000F800  7C EA 97 D8 50 03 E2 2F D2 DB D5 44 94 7C 8E 27  ||...P../...D.|.'|
0000F810  A3 07 61 ED 27 E1 92 23 A1 95 11 0E CA 3A 29 F6  |..a.'..#.....:).|
0000F820  80 95 60 04 FA AE 7A 0B 7E AB 3C BD BE FF 7B 57  |..`...z.~.<...{W|
0000F830  1B 3F 96 E8 78 0E E0 4F 8F A8 0F 0F 73 D0 2F 9D  |.?..x..O....s./.|
0000F840  DF CE 9B D4 F1 DC 96 8C 1D 20 8A 6E BB C9 04 97  |......... .n....|
0000F850  16 6D 86 17 ED 5E C0 85 82 A3 71 99 15 DD 1C 13  |.m...^....q.....|
0000F860  D2 AA 3D 39 AC E7 19 8E 88 02 94 7F 50 E2 01 26  |..=9........P..&|
0000F870  EB 78 1E E8 18 3F 5E A7 6C E9 CF 74 37 80 75 AD  |.x...?^.l..t7.u.|
0000F880  89 60 C8 8A 71 BF EB 0A 6D AF F7 51 03 DC 9F BE  |.`..q...m..Q....|
0000F890  81 CC 6E D1 B4 DC 9A 71 CE 68 B9 9B 9B B9 1C AD  |..n....q.h......|
0000F8A0  2E 59 BD 60 A5 9D 5F A9 71 FF BE 64 EC 68 32 4A  |.Y.`.._.q..d.h2J|
0000F8B0  74 3C 63 9B 19 2F 38 80 E6 05 5C 88 F1 73 5E 4E  |t<c../8...\..s^N|
0000F8C0  F4 84 18 2E 22 4B 41 8E 81 7D 5F BA 3C C0 64 4D  |...."KA..}_.<.dM|
0000F8D0  87 4C 43 54 E9 EA 62 32 9D 75 60 5B AB C2 2F 94  |.LCT..b2.u`[../.|
0000F8E0  5B F0 5B BD 53 A0 71 FF F7 0D 70 7F C1 8C 0B B8  |[.[.S.q...p.....|
0000F8F0  DF 87 1E D3 B8 BF C0 C6 07 35 EE DF 84 03 FD 68  |.........5.....h|
0000F900  3F 89 FB 37 A8 77 00 46 86 C0 F6 A2 DC EF 02 AB  |?..7.w.F........|
0000F910  D0 C5 FD E6 2E 78 7A B0 2F 75 E4 B9 54 5F 42 49  |.....xz./u..T_BI|
0000F920  34 32 E9 C1 8E 89 13 F5 60 64 8B 41 E4 AC 98 F3  |42......`d.A....|
0000F930  79 59 E7 FE 1F 18 E0 FE 81 59 1A F7 E7 63 EE 5F  |yY.......Y...c._|
0000F940  82 B9 9F 77 B9 DD 1A F7 7B 6D 67 27 B9 7F 27 11  |...w....{mg'..'.|
0000F950  72 C3 13 BB 18 D0 AB BC 90 FB 57 49 B2 1F AA 7C  |r.........WI...||
0000F960  E8 E3 FE 55 A6 9E 4F A9 D9 97 6A 19 D2 C6 75 61  |...U..O...j...ua|
0000F970  EE 07 0B 5B 90 FB 23 56 EC E9 F8 D9 06 2D DF FF  |...[..#V.....-..|
0000F980  98 E1 7C 7F 95 6F 01 E6 FE F7 F1 E7 F7 D4 1B C0  |..|..o..........|
0000F990  BD F6 70 3E 9A CC F7 47 F7 12 F5 E6 6A 32 B0 71  |..p>...G....j2.q|
0000F9A0  4F 32 D6 06 1E 80 11 60 2B 71 4B EF 3A 11 76 7B  |O2.....`+qK.:.v{|
0000F9B0  E9 F5 00 73 B9 7F 57 2C D5 D4 9B 8A 37 4F 6C DC  |...s..W,....7Ol.|
0000F9C0  34 7E 7C 93 D2 BD 01 6C 6C 35 F0 95 56 8C 7D BF  |4~|....ll5..V.}.|
0000F9D0  A2 D7 F7 3F 7E 59 7B BD F8 81 01 BF 64 B2 7F F5  |...?~Y{.....d...|
0000F9E0  08 7E 81 FA FE 4F 06 EB 67 58 DE 5F 01 F3 7A E9  |.~...O..gX._..z.|
0000F9F0  F5 00 1E 14 9C 00 56 C0 57 75 EE 5F 73 19 DC BF  |......V.Wu._s...|
0000FA00  00 BF DC 84 8F F7 64 6B 3C 1F 00 EE BF 34 DC FE  |......dk<....4..|
0000FA10  88 8B 61 FD AB D8 8A 10 23 73 AC A7 02 4C 42 9B  |..a.....#s...LB.|
0000FA20  07 B0 90 FF 04 58 01 77 56 DB 4A F0 7B 13 B2 4D  |.....X.wV.J.{..M|
0000FA30  FB 98 12 AD CE A7 E0 4A F4 D1 47 0D 8B 10 6A 40  |.......J..G...j@|
0000FA40  5F 2C A9 2C EA B7 8D 9D FE 91 7A 92 E5 85 B8 B7  |_,.,......z.....|
0000FA50  AB D4 9D DA 71 78 7C F0 00 58 F8 E3 28 75 33 61  |....qx|..X..(u3a|
0000FA60  C9 57 01 E2 FD D4 42 5D 7E 93 3D 6A 7C A0 15 AE  |.W....B]~.=j|...|
0000FA70  34 80 71 EE B7 21 C2 FD CD 06 B8 FF CF 5F D6 B8  |4.q..!......._..|
0000FA80  7F CE C7 B8 BF DE 26 CD 78 78 86 CA FD 64 66 63  |......&.xx...dfc|
0000FA90  6A EF BE D4 B1 D6 D2 64 EC 04 D9 F2 DD 97 8C 6D  |j......d.......m|
0000FAA0  4E 46 8F 83 BD 2B 24 9F C4 B3 01 96 29 C5 6A 6E  |NF...+$.....).jn|
0000FAB0  B2 20 4A 50 FD 44 99 07 94 9A BB EF 87 AF B4 13  |. JP.D..........|
0000FAC0  7B 53 89 A3 A9 38 34 F5 02 0C E0 AD 4D 5A DC BF  |{S...84.....MZ..|
0000FAD0  D3 00 F7 3B 38 54 19 1C 45 8F 6B DC CF DB DF 45  |...;8T..E.k....E|
0000FAE0  5F 2C 2E 9A D5 E3 78 DD CD 3B 10 0A DA 34 4D 87  |_,....x..;...4M.|
0000FAF0  A3 44 CD 21 96 8C AA EC BF 3F DD B5 33 55 3D 00  |.D.!.....?..3U=.|
0000FB00  E6 46 E5 42 28 C4 F9 19 9F E4 82 99 8D 74 C2 67  |.F.B(........t.g|
0000FB10  F2 CA 93 4B AB 3F 13 6B 55 AA 7B 32 D5 10 5E 01  |...K.?.kU.{2..^.|
0000FB20  A6 0B DB 16 8D FB 8B 6C D3 E7 FE 3F 15 90 B8 FF  |.......l...?....|
0000FB30  21 5C DF DF C1 54 DB 0B 51 89 7A 8E 9D B6 9F B9  |!\...T..Q.z.....|
0000FB40  3B F3 67 E9 B3 DA D5 38 44 D9 BC 6B 7C 20 9E 6A  |;.g....8D..k| .j|
0000FB50  DE A5 EB 3B E0 72 FF 3D E4 86 D0 97 8C 26 28 7D  |...;.r.=.....&(}|
0000FB60  0A 08 45 56 49 22 13 62 03 A1 88 E8 65 5C FE 08  |..EVI".b....e\..|
0000FB70  B7 4A 10 BD 10 FB 53 E4 01 21 73 EB FB A7 5E 69  |.J....S..!s...^i|
0000FB80  99 AD 3B D2 23 43 60 63 C0 74 B0 BC 56 E3 FE AB  |..;.#C`c.t..V...|
0000FB90  0D 70 FF B7 EF 56 8F 7B AC 2A FF 2A 1C F7 33 BC  |.p...V.{.*.*..3.|
0000FBA0  CE FD 7B 6D BF 7C A1 C7 5E A3 73 BF B2 7E AF B2  |..{m.|..^.s..~..|
0000FBB0  69 5B 7A CB F0 F8 09 95 EC 3B 08 F1 8F 90 57 BA  |i[z......;....W.|
0000FBC0  23 93 32 4E 12 5D 11 1F C3 57 44 44 0F 2B 30 01  |#.2N.]...WDD.+0.|
0000FBD0  29 2C 41 D3 1B 65 1E 60 EA F9 F4 2B 6D 73 42 BD  |),A..e.`...+msB.|
0000FBE0  D2 52 87 4F 66 4E C2 E4 46 C0 B4 E0 D2 F7 7A 17  |.R.OfN..F.....z.|
0000FBF0  19 E0 FE 5D 57 61 EE 47 02 8E FB DF 63 7E E8 28  |...]Wa.G....c~.(|
0000FC00  5C C2 96 54 16 1D B6 FD E2 85 F5 0E 01 15 93 BD  |\..T............|
0000FC10  DE 64 F4 24 29 EB DF 0F 26 FE 18 4A DD 4C 88 93  |.d.$)...&..J.L..|
0000FC20  22 50 E6 47 6F DC 6F 32 F7 4F EC 69 52 12 8D 60  |"P.Go.o2.O.iR..`|
0000FC30  57 80 51 54 C7 35 EE 5F 7A 11 EE BF F1 13 6E 07  |W.QT.5._z.....n.|
0000FC40  6F BE ED 44 4C FB 0C 01 D7 F9 14 CE E5 ED 33 D0  |o..DL.........3.|
0000FC50  F5 0C 7A 6A 91 3D 64 F7 3B A2 D9 B8 7F D3 B6 F1  |..zj.=d.;.......|
0000FC60  C1 03 4A CB 49 E5 50 1C AC 3C E5 5E CB 09 65 82  |..J.I.P..<.^..e.|
0000FC70  E8 85 CE 2E 7A 3D A0 CC 5C 6D 2B ED 4A 1B 1F 38  |....z=..\m+.J..8|
0000FC80  98 39 B6 1F AE 37 8B 3E EB 09 56 D4 33 7B 68 A3  |.9...7.>..V.3{h.|
0000FC90  C6 FD 5F 32 10 F7 BF 7D 93 1D 73 BF 56 E3 99 E3  |.._2...}..s.V...|
0000FCA0  FE 76 DB AA F5 DD 4E 67 96 FB 07 63 4A FF CE D4  |.v....Ng...cJ...|
0000FCB0  BA 06 A5 B3 1B D6 7E 12 DE 08 2B 7A 2B 79 29 C2  |......~...+z+y).|
0000FCC0  70 E5 9C EC 95 59 11 AB 78 B2 92 8B 95 E0 7E 40  |p....Y..x.....~@|
0000FCD0  87 07 54 9A BB D7 AB 1C 1F C9 5D 69 A9 FE 66 E5  |..T.......]i..f.|
0000FCE0  D0 0E B0 B1 D5 50 21 AF B2 E0 B7 BA 57 AF F1 FC  |.....P!.....W...|
0000FCF0  72 DE F4 B9 FF D7 CD 08 05 47 D1 62 CC FD 63 65  |r........G.b..ce|
0000FD00  BC FD 66 D4 B8 A2 B2 E8 4E 87 7F F4 61 C7 6C B4  |..f.....N...a.l.|
0000FD10  B7 40 CB F9 74 60 FD 36 FC 16 ED 04 ED E6 1C 70  |.@..t`.6.......p|
0000FD20  5F AF 00 82 0E 34 7B 80 60 EE DC AE 4C 7C 58 69  |_....4{.`...L|Xi|
0000FD30  69 03 BB 02 8C E2 16 A4 71 FF D7 0C 70 7F F9 15  |i.......q...p...|
0000FD40  A4 CE 47 28 56 B9 FF F5 85 08 CD 42 CB 78 84 F6  |..G(V......B.x..|
0000FD50  D8 DE B2 BD 6C 17 10 AF 73 FF 89 64 AC 3E 19 DB  |....l...s..d.>..|
0000FD60  02 BC FF 31 84 B8 20 CB B3 22 68 3A D0 EC 01 60  |...1.. .."h:...`|
0000FD70  04 80 05 B0 49 CF F9 70 06 B8 3F B8 DE BE A6 6D  |....I..p..?....m|
0000FD80  83 6D DE 7C 9C F3 F9 7A C2 71 C3 92 A7 96 CF 2A  |.m.|...z.q.....*|
0000FD90  DA 6E 0B 38 F8 BC 00 E2 AF 38 2F EE 8F ED 53 DF  |.n.8.....8/...S.|
0000FDA0  8E 91 FA 4E A8 F0 D7 F4 7C 04 26 C4 46 3C 02 84  |...N....|.&.F<..|
0000FDB0  FF 34 7A 80 C9 7A 3E 4A 5D 3C 33 3C 3C D1 3C 82  |.4z..z>J]<3<<.<.|
0000FDC0  F3 FD D5 3D 60 60 C0 74 9F 18 9F D1 B8 5F 32 C0  |...=``.t....._2.|
0000FDD0  FD AD D7 90 79 BD DB 30 F7 FF EE ED 17 9C EF FD  |....y..0........|
0000FDE0  CB 8B 2A 87 0D D8 FE 93 5D ED C8 43 BC 56 E7 83  |..*.....]..C.V..|
0000FDF0  83 FE 67 71 5D 67 B4 8F 4C EC 82 82 1F ED BE C9  |..gq]g..L.......|
0000FE00  FA F8 30 EB 93 64 26 CC 86 78 1F 27 86 99 52 18  |..0..d&..x.'..R.|
0000FE10  D7 4B 99 07 98 CB FD ED 8D E3 27 AA 94 E3 47 52  |.K........'...GR|
0000FE20  BB E3 CA 86 56 30 30 60 9A F8 7D 8D C6 FD AF 1B  |....V00`..}.....|
0000FE30  E0 FE E2 AB ED 6B 82 A3 68 1E AE F1 1C D3 E2 FE  |.....k..h.......|
0000FE40  15 73 67 6D B3 BD C6 CE C8 E7 CE 8B FB 63 0D 78  |.sgm.........c.x|
0000FE50  44 3B 30 FF 94 B8 9F 17 FC EA 2B 04 FE 94 42 5D  |D;0.......+...B]|
0000FE60  7E 73 B9 BF BA 67 A2 65 BD 32 BC 4D 19 D8 84 C7  |~s...g.e.2.M....|
0000FE70  B5 43 BD 27 60 7A F8 D3 66 8D FB 8B F3 2F E4 FE  |.C.'`z..f..../..|
0000FE80  55 F3 2F 7E CC D0 3C 12 F7 2F C1 7B BD 67 73 F9  |U./~..<../.{.gs.|
0000FE90  FE 2E DB 2F 58 37 EE EB 9D A7 71 BF A6 DF BF 01  |.../X7....q.....|
0000FEA0  B7 F0 02 FB E7 C0 85 C2 9C 97 C7 E4 1F E6 78 99  |..............x.|
0000FEB0  85 5D 5F 1A 3D C0 5C EE 1F EE 9F 38 51 AF AC 4F  |.]_.=.\....8Q..O|
0000FEC0  A4 6B 0F A4 F7 83 A4 0F 60 BA 18 D7 73 3E B7 E5  |.k......`...s>..|
0000FED0  7F 7A DC 7F 70 CA E7 C2 A5 E8 5F 71 DC FF AA E7  |.z..p....._q....|
0000FEE0  46 47 47 73 DC 85 D0 17 ED 61 7B DC 56 90 DB EB  |FGGs.....a{.V...|
0000FEF0  ED 4F C6 E2 C9 58 6D 32 06 3D E6 53 10 AA F0 88  |.O...Xm2.=.S....|
0000FF00  5C 05 30 3E D5 1E 60 EA F9 52 51 35 D6 87 6B 0C  |\.0>..`..RQ5..k.|
0000FF10  60 18 1F EA 71 FF 8C 99 D3 CF F9 EC 7D D5 81 EB  |`...q.......}...|
0000FF20  FB 6F C1 75 3E 67 EF E5 ED FF D0 FC 44 F1 CC A2  |.o.u>g......D...|
0000FF30  E3 B6 B7 D8 52 FB AC F3 73 3E F1 64 B4 0B 97 FB  |....R...s>.d....|
0000FF40  E0 4A 4F 88 FD 71 CE C7 13 E1 59 C1 0F 95 3E 94  |.JO..q....Y...>.|
0000FF50  42 5D 7E 53 CF 97 D9 7C 38 73 6C 7F FA C4 D1 F1  |B]~S...|8sl.....|
0000FF60  C1 ED 60 5D C0 F4 B1 42 AF EF 9F 67 80 FB EF C8  |..`]...B...g....|
0000FF70  73 CC 6D DB 60 BB 65 31 A9 F3 E1 ED 37 9C 7D 6A  |s.m.`.e1....7.}j|
0000FF80  C5 EC A2 3E BB 7C CA 6B CF 43 C5 1F E7 FE 1A 92  |...>.|.k.C......|
0000FF90  FA 01 D6 9F E4 7E 91 0D 85 64 88 FC 69 85 18 32  |.....~...d..i..2|
0000FFA0  77 76 4B 2E DF AF 49 79 82 81 01 D3 C4 7D BA A6  |wvK...Iy.....}..|
0000FFB0  C3 02 03 DC FF 43 0F AA 2C 5C 8A 1E 9D C2 FD 25  |.....C..,\.....%|
0000FFC0  45 73 77 D9 CE 3D 3D E1 88 9F DF DB 35 92 D5 EF  |Esw..==.....5...|
0000FFD0  EC 81 4A 7F 8D FB C3 2C BB 4A 8A 40 A6 9F 52 A8  |..J....,.J.@..R.|
0000FFE0  CB 6F 2E F7 B7 37 AA 11 7F AA 69 23 98 16 60 08  |.o...7....i#..`.|
0000FFF0  F7 EB F5 FD 1F 5E 79 21 F7 DF BD E0 E2 C7 2C FF  |.....^y!......,.|
00010000  7A 1E 7A E0 D0 CC 27 16 4F 6A 3A 14 A3 A7 E6 D8  |z.z...'.Oj:.....|
00010010  43 9E B3 F9 79 BA A6 C3 F8 40 4D EA 58 3F 7E 1D  |C...y....@M.X?~.|
00010020  E8 9D 68 D9 A0 B4 EC 06 5B 63 84 78 56 F4 F2 AC  |..h.....[c.xV...|
00010030  C0 04 25 39 0C F4 4F A5 07 98 DB DB 35 F5 4A 03  |..%9..O.....5.J.|
00010040  EB 5A 13 BC CC 5B F0 5B F5 E9 3A 9E DE 42 9B A1  |.Z...[.[..:..B..|
00010050  E3 0A 97 56 7D 73 81 CA FD 7B 3C C7 1C 1D 9D 71  |...V}s...{<....q|
00010060  17 AA BA D1 7E 9F E7 47 CE D9 E8 AC 5E DF DF 4E  |....~..G....^..N|
00010070  34 FB 5B C9 6B 1F A3 CF 72 89 F6 26 63 D5 64 8C  |4.[.k...r..&c.d.|
00010080  17 A5 BB 53 01 CE EF 92 22 B2 C8 31 E5 82 3B 2C  |...S...."..1..;,|
00010090  C9 B0 ED 4B A1 07 98 1B F7 77 EC 55 12 8D A9 D6  |...K.....w.U....|
000100A0  03 90 F3 01 18 82 5D 9F DD 52 66 80 FB FF 60 23  |......]..Rf...`#|
000100B0  DC 7F 27 8E FB 1B AF C1 B3 D9 97 AB A1 4C 8B ED  |..'..........L..|
000100C0  17 6C 41 9E 2F CB FD D9 9C 4F 7F 32 D6 8D F9 3F  |.lA./....O.2...?|
000100D0  3A 02 C6 46 24 E7 13 E2 D5 90 9F 85 BD 5E 6A E3  |:..F$........^j.|
000100E0  7E 98 D5 0E B0 04 74 EE 0F 18 E0 FE C2 A5 44 BF  |~.....t.......D.|
000100F0  DF 86 E3 FE C2 7B 13 8E 7F 60 9E 58 81 66 75 DB  |.....{...`.X.fu.|
00010100  C6 5E 3C ED CC CF D5 78 EA DC 7F 0C CF 6D 8C 81  |.^<....x.....m..|
00010110  AE EC 14 EE 67 3D 1E 60 7E 7A B9 DF 63 6E 8D E7  |....g=.`~z..cn..|
00010120  44 F3 88 1A F7 67 EA F6 2A C3 FD 60 5D C0 F4 F1  |D....g..*..`]...|
00010130  90 DE D7 2B 1A E0 FE C7 17 12 FE 5F 89 B9 FF 6D  |...+......._...m|
00010140  A6 9A CC 6E 41 73 0E DA 7E CE BE 6C 2B D2 F7 7A  |...nAs..~..l+..z|
00010150  33 8D DB 95 C3 87 B5 B9 5D 60 E5 49 44 FC 21 56  |3.......]`.ID.!V|
00010160  CC 4D ED 82 7C 0F 95 1E 60 EA F9 F4 2B 8D CC ED  |.M..|...`...+...|
00010170  02 EB 02 A6 8F FF D5 6B 3C 83 06 B8 3F 55 8A DC  |.......k<...?U..|
00010180  6A DC 7F 1D D1 72 C3 1A CE 6F 3D 5B 32 AB 68 AF  |j....r...o=[2.h.|
00010190  DD E7 79 D8 B9 21 57 E7 D3 9F 8C ED 4E C6 EA 92  |..y..!W.....N...|
000101A0  B1 26 E6 3C 61 37 DC F3 55 97 8C 76 D2 F9 C4 CF  |.&.<a7..U..v....|
000101B0  BA 58 17 93 95 74 F3 44 5C 70 0B A0 EC C9 8F 37  |.X...t.D\p.....7|
000101C0  37 EE CF 8C EC 4B D5 B6 82 96 1B C0 28 DE D1 FB  |7....K......(...|
000101D0  7A C3 F3 A7 CF FD F7 B2 A4 C6 B3 90 D4 F9 DC C6  |z...............|
000101E0  DB 8B 98 48 49 51 ED CD F6 D7 63 4B 9D 2F A2 B3  |...HIQ....cK./..|
000101F0  3A F7 0F 90 44 7F 8B 26 E4 A6 12 7E 15 D9 F5 D5  |:...D..&...~....|
00010200  CA 3E A3 BD E4 DF DB E8 B3 77 99 C4 4B 32 E3 61  |.>.......w..K2.a|
00010210  E5 08 2E F6 5C 5A 29 04 80 F9 29 F3 00 8F B9 9A  |....\Z)...).....|
00010220  0E A9 5D 8D E3 27 5B C0 AE 00 A3 F8 48 EF EB 5D  |..]..'[.....H..]|
00010230  75 11 EE 2F CE BF F0 FF BF 6D 26 42 D1 3C 92 F3  |u../.....m&B.<..|
00010240  29 5E 4C F4 7C 18 87 A6 E7 C3 D8 C3 F6 6A 27 8F  |)^L.|........j'.|
00010250  F6 EA 75 3E DB C9 0E EF 89 64 6C 07 AE EB A1 7C  |..u>.....dl....||
00010260  44 7B 0E 41 4E 0E 71 41 C9 2F 84 20 E5 4F AD 07  |D{.AN.qA./. .O..|
00010270  98 CC FD 5B 52 4D BD A9 BE 0E 35 E8 57 3F 80 81  |...[RM....5.W?..|
00010280  01 D3 C4 1B FA EC 96 0A 03 71 7F F3 18 E1 7E 1E  |.........q....~.|
00010290  73 FF 3D DA DC AE 92 CA A2 51 7B A9 B3 CB 56 7B  |s.=......Q{...V{|
000102A0  5E 9D 4F AC 17 4B 39 C7 AA C0 D2 FA 13 BF 9F 59  |^.O..K9........Y|
000102B0  A5 3E F5 43 99 0F B5 50 97 DF D4 F3 E1 BD DE 81  |.>.C...P........|
000102C0  58 2A BE 39 D5 DB 98 DE BA 27 73 6C 7F 66 78 18  |X*.9.....'sl.fx.|
000102D0  CC 0C F8 74 1E D7 7B BB EE 5E 70 21 F7 7F 78 E5  |...t..{..^p!..x.|
000102E0  C5 8F A9 9A E3 44 6F 6F 75 5E BB 98 CC 6A 47 48  |.....Doou^...jGH|
000102F0  EB ED 5A 68 8F D8 CF D9 5F D2 F3 FD 5A C7 49 BA  |..Zh...._...Z.I.|
00010300  B1 2F 53 73 18 AC 3C 89 5C 6F 97 57 E6 38 D1 CF  |./Ss..<.\o.W.8..|
00010310  8A 1E 26 C4 73 22 1F 61 21 F7 43 8B 07 98 3B AF  |..&.s".a!.C...;.|
00010320  57 BF D2 4E 8C 28 AD 09 B8 DE AC 09 3E E2 B2 E0  |W..N.(......>...|
00010330  B7 FA A3 9E F3 99 5F A4 71 FF 8D 45 08 05 E6 5F  |......_.q..E..._|
00010340  FA 98 F0 D7 48 DC 5F 70 07 CE F7 F3 BC 7D 09 53  |....H._p.....}.S|
00010350  17 AC AC DD 6A 5F E9 2D C8 9F 91 EB ED 5A 97 8C  |....j_.-.....Z..|
00010360  76 27 63 7D 58 C0 39 DA A9 3E 00 EC 21 DA 3E 9D  |v'c}X.9..>..!.>.|
00010370  58 D6 99 E2 AA 4F 37 2F A8 E4 2F AB E4 1F 11 85  |X....O7/../.....|
00010380  30 E7 01 C6 A7 8E FB DD 11 53 CF 97 1A 58 8F E5  |0........S...X..|
00010390  DC D6 81 6C 3F C0 18 6E D7 73 3E CC 42 A3 7D BD  |...l?..n.s>.B.}.|
000103A0  E8 71 44 FA 7A 6F 74 74 BC 85 35 9C 6F B0 AF 8C  |.qD.zott..5.o...|
000103B0  FE D6 36 7B EA DC AE A1 64 F4 38 43 04 FC 0F 92  |..6{....d.8C....|
000103C0  2D DF 7D 20 E8 1C E4 E4 30 CF 78 FD D0 D1 4B AF  |-.} ....0.x...K.|
000103D0  07 78 C1 08 00 0B E0 CF 7A DC 7F B3 71 EE 47 98  |.x......z...q.G.|
000103E0  FB 7F AF CD 6E 09 22 F4 25 F4 9B 17 14 FB 9C A9  |....n.".%.......|
000103F0  FA FD BB 49 AE 1F 67 FD 5B B2 62 CE 07 A9 7F E2  |...I..g.[.b.....|
00010400  67 79 99 F1 F1 92 47 96 22 C0 FE 54 7A 00 CC E8  |gy....G."..Tz...|
00010410  04 58 01 4E BD AF 77 99 01 EE 5F F0 1A 9A B9 FC  |.X.N..w..._.....|
00010420  31 F4 04 CA D6 F7 A3 C6 92 A2 B9 47 6D 3E EE 21  |1..........Gm>.!|
00010430  67 D9 79 F5 FD 43 A4 DA 67 40 FD 0C B6 D6 B9 5F  |g.y..C..g@....._|
00010440  2E 63 79 60 7D 8A 3D A0 0C 8C 00 B0 00 FE 0F 67  |.cy`}.=........g|
00010450  49 2A A2                                         |I*.|
